source_class,file,record_index,targets,special_types,date,city,neighborhood,address,street,rooms,area_sqm,outdoor_area_sqm,floor,total_floors,property_type,deal_type,price,price_per_sqm,parking,storage,description,raw_preview
unknown,C:\Users\AVIV\gaba\gabay_pricing_core\comparable_demo_unit17.json,1,small_area_45_80,,,,,,,3.0,69.0,12.0,4.0,,,,,,,,,"{""unit_number"": ""17"", ""floor"": ""4"", ""rooms"": ""3"", ""internal_area"": ""69"", ""balcony_area"": ""12"", ""orientation"": ""מזרח"", ""unit_type"": ""standard_apartment""}"
unknown,C:\Users\AVIV\gaba\gabay_pricing_core\comparable_demo_unit17.json,8,small_area_45_80,,,,,נחלה 7,,3.0,80.0,,9.0,,standard_apartment,,1680000.0,21000.0,,,,"{""lane"": ""sold"", ""source"": ""govmap_via_nadlan_deals"", ""source_id"": ""11356430310"", ""price"": ""1680000.0"", ""rooms"": ""3.0"", ""area"": ""80.0"", ""floor"": ""9"", ""property_type"": ""standard_apartment"", ""latitude"": ""31.67669796087469"", ""longitude"": ""34.59060699815149"", ""event_date"": ""2026-07-21"", ""address"": ""נחלה 7"", ""distance_m"": ""888.9"", ""area_difference_pct"": ""0.1594"", ""floor_difference"": ""5.0"", ""quality_status"": ""usable"", ""reasons"": ""[]""}"
unknown,C:\Users\AVIV\gaba\gabay_pricing_core\comparable_demo_unit17.json,10,small_area_45_80,,,,,נחלה 7,,3.0,80.0,,9.0,,standard_apartment,,1750000.0,21875.0,,,,"{""lane"": ""sold"", ""source"": ""govmap_via_nadlan_deals"", ""source_id"": ""11349838890"", ""price"": ""1750000.0"", ""rooms"": ""3.0"", ""area"": ""80.0"", ""floor"": ""9"", ""property_type"": ""standard_apartment"", ""latitude"": ""31.67669796087469"", ""longitude"": ""34.59060699815149"", ""event_date"": ""2026-05-06"", ""address"": ""נחלה 7"", ""distance_m"": ""888.9"", ""area_difference_pct"": ""0.1594"", ""floor_difference"": ""5.0"", ""quality_status"": ""usable"", ""reasons"": ""[]""}"
unknown,C:\Users\AVIV\gaba\gabay_pricing_core\comparable_demo_unit17.json,12,small_area_45_80,,,,,נחלה 7,,3.0,80.0,,7.0,,standard_apartment,,1720000.0,21500.0,,,,"{""lane"": ""sold"", ""source"": ""govmap_via_nadlan_deals"", ""source_id"": ""11267742330"", ""price"": ""1720000.0"", ""rooms"": ""3.0"", ""area"": ""80.0"", ""floor"": ""7"", ""property_type"": ""standard_apartment"", ""latitude"": ""31.67669796087469"", ""longitude"": ""34.59060699815149"", ""event_date"": ""2025-06-08"", ""address"": ""נחלה 7"", ""distance_m"": ""888.9"", ""area_difference_pct"": ""0.1594"", ""floor_difference"": ""3.0"", ""quality_status"": ""usable"", ""reasons"": ""[]""}"
unknown,C:\Users\AVIV\gaba\gabay_pricing_core\comparable_demo_unit17.json,14,small_area_45_80,,,,,נחלה 7,,3.0,80.0,,12.0,,standard_apartment,,1826000.0,22825.0,,,,"{""lane"": ""sold"", ""source"": ""govmap_via_nadlan_deals"", ""source_id"": ""11263118670"", ""price"": ""1826000.0"", ""rooms"": ""3.0"", ""area"": ""80.0"", ""floor"": ""12"", ""property_type"": ""standard_apartment"", ""latitude"": ""31.67669796087469"", ""longitude"": ""34.59060699815149"", ""event_date"": ""2025-04-24"", ""address"": ""נחלה 7"", ""distance_m"": ""888.9"", ""area_difference_pct"": ""0.1594"", ""floor_difference"": ""8.0"", ""quality_status"": ""usable"", ""reasons"": ""[]""}"
unknown,C:\Users\AVIV\gaba\gabay_pricing_core\comparable_demo_unit17.json,15,small_area_45_80,,,,,נחלה 7,,3.0,80.0,,4.0,,standard_apartment,,1755000.0,21937.5,,,,"{""lane"": ""sold"", ""source"": ""govmap_via_nadlan_deals"", ""source_id"": ""11260093590"", ""price"": ""1755000.0"", ""rooms"": ""3.0"", ""area"": ""80.0"", ""floor"": ""4"", ""property_type"": ""standard_apartment"", ""latitude"": ""31.67669796087469"", ""longitude"": ""34.59060699815149"", ""event_date"": ""2025-03-25"", ""address"": ""נחלה 7"", ""distance_m"": ""888.9"", ""area_difference_pct"": ""0.1594"", ""floor_difference"": ""0.0"", ""quality_status"": ""usable"", ""reasons"": ""[]""}"
unknown,C:\Users\AVIV\gaba\gabay_pricing_core\comparable_demo_unit17.json,17,small_area_45_80,,,,,נחלה 7,,3.0,80.0,,2.0,,standard_apartment,,1700000.0,21250.0,,,,"{""lane"": ""sold"", ""source"": ""govmap_via_nadlan_deals"", ""source_id"": ""11252756430"", ""price"": ""1700000.0"", ""rooms"": ""3.0"", ""area"": ""80.0"", ""floor"": ""2"", ""property_type"": ""standard_apartment"", ""latitude"": ""31.67669796087469"", ""longitude"": ""34.59060699815149"", ""event_date"": ""2025-01-09"", ""address"": ""נחלה 7"", ""distance_m"": ""888.9"", ""area_difference_pct"": ""0.1594"", ""floor_difference"": ""2.0"", ""quality_status"": ""usable"", ""reasons"": ""[]""}"
unknown,C:\Users\AVIV\gaba\gabay_pricing_core\comparable_demo_unit17.json,18,small_area_45_80,,,,,נחלה 7,,3.0,80.0,,7.0,,standard_apartment,,1760000.0,22000.0,,,,"{""lane"": ""sold"", ""source"": ""govmap_via_nadlan_deals"", ""source_id"": ""11252073240"", ""price"": ""1760000.0"", ""rooms"": ""3.0"", ""area"": ""80.0"", ""floor"": ""7"", ""property_type"": ""standard_apartment"", ""latitude"": ""31.67669796087469"", ""longitude"": ""34.59060699815149"", ""event_date"": ""2024-12-19"", ""address"": ""נחלה 7"", ""distance_m"": ""888.9"", ""area_difference_pct"": ""0.1594"", ""floor_difference"": ""3.0"", ""quality_status"": ""usable"", ""reasons"": ""[]""}"
unknown,C:\Users\AVIV\gaba\gabay_pricing_core\comparable_demo_unit17.json,19,small_area_45_80,,,,,נחלה 7,,3.0,80.0,,4.0,,standard_apartment,,1745000.0,21812.5,,,,"{""lane"": ""sold"", ""source"": ""govmap_via_nadlan_deals"", ""source_id"": ""11186402940"", ""price"": ""1745000.0"", ""rooms"": ""3.0"", ""area"": ""80.0"", ""floor"": ""4"", ""property_type"": ""standard_apartment"", ""latitude"": ""31.67669796087469"", ""longitude"": ""34.59060699815149"", ""event_date"": ""2024-11-24"", ""address"": ""נחלה 7"", ""distance_m"": ""888.9"", ""area_difference_pct"": ""0.1594"", ""floor_difference"": ""0.0"", ""quality_status"": ""usable"", ""reasons"": ""[]""}"
unknown,C:\Users\AVIV\gaba\gabay_pricing_core\comparable_demo_unit17.json,20,small_area_45_80,,,,,נחלה 7,,3.0,80.0,,8.0,,standard_apartment,,1740000.0,21750.0,,,,"{""lane"": ""sold"", ""source"": ""govmap_via_nadlan_deals"", ""source_id"": ""11189999610"", ""price"": ""1740000.0"", ""rooms"": ""3.0"", ""area"": ""80.0"", ""floor"": ""8"", ""property_type"": ""standard_apartment"", ""latitude"": ""31.67669796087469"", ""longitude"": ""34.59060699815149"", ""event_date"": ""2024-11-16"", ""address"": ""נחלה 7"", ""distance_m"": ""888.9"", ""area_difference_pct"": ""0.1594"", ""floor_difference"": ""4.0"", ""quality_status"": ""usable"", ""reasons"": ""[]""}"
unknown,C:\Users\AVIV\gaba\gabay_pricing_core\comparable_demo_unit17.json,22,small_area_45_80,,,,,נחלה 16,,3.0,77.0,,3.0,,standard_apartment,,843000.0,10948.051948051949,,,,"{""lane"": ""sold"", ""source"": ""govmap_via_nadlan_deals"", ""source_id"": ""10980897300"", ""price"": ""843000.0"", ""rooms"": ""3.0"", ""area"": ""77.0"", ""floor"": ""3"", ""property_type"": ""standard_apartment"", ""latitude"": ""31.67631358193458"", ""longitude"": ""34.591604042256755"", ""event_date"": ""2022-01-09"", ""address"": ""נחלה 16"", ""distance_m"": ""903.0"", ""area_difference_pct"": ""0.1159"", ""floor_difference"": ""1.0"", ""quality_status"": ""usable"", ""reasons"": ""[]""}"
unknown,C:\Users\AVIV\gaba\gabay_pricing_core\comparable_demo_unit17.json,24,small_area_45_80,,,,,נחלה 16,,3.0,77.0,,8.0,,standard_apartment,,846000.0,10987.012987012988,,,,"{""lane"": ""sold"", ""source"": ""govmap_via_nadlan_deals"", ""source_id"": ""10913306940"", ""price"": ""846000.0"", ""rooms"": ""3.0"", ""area"": ""77.0"", ""floor"": ""8"", ""property_type"": ""standard_apartment"", ""latitude"": ""31.67631358193458"", ""longitude"": ""34.591604042256755"", ""event_date"": ""2021-09-14"", ""address"": ""נחלה 16"", ""distance_m"": ""903.0"", ""area_difference_pct"": ""0.1159"", ""floor_difference"": ""4.0"", ""quality_status"": ""usable"", ""reasons"": ""[]""}"
unknown,C:\Users\AVIV\gaba\gabay_pricing_core\comparable_demo_unit17.json,25,small_area_45_80,,,,,נחלה 16,,3.0,77.0,,9.0,,standard_apartment,,838000.0,10883.116883116883,,,,"{""lane"": ""sold"", ""source"": ""govmap_via_nadlan_deals"", ""source_id"": ""10913197050"", ""price"": ""838000.0"", ""rooms"": ""3.0"", ""area"": ""77.0"", ""floor"": ""9"", ""property_type"": ""standard_apartment"", ""latitude"": ""31.67631358193458"", ""longitude"": ""34.591604042256755"", ""event_date"": ""2021-09-12"", ""address"": ""נחלה 16"", ""distance_m"": ""903.0"", ""area_difference_pct"": ""0.1159"", ""floor_difference"": ""5.0"", ""quality_status"": ""usable"", ""reasons"": ""[]""}"
unknown,C:\Users\AVIV\gaba\gabay_pricing_core\comparable_demo_unit17.json,50,small_area_45_80,,,,כוכב הצפון,"הרב כהנא 8, אשקלון",,3.0,70.0,,3.0,,standard_apartment,,1099999.0,15714.271428571428,,,,"{""lane"": ""current_asking"", ""source"": ""madlan_listing"", ""source_id"": ""OCPLtoxK4L1"", ""source_url"": ""https://www.madlan.co.il/listings/OCPLtoxK4L1"", ""price"": ""1099999.0"", ""rooms"": ""3.0"", ""area"": ""70.0"", ""floor"": ""3"", ""property_type"": ""standard_apartment"", ""latitude"": ""31.670236732914102"", ""longitude"": ""34.588981618462924"", ""event_date"": ""2026-08-01"", ""neighborhood"": ""כוכב הצפון"", ""address"": ""הרב כהנא 8, אשקלון"", ""distance_m"": ""1619.9"", ""area_difference_pct"": ""0.0145"", ""floor_difference"": ""1.0"", ""quality_status"": ""usable"", ""reasons"": ""[]""}"
unknown,C:\Users\AVIV\gaba\gabay_pricing_core\comparable_demo_unit17.json,51,small_area_45_80,,,,גני ברנע,"מונטיפיורי 18, אשקלון",,3.0,70.0,,4.0,,standard_apartment,,1100000.0,15714.285714285714,,,,"{""lane"": ""current_asking"", ""source"": ""madlan_listing"", ""source_id"": ""CqokJD8JOmq"", ""source_url"": ""https://www.madlan.co.il/listings/CqokJD8JOmq"", ""price"": ""1100000.0"", ""rooms"": ""3.0"", ""area"": ""70.0"", ""floor"": ""4"", ""property_type"": ""standard_apartment"", ""latitude"": ""31.680894475"", ""longitude"": ""34.576972350000005"", ""event_date"": ""2026-05-21"", ""neighborhood"": ""גני ברנע"", ""address"": ""מונטיפיורי 18, אשקלון"", ""distance_m"": ""1634.6"", ""area_difference_pct"": ""0.0145"", ""floor_difference"": ""0.0"", ""quality_status"": ""usable"", ""reasons"": ""[]""}"
unknown,C:\Users\AVIV\gaba\gabay_pricing_core\comparable_demo_unit17.json,52,small_area_45_80,,,,גני ברנע,"מעלות אשר 25, אשקלון",,3.0,80.0,,7.0,,standard_apartment,,1630000.0,20375.0,,,,"{""lane"": ""current_asking"", ""source"": ""madlan_listing"", ""source_id"": ""Cbj8cwS0wQr"", ""source_url"": ""https://www.madlan.co.il/listings/Cbj8cwS0wQr"", ""price"": ""1630000.0"", ""rooms"": ""3.0"", ""area"": ""80.0"", ""floor"": ""7"", ""property_type"": ""standard_apartment"", ""latitude"": ""31.6775469"", ""longitude"": ""34.5770431"", ""event_date"": ""2026-07-08"", ""neighborhood"": ""גני ברנע"", ""address"": ""מעלות אשר 25, אשקלון"", ""distance_m"": ""1750.5"", ""area_difference_pct"": ""0.1594"", ""floor_difference"": ""3.0"", ""quality_status"": ""usable"", ""reasons"": ""[]""}"
unknown,C:\Users\AVIV\gaba\gabay_pricing_core\comparable_demo_unit17.json,53,small_area_45_80,,,,נווה הדרים,"העונות 6, אשקלון",,3.0,70.0,,10.0,,standard_apartment,,1350000.0,19285.714285714286,,,,"{""lane"": ""current_asking"", ""source"": ""madlan_listing"", ""source_id"": ""jywNIQMfnAZ"", ""source_url"": ""https://www.madlan.co.il/listings/jywNIQMfnAZ"", ""price"": ""1350000.0"", ""rooms"": ""3.0"", ""area"": ""70.0"", ""floor"": ""10"", ""property_type"": ""standard_apartment"", ""latitude"": ""31.670435300060163"", ""longitude"": ""34.57561875501271"", ""event_date"": ""2026-05-21"", ""neighborhood"": ""נווה הדרים"", ""address"": ""העונות 6, אשקלון"", ""distance_m"": ""2303.9"", ""area_difference_pct"": ""0.0145"", ""floor_difference"": ""6.0"", ""quality_status"": ""usable"", ""reasons"": ""[]""}"
unknown,C:\Users\AVIV\gaba\gabay_pricing_core\comparable_demo_unit17.json,54,small_area_45_80,,,,נווה אילן,"הפלמ""ח 12, אשקלון",,3.0,77.0,,5.0,,standard_apartment,,1320000.0,17142.85714285714,,,,"{""lane"": ""current_asking"", ""source"": ""madlan_listing"", ""source_id"": ""D6vBZcPULJU"", ""source_url"": ""https://www.madlan.co.il/listings/D6vBZcPULJU"", ""price"": ""1320000.0"", ""rooms"": ""3.0"", ""area"": ""77.0"", ""floor"": ""5"", ""property_type"": ""standard_apartment"", ""latitude"": ""31.66399682222222"", ""longitude"": ""34.58370503333333"", ""event_date"": ""2026-08-25"", ""neighborhood"": ""נווה אילן"", ""address"": ""הפלמ\""ח 12, אשקלון"", ""distance_m"": ""2442.8"", ""area_difference_pct"": ""0.1159"", ""floor_difference"": ""1.0"", ""quality_status"": ""usable"", ""reasons"": ""[]""}"
unknown,C:\Users\AVIV\gaba\gabay_pricing_core\comparable_demo_unit17.json,58,small_area_45_80,,,,נאות אשקלון,"האריה 12, אשקלון",,3.0,76.0,,7.0,,standard_apartment,,1100000.0,14473.684210526315,,,,"{""lane"": ""current_asking"", ""source"": ""madlan_listing"", ""source_id"": ""8i58vSWbfsQ"", ""source_url"": ""https://www.madlan.co.il/listings/8i58vSWbfsQ"", ""price"": ""1100000.0"", ""rooms"": ""3.0"", ""area"": ""76.0"", ""floor"": ""7"", ""property_type"": ""standard_apartment"", ""latitude"": ""31.66356125"", ""longitude"": ""34.577382275"", ""event_date"": ""2026-07-07"", ""neighborhood"": ""נאות אשקלון"", ""address"": ""האריה 12, אשקלון"", ""distance_m"": ""2772.9"", ""area_difference_pct"": ""0.1014"", ""floor_difference"": ""3.0"", ""quality_status"": ""usable"", ""reasons"": ""[]""}"
unknown,C:\Users\AVIV\gaba\gabay_pricing_core\comparable_demo_unit17.json,59,small_area_45_80,,,,מרינה,"יפה נוף 42, אשקלון",,3.0,60.0,,4.0,,standard_apartment,,1226000.0,20433.333333333332,,,,"{""lane"": ""current_asking"", ""source"": ""madlan_listing"", ""source_id"": ""lymiohoUUWv"", ""source_url"": ""https://www.madlan.co.il/listings/lymiohoUUWv"", ""price"": ""1226000.0"", ""rooms"": ""3.0"", ""area"": ""60.0"", ""floor"": ""4"", ""property_type"": ""standard_apartment"", ""latitude"": ""31.6835656"", ""longitude"": ""34.5613485"", ""event_date"": ""2026-06-02"", ""neighborhood"": ""מרינה"", ""address"": ""יפה נוף 42, אשקלון"", ""distance_m"": ""3071.5"", ""area_difference_pct"": ""0.1304"", ""floor_difference"": ""0.0"", ""quality_status"": ""usable"", ""reasons"": ""[]""}"
unknown,C:\Users\AVIV\gaba\gabay_pricing_core\comparable_demo_unit17.json,60,small_area_45_80,,,,אפרידר,"השייטת 1, אשקלון",,3.0,70.0,,6.0,,standard_apartment,,1500000.0,21428.571428571428,,,,"{""lane"": ""current_asking"", ""source"": ""madlan_listing"", ""source_id"": ""KFZHM2txobL"", ""source_url"": ""https://www.madlan.co.il/listings/KFZHM2txobL"", ""price"": ""1500000.0"", ""rooms"": ""3.0"", ""area"": ""70.0"", ""floor"": ""6"", ""property_type"": ""standard_apartment"", ""latitude"": ""31.675471"", ""longitude"": ""34.560509"", ""event_date"": ""2026-08-03"", ""neighborhood"": ""אפרידר"", ""address"": ""השייטת 1, אשקלון"", ""distance_m"": ""3296.9"", ""area_difference_pct"": ""0.0145"", ""floor_difference"": ""2.0"", ""quality_status"": ""usable"", ""reasons"": ""[]""}"
unknown,C:\Users\AVIV\gaba\gabay_pricing_core\comparable_demo_unit17.json,61,small_area_45_80,,,,מרינה,"יפה נוף 29, אשקלון",,3.0,60.0,,6.0,,standard_apartment,,1625000.0,27083.333333333332,,,,"{""lane"": ""current_asking"", ""source"": ""madlan_listing"", ""source_id"": ""SaRNAom2CKX"", ""source_url"": ""https://www.madlan.co.il/listings/SaRNAom2CKX"", ""price"": ""1625000.0"", ""rooms"": ""3.0"", ""area"": ""60.0"", ""floor"": ""6"", ""property_type"": ""standard_apartment"", ""latitude"": ""31.6813996"", ""longitude"": ""34.5587901"", ""event_date"": ""2026-07-24"", ""neighborhood"": ""מרינה"", ""address"": ""יפה נוף 29, אשקלון"", ""distance_m"": ""3327.5"", ""area_difference_pct"": ""0.1304"", ""floor_difference"": ""2.0"", ""quality_status"": ""usable"", ""reasons"": ""[]""}"
unknown,C:\Users\AVIV\gaba\gabay_pricing_core\comparable_demo_unit17.json,62,small_area_45_80,,,,,"אשקלון 1, אשקלון",,3.0,70.0,,4.0,,standard_apartment,,1150000.0,16428.571428571428,,,,"{""lane"": ""current_asking"", ""source"": ""madlan_listing"", ""source_id"": ""dCPWfS5f2B6"", ""source_url"": ""https://www.madlan.co.il/listings/dCPWfS5f2B6"", ""price"": ""1150000.0"", ""rooms"": ""3.0"", ""area"": ""70.0"", ""floor"": ""4"", ""property_type"": ""standard_apartment"", ""latitude"": ""31.664300194149185"", ""longitude"": ""34.56582865158464"", ""event_date"": ""2026-07-07"", ""address"": ""אשקלון 1, אשקלון"", ""distance_m"": ""3451.2"", ""area_difference_pct"": ""0.0145"", ""floor_difference"": ""0.0"", ""quality_status"": ""usable"", ""reasons"": ""[]""}"
unknown,C:\Users\AVIV\gaba\gabay_pricing_core\comparable_demo_unit17.json,63,small_area_45_80,,,,מרינה,"יפה נוף 26, אשקלון",,3.0,70.0,,14.0,,standard_apartment,,2200000.0,31428.571428571428,,,,"{""lane"": ""current_asking"", ""source"": ""madlan_listing"", ""source_id"": ""GJjKTrVLt6k"", ""source_url"": ""https://www.madlan.co.il/listings/GJjKTrVLt6k"", ""price"": ""2200000.0"", ""rooms"": ""3.0"", ""area"": ""70.0"", ""floor"": ""14"", ""property_type"": ""standard_apartment"", ""latitude"": ""31.6786056"", ""longitude"": ""34.5571214"", ""event_date"": ""2026-07-05"", ""neighborhood"": ""מרינה"", ""address"": ""יפה נוף 26, אשקלון"", ""distance_m"": ""3526.3"", ""area_difference_pct"": ""0.0145"", ""floor_difference"": ""10.0"", ""quality_status"": ""usable"", ""reasons"": ""[]""}"
unknown,C:\Users\AVIV\gaba\gabay_pricing_core\comparable_demo_unit17.json,64,small_area_45_80,,,,מרינה,"השונית 2, אשקלון",,3.0,60.0,,1.0,,standard_apartment,,1050000.0,17500.0,,,,"{""lane"": ""current_asking"", ""source"": ""madlan_listing"", ""source_id"": ""iP5YVLOahv9"", ""source_url"": ""https://www.madlan.co.il/listings/iP5YVLOahv9"", ""price"": ""1050000.0"", ""rooms"": ""3.0"", ""area"": ""60.0"", ""floor"": ""1"", ""property_type"": ""standard_apartment"", ""latitude"": ""31.678872450906418"", ""longitude"": ""34.55611562235301"", ""event_date"": ""2026-06-20"", ""neighborhood"": ""מרינה"", ""address"": ""השונית 2, אשקלון"", ""distance_m"": ""3615.0"", ""area_difference_pct"": ""0.1304"", ""floor_difference"": ""3.0"", ""quality_status"": ""usable"", ""reasons"": ""[]""}"
unknown,C:\Users\AVIV\gaba\gabay_pricing_core\comparable_demo_unit17.json,66,small_area_45_80,,,,מרינה,"שונית 4, אשקלון",,3.0,60.0,,1.0,,standard_apartment,,1370000.0,22833.333333333332,,,,"{""lane"": ""current_asking"", ""source"": ""madlan_listing"", ""source_id"": ""Bou9xp8pAnz"", ""source_url"": ""https://www.madlan.co.il/listings/Bou9xp8pAnz"", ""price"": ""1370000.0"", ""rooms"": ""3.0"", ""area"": ""60.0"", ""floor"": ""1"", ""property_type"": ""standard_apartment"", ""latitude"": ""31.67904097144053"", ""longitude"": ""34.5558523572934"", ""event_date"": ""2026-08-12"", ""neighborhood"": ""מרינה"", ""address"": ""שונית 4, אשקלון"", ""distance_m"": ""3636.6"", ""area_difference_pct"": ""0.1304"", ""floor_difference"": ""3.0"", ""quality_status"": ""usable"", ""reasons"": ""[]""}"
unknown,C:\Users\AVIV\gaba\gabay_pricing_core\comparable_demo_unit17.json,68,small_area_45_80,,,,מרינה,"השונית 8, אשקלון",,3.0,65.0,,1.0,,standard_apartment,,1050000.0,16153.846153846154,,,,"{""lane"": ""current_asking"", ""source"": ""madlan_listing"", ""source_id"": ""ZsBHc1bRvOn"", ""source_url"": ""https://www.madlan.co.il/listings/ZsBHc1bRvOn"", ""price"": ""1050000.0"", ""rooms"": ""3.0"", ""area"": ""65.0"", ""floor"": ""1"", ""property_type"": ""standard_apartment"", ""latitude"": ""31.6787369"", ""longitude"": ""34.5557828"", ""event_date"": ""2026-07-11"", ""neighborhood"": ""מרינה"", ""address"": ""השונית 8, אשקלון"", ""distance_m"": ""3648.6"", ""area_difference_pct"": ""0.058"", ""floor_difference"": ""3.0"", ""quality_status"": ""usable"", ""reasons"": ""[]""}"
unknown,C:\Users\AVIV\gaba\gabay_pricing_core\comparable_demo_unit17.json,69,small_area_45_80,,,,מרינה,"השונית 20, אשקלון",,3.0,60.0,,1.0,,standard_apartment,,1370000.0,22833.333333333332,,,,"{""lane"": ""current_asking"", ""source"": ""madlan_listing"", ""source_id"": ""5Edgn9EN9T2"", ""source_url"": ""https://www.madlan.co.il/listings/5Edgn9EN9T2"", ""price"": ""1370000.0"", ""rooms"": ""3.0"", ""area"": ""60.0"", ""floor"": ""1"", ""property_type"": ""standard_apartment"", ""latitude"": ""31.6787369"", ""longitude"": ""34.5557828"", ""event_date"": ""2026-07-07"", ""neighborhood"": ""מרינה"", ""address"": ""השונית 20, אשקלון"", ""distance_m"": ""3648.6"", ""area_difference_pct"": ""0.1304"", ""floor_difference"": ""3.0"", ""quality_status"": ""usable"", ""reasons"": ""[]""}"
unknown,C:\Users\AVIV\gaba\gabay_pricing_core\comparable_demo_unit17.json,70,small_area_45_80,,,,גן הורדים,"בני עקיבא 2, אשקלון",,3.0,75.0,,6.0,,standard_apartment,,1060000.0,14133.333333333334,,,,"{""lane"": ""current_asking"", ""source"": ""madlan_listing"", ""source_id"": ""8YMpE7ahQ63"", ""source_url"": ""https://www.madlan.co.il/listings/8YMpE7ahQ63"", ""price"": ""1060000.0"", ""rooms"": ""3.0"", ""area"": ""75.0"", ""floor"": ""6"", ""property_type"": ""standard_apartment"", ""latitude"": ""31.65827832902431"", ""longitude"": ""34.56984115309271"", ""event_date"": ""2026-06-22"", ""neighborhood"": ""גן הורדים"", ""address"": ""בני עקיבא 2, אשקלון"", ""distance_m"": ""3668.7"", ""area_difference_pct"": ""0.087"", ""floor_difference"": ""2.0"", ""quality_status"": ""usable"", ""reasons"": ""[]""}"
unknown,C:\Users\AVIV\gaba\gabay_pricing_core\comparable_demo_unit17.json,71,small_area_45_80,,,,גן הורדים,"השומר הצעיר 16, אשקלון",,3.0,80.0,,5.0,,standard_apartment,,1450000.0,18125.0,,,,"{""lane"": ""current_asking"", ""source"": ""madlan_listing"", ""source_id"": ""adgmIj1IW4Z"", ""source_url"": ""https://www.madlan.co.il/listings/adgmIj1IW4Z"", ""price"": ""1450000.0"", ""rooms"": ""3.0"", ""area"": ""80.0"", ""floor"": ""5"", ""property_type"": ""standard_apartment"", ""latitude"": ""31.657047978419747"", ""longitude"": ""34.57168599771444"", ""event_date"": ""2026-06-28"", ""neighborhood"": ""גן הורדים"", ""address"": ""השומר הצעיר 16, אשקלון"", ""distance_m"": ""3675.0"", ""area_difference_pct"": ""0.1594"", ""floor_difference"": ""1.0"", ""quality_status"": ""usable"", ""reasons"": ""[]""}"
unknown,C:\Users\AVIV\gaba\gabay_pricing_core\comparable_demo_unit17.json,72,small_area_45_80,,,,גבעת ציון,"אליעזר מילרוד 2, אשקלון",,3.0,60.0,,4.0,,standard_apartment,,830000.0,13833.333333333334,,,,"{""lane"": ""current_asking"", ""source"": ""madlan_listing"", ""source_id"": ""2zaQerpIP2q"", ""source_url"": ""https://www.madlan.co.il/listings/2zaQerpIP2q"", ""price"": ""830000.0"", ""rooms"": ""3.0"", ""area"": ""60.0"", ""floor"": ""4"", ""property_type"": ""standard_apartment"", ""latitude"": ""31.650372723019718"", ""longitude"": ""34.57802574197121"", ""event_date"": ""2026-07-14"", ""neighborhood"": ""גבעת ציון"", ""address"": ""אליעזר מילרוד 2, אשקלון"", ""distance_m"": ""4048.5"", ""area_difference_pct"": ""0.1304"", ""floor_difference"": ""0.0"", ""quality_status"": ""usable"", ""reasons"": ""[]""}"
unknown,C:\Users\AVIV\gaba\gabay_pricing_core\comparable_demo_unit17.json,73,small_area_45_80,,,,בן גוריון,"ההסתדרות 25, אשקלון",,3.0,75.0,,3.0,,standard_apartment,,850000.0,11333.333333333334,,,,"{""lane"": ""current_asking"", ""source"": ""madlan_listing"", ""source_id"": ""D3tW5zeBrCO"", ""source_url"": ""https://www.madlan.co.il/listings/D3tW5zeBrCO"", ""price"": ""850000.0"", ""rooms"": ""3.0"", ""area"": ""75.0"", ""floor"": ""3"", ""property_type"": ""standard_apartment"", ""latitude"": ""31.658515818089054"", ""longitude"": ""34.56163861600856"", ""event_date"": ""2026-07-22"", ""neighborhood"": ""בן גוריון"", ""address"": ""ההסתדרות 25, אשקלון"", ""distance_m"": ""4174.9"", ""area_difference_pct"": ""0.087"", ""floor_difference"": ""1.0"", ""quality_status"": ""usable"", ""reasons"": ""[]""}"
unknown,C:\Users\AVIV\gaba\gabay_pricing_core\comparable_demo_unit17.json,74,small_area_45_80,,,,שקמים,"הרב מימון 25, אשקלון",,3.0,64.0,,1.0,,standard_apartment,,870000.0,13593.75,,,,"{""lane"": ""current_asking"", ""source"": ""madlan_listing"", ""source_id"": ""WFVceWQpxlT"", ""source_url"": ""https://www.madlan.co.il/listings/WFVceWQpxlT"", ""price"": ""870000.0"", ""rooms"": ""3.0"", ""area"": ""64.0"", ""floor"": ""1"", ""property_type"": ""standard_apartment"", ""latitude"": ""31.65348"", ""longitude"": ""34.564819"", ""event_date"": ""2026-07-30"", ""neighborhood"": ""שקמים"", ""address"": ""הרב מימון 25, אשקלון"", ""distance_m"": ""4382.1"", ""area_difference_pct"": ""0.0725"", ""floor_difference"": ""3.0"", ""quality_status"": ""usable"", ""reasons"": ""[]""}"
unknown,C:\Users\AVIV\gaba\gabay_pricing_core\comparable_demo_unit17.json,75,small_area_45_80,,,,ז'בוטינסקי,"ז'בוטינסקי 1, אשקלון",,3.0,69.0,,2.0,,standard_apartment,,970000.0,14057.971014492754,,,,"{""lane"": ""current_asking"", ""source"": ""madlan_listing"", ""source_id"": ""EanqdahrVzC"", ""source_url"": ""https://www.madlan.co.il/listings/EanqdahrVzC"", ""price"": ""970000.0"", ""rooms"": ""3.0"", ""area"": ""69.0"", ""floor"": ""2"", ""property_type"": ""standard_apartment"", ""latitude"": ""31.655789556008692"", ""longitude"": ""34.561202007199974"", ""event_date"": ""2026-08-18"", ""neighborhood"": ""ז'בוטינסקי"", ""address"": ""ז'בוטינסקי 1, אשקלון"", ""distance_m"": ""4416.8"", ""area_difference_pct"": ""0.0"", ""floor_difference"": ""2.0"", ""quality_status"": ""usable"", ""reasons"": ""[]""}"
unknown,C:\Users\AVIV\gaba\gabay_pricing_core\comparable_demo_unit17.json,76,small_area_45_80,,,,שקמים,"גיורא יוספטל 5, אשקלון",,3.0,60.0,,3.0,,standard_apartment,,820000.0,13666.666666666666,,,,"{""lane"": ""current_asking"", ""source"": ""madlan_listing"", ""source_id"": ""suqrhoRMuWO"", ""source_url"": ""https://www.madlan.co.il/listings/suqrhoRMuWO"", ""price"": ""820000.0"", ""rooms"": ""3.0"", ""area"": ""60.0"", ""floor"": ""3"", ""property_type"": ""standard_apartment"", ""latitude"": ""31.6544704"", ""longitude"": ""34.5627461"", ""event_date"": ""2026-06-30"", ""neighborhood"": ""שקמים"", ""address"": ""גיורא יוספטל 5, אשקלון"", ""distance_m"": ""4424.6"", ""area_difference_pct"": ""0.1304"", ""floor_difference"": ""1.0"", ""quality_status"": ""usable"", ""reasons"": ""[]""}"
unknown,C:\Users\AVIV\gaba\gabay_pricing_core\comparable_demo_unit17.json,79,small_area_45_80,,,,שקמים,"אפרים צור 48, אשקלון",,3.0,47.0,,1.0,,standard_apartment,,955000.0,20319.14893617021,,,,"{""lane"": ""current_asking"", ""source"": ""madlan_listing"", ""source_id"": ""LCI5OTZlOqk"", ""source_url"": ""https://www.madlan.co.il/listings/LCI5OTZlOqk"", ""price"": ""955000.0"", ""rooms"": ""3.0"", ""area"": ""47.0"", ""floor"": ""1"", ""property_type"": ""standard_apartment"", ""latitude"": ""31.654065981672684"", ""longitude"": ""34.56305662487347"", ""event_date"": ""2026-06-30"", ""neighborhood"": ""שקמים"", ""address"": ""אפרים צור 48, אשקלון"", ""distance_m"": ""4439.0"", ""area_difference_pct"": ""0.3188"", ""floor_difference"": ""3.0"", ""quality_status"": ""usable"", ""reasons"": ""[]""}"
unknown,C:\Users\AVIV\gaba\gabay_pricing_core\comparable_demo_unit17.json,81,small_area_45_80,,,,נווה אלונים,"שי עגנון 21, אשקלון",,3.0,74.0,,9.0,,standard_apartment,,1040000.0,14054.054054054053,,,,"{""lane"": ""current_asking"", ""source"": ""madlan_listing"", ""source_id"": ""8tXRL1xSzxY"", ""source_url"": ""https://www.madlan.co.il/listings/8tXRL1xSzxY"", ""price"": ""1040000.0"", ""rooms"": ""3.0"", ""area"": ""74.0"", ""floor"": ""9"", ""property_type"": ""standard_apartment"", ""latitude"": ""31.658632067714418"", ""longitude"": ""34.556637286642314"", ""event_date"": ""2026-06-09"", ""neighborhood"": ""נווה אלונים"", ""address"": ""שי עגנון 21, אשקלון"", ""distance_m"": ""4523.4"", ""area_difference_pct"": ""0.0725"", ""floor_difference"": ""5.0"", ""quality_status"": ""usable"", ""reasons"": ""[]""}"
unknown,C:\Users\AVIV\gaba\gabay_pricing_core\comparable_demo_unit17.json,83,small_area_45_80,,,,ז'בוטינסקי,"גיורא יוספטל 14, אשקלון",,3.0,55.0,,2.0,,standard_apartment,,820000.0,14909.09090909091,,,,"{""lane"": ""current_asking"", ""source"": ""madlan_listing"", ""source_id"": ""aLVohGppbq6"", ""source_url"": ""https://www.madlan.co.il/listings/aLVohGppbq6"", ""price"": ""820000.0"", ""rooms"": ""3.0"", ""area"": ""55.0"", ""floor"": ""2"", ""property_type"": ""standard_apartment"", ""latitude"": ""31.6528702"", ""longitude"": ""34.5604773"", ""event_date"": ""2026-07-20"", ""neighborhood"": ""ז'בוטינסקי"", ""address"": ""גיורא יוספטל 14, אשקלון"", ""distance_m"": ""4700.4"", ""area_difference_pct"": ""0.2029"", ""floor_difference"": ""2.0"", ""quality_status"": ""usable"", ""reasons"": ""[]""}"
unknown,C:\Users\AVIV\gaba\gabay_pricing_core\comparable_demo_unit17.json,84,small_area_45_80,,,,שקמים,"אליעזר מילרוד 8, אשקלון",,3.0,50.0,,3.0,,standard_apartment,,849000.0,16980.0,,,,"{""lane"": ""current_asking"", ""source"": ""madlan_listing"", ""source_id"": ""vttXqFNuu4p"", ""source_url"": ""https://www.madlan.co.il/listings/vttXqFNuu4p"", ""price"": ""849000.0"", ""rooms"": ""3.0"", ""area"": ""50.0"", ""floor"": ""3"", ""property_type"": ""standard_apartment"", ""latitude"": ""31.651920896599897"", ""longitude"": ""34.56136205887704"", ""event_date"": ""2026-08-11"", ""neighborhood"": ""שקמים"", ""address"": ""אליעזר מילרוד 8, אשקלון"", ""distance_m"": ""4724.4"", ""area_difference_pct"": ""0.2754"", ""floor_difference"": ""1.0"", ""quality_status"": ""usable"", ""reasons"": ""[]""}"
unknown,C:\Users\AVIV\gaba\gabay_pricing_core\comparable_demo_unit17.json,85,small_area_45_80,,,,שקמים,"אליעזר מילרוד 5, אשקלון",,3.0,55.0,,1.0,,standard_apartment,,850000.0,15454.545454545454,,,,"{""lane"": ""current_asking"", ""source"": ""madlan_listing"", ""source_id"": ""5wOgAttFlQZ"", ""source_url"": ""https://www.madlan.co.il/listings/5wOgAttFlQZ"", ""price"": ""850000.0"", ""rooms"": ""3.0"", ""area"": ""55.0"", ""floor"": ""1"", ""property_type"": ""standard_apartment"", ""latitude"": ""31.650498806878964"", ""longitude"": ""34.560222242685015"", ""event_date"": ""2026-07-21"", ""neighborhood"": ""שקמים"", ""address"": ""אליעזר מילרוד 5, אשקלון"", ""distance_m"": ""4914.7"", ""area_difference_pct"": ""0.2029"", ""floor_difference"": ""3.0"", ""quality_status"": ""usable"", ""reasons"": ""[]""}"
unknown,C:\Users\AVIV\gaba\gabay_pricing_core\comparable_demo_unit17.json,86,small_area_45_80,,,,ז'בוטינסקי,"שפירא 31, אשקלון",,3.0,69.0,,2.0,,standard_apartment,,1050000.0,15217.391304347826,,,,"{""lane"": ""current_asking"", ""source"": ""madlan_listing"", ""source_id"": ""XbizS9Xtjzm"", ""source_url"": ""https://www.madlan.co.il/listings/XbizS9Xtjzm"", ""price"": ""1050000.0"", ""rooms"": ""3.0"", ""area"": ""69.0"", ""floor"": ""2"", ""property_type"": ""standard_apartment"", ""latitude"": ""31.6537018"", ""longitude"": ""34.5548629"", ""event_date"": ""2026-07-30"", ""neighborhood"": ""ז'בוטינסקי"", ""address"": ""שפירא 31, אשקלון"", ""distance_m"": ""5009.1"", ""area_difference_pct"": ""0.0"", ""floor_difference"": ""2.0"", ""quality_status"": ""usable"", ""reasons"": ""[]""}"
unknown,C:\Users\AVIV\gaba\gabay_pricing_core\comparable_demo_unit17.json,87,small_area_45_80,,,,שקמים,"שפירא 53, אשקלון",,3.0,70.0,,1.0,,standard_apartment,,1130000.0,16142.857142857143,,,,"{""lane"": ""current_asking"", ""source"": ""madlan_listing"", ""source_id"": ""YcPHbtBtFjA"", ""source_url"": ""https://www.madlan.co.il/listings/YcPHbtBtFjA"", ""price"": ""1130000.0"", ""rooms"": ""3.0"", ""area"": ""70.0"", ""floor"": ""1"", ""property_type"": ""standard_apartment"", ""latitude"": ""31.6485671735633"", ""longitude"": ""34.55795417375701"", ""event_date"": ""2026-08-29"", ""neighborhood"": ""שקמים"", ""address"": ""שפירא 53, אשקלון"", ""distance_m"": ""5217.5"", ""area_difference_pct"": ""0.0145"", ""floor_difference"": ""3.0"", ""quality_status"": ""usable"", ""reasons"": ""[]""}"
new_project,C:\Users\AVIV\gaba\gabay_pricing_core\project_dry_run.json,8,small_area_45_80 | special_property_type,garden,,,,,,3.0,70.8,100.0,,,,,,,,,דירת גן,"{""unit_number"": ""1"", ""floor"": ""קרקע"", ""rooms"": ""3.0"", ""internal_area"": ""70.8"", ""balcony_area"": ""100.0"", ""orientation"": ""מזרח"", ""unit_type"": ""garden_apartment"", ""notes"": ""דירת גן""}"
new_project,C:\Users\AVIV\gaba\gabay_pricing_core\project_dry_run.json,23,small_area_45_80 | special_property_type,garden,,,,,,3.0,65.6,69.0,,,,,,,,,דירת גן,"{""unit_number"": ""2"", ""floor"": ""קרקע"", ""rooms"": ""3.0"", ""internal_area"": ""65.6"", ""balcony_area"": ""69.0"", ""orientation"": ""מזרח"", ""unit_type"": ""garden_apartment"", ""notes"": ""דירת גן""}"
new_project,C:\Users\AVIV\gaba\gabay_pricing_core\project_dry_run.json,38,2_room | 2_room_garden | small_area_45_80 | special_property_type,garden,,,,,,2.0,57.0,18.0,,,,,,,,,דירת גן,"{""unit_number"": ""3"", ""floor"": ""קרקע"", ""rooms"": ""2.0"", ""internal_area"": ""57.0"", ""balcony_area"": ""18.0"", ""orientation"": ""מזרח"", ""unit_type"": ""garden_apartment"", ""notes"": ""דירת גן""}"
new_project,C:\Users\AVIV\gaba\gabay_pricing_core\project_dry_run.json,53,small_area_45_80,,,,,,,3.0,69.0,12.0,1.0,,,,,,,,,"{""unit_number"": ""4"", ""floor"": ""1"", ""rooms"": ""3.0"", ""internal_area"": ""69.0"", ""balcony_area"": ""12.0"", ""unit_type"": ""standard_apartment""}"
new_project,C:\Users\AVIV\gaba\gabay_pricing_core\project_dry_run.json,1053,6_room | 6_room_triplex | special_property_type | very_large_area_210_310,triplex,,,,,,6.0,255.2,94.6,9.0,,,,,,,,טריפלקס,"{""unit_number"": ""36"", ""floor"": ""9-11"", ""rooms"": ""6.0"", ""internal_area"": ""255.2"", ""balcony_area"": ""94.6"", ""orientation"": ""מזרח"", ""unit_type"": ""triplex"", ""notes"": ""טריפלקס""}"
new_project,C:\Users\AVIV\gaba\gabay_pricing_core\project_dry_run.json,1054,6_room | 6_room_triplex | small_area_45_80 | special_property_type,triplex,,,,,,6.0,73.4,12.0,9.0,,,,,,,,טריפלקס,"{""excel_row"": ""37"", ""floor"": ""9"", ""unit_number"": ""36"", ""rooms"": ""6.0"", ""internal_area"": ""73.4"", ""balcony_area"": ""12.0"", ""orientation"": ""מזרח"", ""notes"": ""טריפלקס""}"
new_project,C:\Users\AVIV\gaba\gabay_pricing_core\project_dry_run.json,1055,6_room | 6_room_triplex | small_area_45_80 | special_property_type,triplex,,,,,,6.0,78.5,20.0,10.0,,,,,,,,טריפלקס,"{""excel_row"": ""41"", ""floor"": ""10"", ""unit_number"": ""36"", ""rooms"": ""6.0"", ""internal_area"": ""78.5"", ""balcony_area"": ""20.0"", ""orientation"": ""מזרח"", ""notes"": ""טריפלקס""}"
new_project,C:\Users\AVIV\gaba\gabay_pricing_core\project_dry_run.json,1056,6_room | 6_room_triplex | special_property_type,triplex,,,,,,6.0,103.3,62.6,11.0,,,,,,,,טריפלקס,"{""excel_row"": ""45"", ""floor"": ""11"", ""unit_number"": ""36"", ""rooms"": ""6.0"", ""internal_area"": ""103.3"", ""balcony_area"": ""62.6"", ""orientation"": ""מזרח"", ""notes"": ""טריפלקס""}"
new_project,C:\Users\AVIV\gaba\gabay_pricing_core\project_dry_run.json,1071,6_room | 6_room_triplex | special_property_type | very_large_area_210_310,triplex,,,,,,6.0,260.1,97.4,9.0,,,,,,,,טריפלקס,"{""unit_number"": ""37"", ""floor"": ""9-11"", ""rooms"": ""6.0"", ""internal_area"": ""260.1"", ""balcony_area"": ""97.4"", ""orientation"": ""מערב"", ""unit_type"": ""triplex"", ""notes"": ""טריפלקס""}"
new_project,C:\Users\AVIV\gaba\gabay_pricing_core\project_dry_run.json,1072,6_room | 6_room_triplex | small_area_45_80 | special_property_type,triplex,,,,,,6.0,73.7,12.0,9.0,,,,,,,,טריפלקס,"{""excel_row"": ""38"", ""floor"": ""9"", ""unit_number"": ""37"", ""rooms"": ""6.0"", ""internal_area"": ""73.7"", ""balcony_area"": ""12.0"", ""orientation"": ""מערב"", ""notes"": ""טריפלקס""}"
new_project,C:\Users\AVIV\gaba\gabay_pricing_core\project_dry_run.json,1073,6_room | 6_room_triplex | small_area_45_80 | special_property_type,triplex,,,,,,6.0,77.5,20.0,10.0,,,,,,,,טריפלקס,"{""excel_row"": ""42"", ""floor"": ""10"", ""unit_number"": ""37"", ""rooms"": ""6.0"", ""internal_area"": ""77.5"", ""balcony_area"": ""20.0"", ""orientation"": ""מערב"", ""notes"": ""טריפלקס""}"
new_project,C:\Users\AVIV\gaba\gabay_pricing_core\project_dry_run.json,1074,6_room | 6_room_triplex | special_property_type,triplex,,,,,,6.0,108.9,65.4,11.0,,,,,,,,טריפלקס,"{""excel_row"": ""46"", ""floor"": ""11"", ""unit_number"": ""37"", ""rooms"": ""6.0"", ""internal_area"": ""108.9"", ""balcony_area"": ""65.4"", ""orientation"": ""מערב"", ""notes"": ""טריפלקס""}"
new_project,C:\Users\AVIV\gaba\gabay_pricing_core\project_dry_run.json,1089,7_plus_duplex | 7_plus_room | large_area_140_195 | special_property_type,duplex,,,,,,7.0,170.1,39.6,9.0,,,,,,,,דופלקס,"{""unit_number"": ""38"", ""floor"": ""9-10"", ""rooms"": ""7.0"", ""internal_area"": ""170.1"", ""balcony_area"": ""39.6"", ""orientation"": ""מערב"", ""unit_type"": ""duplex"", ""notes"": ""דופלקס""}"
new_project,C:\Users\AVIV\gaba\gabay_pricing_core\project_dry_run.json,1090,7_plus_duplex | 7_plus_room | special_property_type,duplex,,,,,,7.0,80.7,19.6,9.0,,,,,,,,דופלקס,"{""excel_row"": ""39"", ""floor"": ""9"", ""unit_number"": ""38"", ""rooms"": ""7.0"", ""internal_area"": ""80.7"", ""balcony_area"": ""19.6"", ""orientation"": ""מערב"", ""notes"": ""דופלקס""}"
new_project,C:\Users\AVIV\gaba\gabay_pricing_core\project_dry_run.json,1091,7_plus_duplex | 7_plus_room | special_property_type,duplex,,,,,,7.0,89.4,20.0,10.0,,,,,,,,דופלקס,"{""excel_row"": ""43"", ""floor"": ""10"", ""unit_number"": ""38"", ""rooms"": ""7.0"", ""internal_area"": ""89.4"", ""balcony_area"": ""20.0"", ""notes"": ""דופלקס""}"
new_project,C:\Users\AVIV\gaba\gabay_pricing_core\project_dry_run.json,1106,large_area_140_195 | special_property_type,duplex,,,,,,5.0,158.6,39.6,9.0,,,,,,,,דופלקס,"{""unit_number"": ""39"", ""floor"": ""9-10"", ""rooms"": ""5.0"", ""internal_area"": ""158.6"", ""balcony_area"": ""39.6"", ""unit_type"": ""duplex"", ""notes"": ""דופלקס""}"
new_project,C:\Users\AVIV\gaba\gabay_pricing_core\project_dry_run.json,1107,small_area_45_80 | special_property_type,duplex,,,,,,5.0,74.8,19.6,9.0,,,,,,,,דופלקס,"{""excel_row"": ""40"", ""floor"": ""9"", ""unit_number"": ""39"", ""rooms"": ""5.0"", ""internal_area"": ""74.8"", ""balcony_area"": ""19.6"", ""notes"": ""דופלקס""}"
new_project,C:\Users\AVIV\gaba\gabay_pricing_core\project_dry_run.json,1108,special_property_type,duplex,,,,,,5.0,83.8,20.0,10.0,,,,,,,,דופלקס,"{""excel_row"": ""44"", ""floor"": ""10"", ""unit_number"": ""39"", ""rooms"": ""5.0"", ""internal_area"": ""83.8"", ""balcony_area"": ""20.0"", ""notes"": ""דופלקס""}"
unknown,C:\Users\AVIV\gaba\gabay_pricing_core\qa_output_ashkelon\sold_primary_usable.json,3,small_area_45_80,,2025-06-19,אשקלון,גולדה,עולי הגרדום 88,,4.0,77.0,,3.0,,דירה בבית קומות,,,13766.0,,,,"{""source_index"": ""1"", ""deal_date"": ""2025-06-19"", ""deal_amount"": ""1060000.0"", ""price_per_sqm"": ""13766.0"", ""address"": ""עולי הגרדום 88"", ""city"": ""אשקלון"", ""neighborhood"": ""גולדה"", ""rooms"": ""4.0"", ""floor"": ""3"", ""area"": ""77.0"", ""property_type"": ""דירה בבית קומות"", ""gush"": ""2843"", ""helka"": ""47"", ""tat_helka"": ""37"", ""asset_id"": ""11266991730"", ""latitude"": ""31.646318833481814"", ""longitude"": ""34.55575244487248"", ""scraped_at"": ""2026-09-04T18:19:03.256Z""}"
unknown,C:\Users\AVIV\gaba\gabay_pricing_core\qa_output_ashkelon\sold_primary_usable.json,5,small_area_45_80,,2024-12-08,אשקלון,גולדה,עולי הגרדום 88,,4.0,80.0,,3.0,,דירה בבית קומות,,,14625.0,,,,"{""source_index"": ""2"", ""deal_date"": ""2024-12-08"", ""deal_amount"": ""1170000.0"", ""price_per_sqm"": ""14625.0"", ""address"": ""עולי הגרדום 88"", ""city"": ""אשקלון"", ""neighborhood"": ""גולדה"", ""rooms"": ""4.0"", ""floor"": ""3"", ""area"": ""80.0"", ""property_type"": ""דירה בבית קומות"", ""gush"": ""2843"", ""helka"": ""47"", ""tat_helka"": ""11"", ""asset_id"": ""11188484820"", ""latitude"": ""31.646318833481814"", ""longitude"": ""34.55575244487248"", ""scraped_at"": ""2026-09-04T18:19:03.257Z""}"
unknown,C:\Users\AVIV\gaba\gabay_pricing_core\qa_output_ashkelon\sold_primary_usable.json,11,small_area_45_80,,2023-08-28,אשקלון,גולדה,עולי הגרדום 88,,3.0,75.0,,2.0,,דירה בבית קומות,,,14533.0,,,,"{""source_index"": ""5"", ""deal_date"": ""2023-08-28"", ""deal_amount"": ""1090000.0"", ""price_per_sqm"": ""14533.0"", ""address"": ""עולי הגרדום 88"", ""city"": ""אשקלון"", ""neighborhood"": ""גולדה"", ""rooms"": ""3.0"", ""floor"": ""2"", ""area"": ""75.0"", ""property_type"": ""דירה בבית קומות"", ""gush"": ""2843"", ""helka"": ""47"", ""tat_helka"": ""68"", ""asset_id"": ""11091045150"", ""latitude"": ""31.646318833481814"", ""longitude"": ""34.55575244487248"", ""scraped_at"": ""2026-09-04T18:19:03.257Z""}"
unknown,C:\Users\AVIV\gaba\gabay_pricing_core\qa_output_ashkelon\sold_primary_usable.json,15,small_area_45_80,,2022-04-15,אשקלון,גולדה,עולי הגרדום 88,,4.0,79.0,,1.0,,דירה,,,12658.0,,,,"{""source_index"": ""7"", ""deal_date"": ""2022-04-15"", ""deal_amount"": ""1000000.0"", ""price_per_sqm"": ""12658.0"", ""address"": ""עולי הגרדום 88"", ""city"": ""אשקלון"", ""neighborhood"": ""גולדה"", ""rooms"": ""4.0"", ""floor"": ""1"", ""area"": ""79.0"", ""property_type"": ""דירה"", ""gush"": ""2843"", ""helka"": ""47"", ""tat_helka"": ""5"", ""asset_id"": ""10990474830"", ""latitude"": ""31.646318833481814"", ""longitude"": ""34.55575244487248"", ""scraped_at"": ""2026-09-04T18:19:03.258Z""}"
unknown,C:\Users\AVIV\gaba\gabay_pricing_core\qa_output_ashkelon\sold_primary_usable.json,17,small_area_45_80,,2026-05-13,אשקלון,גולדה,עולי הגרדום 84,,3.0,69.0,,0.0,,דירה בבית קומות,,,18841.0,,,,"{""source_index"": ""8"", ""deal_date"": ""2026-05-13"", ""deal_amount"": ""1300000.0"", ""price_per_sqm"": ""18841.0"", ""address"": ""עולי הגרדום 84"", ""city"": ""אשקלון"", ""neighborhood"": ""גולדה"", ""rooms"": ""3.0"", ""floor"": ""0"", ""area"": ""69.0"", ""property_type"": ""דירה בבית קומות"", ""gush"": ""3011"", ""helka"": ""8"", ""tat_helka"": ""5"", ""asset_id"": ""11351577960"", ""latitude"": ""31.646669725624307"", ""longitude"": ""34.554732447135336"", ""scraped_at"": ""2026-09-04T18:19:03.258Z""}"
unknown,C:\Users\AVIV\gaba\gabay_pricing_core\qa_output_ashkelon\sold_primary_usable.json,19,small_area_45_80,,2026-03-12,אשקלון,גולדה,עולי הגרדום 22,,3.0,68.0,,0.0,,דירה בבית קומות,,,16912.0,,,,"{""source_index"": ""9"", ""deal_date"": ""2026-03-12"", ""deal_amount"": ""1150000.0"", ""price_per_sqm"": ""16912.0"", ""address"": ""עולי הגרדום 22"", ""city"": ""אשקלון"", ""neighborhood"": ""גולדה"", ""rooms"": ""3.0"", ""floor"": ""0"", ""area"": ""68.0"", ""property_type"": ""דירה בבית קומות"", ""gush"": ""3012"", ""helka"": ""14"", ""tat_helka"": ""3"", ""asset_id"": ""11346171840"", ""latitude"": ""31.650287100819952"", ""longitude"": ""34.553252367252014"", ""scraped_at"": ""2026-09-04T18:19:03.258Z""}"
unknown,C:\Users\AVIV\gaba\gabay_pricing_core\qa_output_ashkelon\sold_primary_usable.json,21,small_area_45_80,,2026-01-11,אשקלון,גולדה,עולי הגרדום 11,,3.0,69.0,,3.0,,דירה בבית קומות,,,16884.0,,,,"{""source_index"": ""10"", ""deal_date"": ""2026-01-11"", ""deal_amount"": ""1165000.0"", ""price_per_sqm"": ""16884.0"", ""address"": ""עולי הגרדום 11"", ""city"": ""אשקלון"", ""neighborhood"": ""גולדה"", ""rooms"": ""3.0"", ""floor"": ""3"", ""area"": ""69.0"", ""property_type"": ""דירה בבית קומות"", ""gush"": ""3012"", ""helka"": ""39"", ""tat_helka"": ""11"", ""asset_id"": ""11341789560"", ""latitude"": ""31.650150140195407"", ""longitude"": ""34.55431569432552"", ""scraped_at"": ""2026-09-04T18:19:03.258Z""}"
unknown,C:\Users\AVIV\gaba\gabay_pricing_core\qa_output_ashkelon\sold_primary_usable.json,23,small_area_45_80,,2025-12-17,אשקלון,גולדה,עולי הגרדום 1,,4.0,79.0,,2.0,,דירה בבית קומות,,,14684.0,,,,"{""source_index"": ""11"", ""deal_date"": ""2025-12-17"", ""deal_amount"": ""1160000.0"", ""price_per_sqm"": ""14684.0"", ""address"": ""עולי הגרדום 1"", ""city"": ""אשקלון"", ""neighborhood"": ""גולדה"", ""rooms"": ""4.0"", ""floor"": ""2"", ""area"": ""79.0"", ""property_type"": ""דירה בבית קומות"", ""gush"": ""3012"", ""helka"": ""35"", ""tat_helka"": ""11"", ""asset_id"": ""11340474390"", ""latitude"": ""31.651881952404594"", ""longitude"": ""34.55336192274768"", ""scraped_at"": ""2026-09-04T18:19:03.258Z""}"
unknown,C:\Users\AVIV\gaba\gabay_pricing_core\qa_output_ashkelon\sold_primary_usable.json,25,small_area_45_80,,2025-12-10,אשקלון,גולדה,עולי הגרדום 9,,3.0,69.0,,1.0,,דירה בבית קומות,,,17391.0,,,,"{""source_index"": ""12"", ""deal_date"": ""2025-12-10"", ""deal_amount"": ""1200000.0"", ""price_per_sqm"": ""17391.0"", ""address"": ""עולי הגרדום 9"", ""city"": ""אשקלון"", ""neighborhood"": ""גולדה"", ""rooms"": ""3.0"", ""floor"": ""1"", ""area"": ""69.0"", ""property_type"": ""דירה בבית קומות"", ""gush"": ""3012"", ""helka"": ""38"", ""tat_helka"": ""4"", ""asset_id"": ""11280587490"", ""latitude"": ""31.650581820566003"", ""longitude"": ""34.554061719220805"", ""scraped_at"": ""2026-09-04T18:19:03.258Z""}"
unknown,C:\Users\AVIV\gaba\gabay_pricing_core\qa_output_ashkelon\sold_primary_usable.json,27,small_area_45_80,,2025-12-09,אשקלון,גולדה,עולי הגרדום 10,,3.0,62.0,,0.0,,דירה בבית קומות,,,23871.0,,,,"{""source_index"": ""13"", ""deal_date"": ""2025-12-09"", ""deal_amount"": ""1480000.0"", ""price_per_sqm"": ""23871.0"", ""address"": ""עולי הגרדום 10"", ""city"": ""אשקלון"", ""neighborhood"": ""גולדה"", ""rooms"": ""3.0"", ""floor"": ""0"", ""area"": ""62.0"", ""property_type"": ""דירה בבית קומות"", ""gush"": ""3012"", ""helka"": ""5"", ""tat_helka"": ""1"", ""asset_id"": ""11281829760"", ""latitude"": ""31.650881698378285"", ""longitude"": ""34.55218429845048"", ""scraped_at"": ""2026-09-04T18:19:03.259Z""}"
unknown,C:\Users\AVIV\gaba\gabay_pricing_core\qa_output_ashkelon\sold_primary_usable.json,29,small_area_45_80,,2025-12-08,אשקלון,גולדה,עולי הגרדום 21,,4.0,80.0,,3.0,,דירה בבית קומות,,,16250.0,,,,"{""source_index"": ""14"", ""deal_date"": ""2025-12-08"", ""deal_amount"": ""1300000.0"", ""price_per_sqm"": ""16250.0"", ""address"": ""עולי הגרדום 21"", ""city"": ""אשקלון"", ""neighborhood"": ""גולדה"", ""rooms"": ""4.0"", ""floor"": ""3"", ""area"": ""80.0"", ""property_type"": ""דירה בבית קומות"", ""gush"": ""2843"", ""helka"": ""32"", ""tat_helka"": ""60"", ""asset_id"": ""11282143050"", ""latitude"": ""31.647005428103625"", ""longitude"": ""34.556112775941955"", ""scraped_at"": ""2026-09-04T18:19:03.259Z""}"
unknown,C:\Users\AVIV\gaba\gabay_pricing_core\qa_output_ashkelon\sold_primary_usable.json,31,small_area_45_80,,2025-11-12,אשקלון,גולדה,עולי הגרדום 36,,3.0,62.0,,0.0,,דירה בבית קומות,,,20161.0,,,,"{""source_index"": ""15"", ""deal_date"": ""2025-11-12"", ""deal_amount"": ""1250000.0"", ""price_per_sqm"": ""20161.0"", ""address"": ""עולי הגרדום 36"", ""city"": ""אשקלון"", ""neighborhood"": ""גולדה"", ""rooms"": ""3.0"", ""floor"": ""0"", ""area"": ""62.0"", ""property_type"": ""דירה בבית קומות"", ""gush"": ""3012"", ""helka"": ""19"", ""tat_helka"": ""4"", ""asset_id"": ""11278061550"", ""latitude"": ""31.649828568994707"", ""longitude"": ""34.553797275253295"", ""scraped_at"": ""2026-09-04T18:19:03.259Z""}"
unknown,C:\Users\AVIV\gaba\gabay_pricing_core\qa_output_ashkelon\sold_primary_usable.json,33,small_area_45_80,,2025-10-28,אשקלון,גולדה,עולי הגרדום 11,,3.0,63.0,,1.0,,דירה בבית קומות,,,15873.0,,,,"{""source_index"": ""16"", ""deal_date"": ""2025-10-28"", ""deal_amount"": ""1000000.0"", ""price_per_sqm"": ""15873.0"", ""address"": ""עולי הגרדום 11"", ""city"": ""אשקלון"", ""neighborhood"": ""גולדה"", ""rooms"": ""3.0"", ""floor"": ""1"", ""area"": ""63.0"", ""property_type"": ""דירה בבית קומות"", ""gush"": ""3012"", ""helka"": ""39"", ""tat_helka"": ""1"", ""asset_id"": ""11277201600"", ""latitude"": ""31.650150140195407"", ""longitude"": ""34.55431569432552"", ""scraped_at"": ""2026-09-04T18:19:03.259Z""}"
unknown,C:\Users\AVIV\gaba\gabay_pricing_core\qa_output_ashkelon\sold_primary_usable.json,35,small_area_45_80,,2025-10-28,אשקלון,גולדה,עולי הגרדום 28,,3.0,68.0,,0.0,,דירה בבית קומות,,,21691.0,,,,"{""source_index"": ""17"", ""deal_date"": ""2025-10-28"", ""deal_amount"": ""1475000.0"", ""price_per_sqm"": ""21691.0"", ""address"": ""עולי הגרדום 28"", ""city"": ""אשקלון"", ""neighborhood"": ""גולדה"", ""rooms"": ""3.0"", ""floor"": ""0"", ""area"": ""68.0"", ""property_type"": ""דירה בבית קומות"", ""gush"": ""3012"", ""helka"": ""16"", ""tat_helka"": ""2"", ""asset_id"": ""11279252430"", ""latitude"": ""31.6499421676167"", ""longitude"": ""34.55278783981278"", ""scraped_at"": ""2026-09-04T18:19:03.259Z""}"
unknown,C:\Users\AVIV\gaba\gabay_pricing_core\qa_output_ashkelon\sold_primary_usable.json,37,small_area_45_80,,2025-09-14,אשקלון,גולדה,עולי הגרדום 9,,3.0,63.0,,1.0,,דירה בבית קומות,,,19365.0,,,,"{""source_index"": ""18"", ""deal_date"": ""2025-09-14"", ""deal_amount"": ""1220000.0"", ""price_per_sqm"": ""19365.0"", ""address"": ""עולי הגרדום 9"", ""city"": ""אשקלון"", ""neighborhood"": ""גולדה"", ""rooms"": ""3.0"", ""floor"": ""1"", ""area"": ""63.0"", ""property_type"": ""דירה בבית קומות"", ""gush"": ""3012"", ""helka"": ""38"", ""tat_helka"": ""2"", ""asset_id"": ""11274914880"", ""latitude"": ""31.650581820566003"", ""longitude"": ""34.554061719220805"", ""scraped_at"": ""2026-09-04T18:19:03.259Z""}"
unknown,C:\Users\AVIV\gaba\gabay_pricing_core\qa_output_ashkelon\sold_primary_usable.json,39,small_area_45_80,,2025-09-03,אשקלון,גולדה,עולי הגרדום 5,,3.0,63.0,,3.0,,דירה בבית קומות,,,19841.0,,,,"{""source_index"": ""19"", ""deal_date"": ""2025-09-03"", ""deal_amount"": ""1250000.0"", ""price_per_sqm"": ""19841.0"", ""address"": ""עולי הגרדום 5"", ""city"": ""אשקלון"", ""neighborhood"": ""גולדה"", ""rooms"": ""3.0"", ""floor"": ""3"", ""area"": ""63.0"", ""property_type"": ""דירה בבית קומות"", ""gush"": ""3012"", ""helka"": ""37"", ""tat_helka"": ""11"", ""asset_id"": ""11274978690"", ""latitude"": ""31.651073698939854"", ""longitude"": ""34.55375607548224"", ""scraped_at"": ""2026-09-04T18:19:03.259Z""}"
unknown,C:\Users\AVIV\gaba\gabay_pricing_core\qa_output_ashkelon\sold_primary_usable.json,43,small_area_45_80,,2025-06-04,אשקלון,גולדה,עולי הגרדום 21,,4.0,80.0,,2.0,,דירה בבית קומות,,,15625.0,,,,"{""source_index"": ""21"", ""deal_date"": ""2025-06-04"", ""deal_amount"": ""1250000.0"", ""price_per_sqm"": ""15625.0"", ""address"": ""עולי הגרדום 21"", ""city"": ""אשקלון"", ""neighborhood"": ""גולדה"", ""rooms"": ""4.0"", ""floor"": ""2"", ""area"": ""80.0"", ""property_type"": ""דירה בבית קומות"", ""gush"": ""2843"", ""helka"": ""32"", ""tat_helka"": ""32"", ""asset_id"": ""11265621750"", ""latitude"": ""31.647005428103625"", ""longitude"": ""34.556112775941955"", ""scraped_at"": ""2026-09-04T18:19:03.259Z""}"
unknown,C:\Users\AVIV\gaba\gabay_pricing_core\qa_output_ashkelon\sold_primary_usable.json,45,small_area_45_80,,2025-05-19,אשקלון,גולדה,עולי הגרדום 5,,3.0,72.0,,3.0,,דירה בבית קומות,,,13542.0,,,,"{""source_index"": ""22"", ""deal_date"": ""2025-05-19"", ""deal_amount"": ""975000.0"", ""price_per_sqm"": ""13542.0"", ""address"": ""עולי הגרדום 5"", ""city"": ""אשקלון"", ""neighborhood"": ""גולדה"", ""rooms"": ""3.0"", ""floor"": ""3"", ""area"": ""72.0"", ""property_type"": ""דירה בבית קומות"", ""gush"": ""3012"", ""helka"": ""37"", ""tat_helka"": ""11"", ""asset_id"": ""11265926940"", ""latitude"": ""31.651073698939854"", ""longitude"": ""34.55375607548224"", ""scraped_at"": ""2026-09-04T18:19:03.259Z""}"
unknown,C:\Users\AVIV\gaba\gabay_pricing_core\qa_output_ashkelon\sold_primary_usable.json,49,small_area_45_80,,2025-01-26,אשקלון,גולדה,עולי הגרדום 11,,3.0,64.0,,4.0,,דירה בבית קומות,,,18750.0,,,,"{""source_index"": ""24"", ""deal_date"": ""2025-01-26"", ""deal_amount"": ""1200000.0"", ""price_per_sqm"": ""18750.0"", ""address"": ""עולי הגרדום 11"", ""city"": ""אשקלון"", ""neighborhood"": ""גולדה"", ""rooms"": ""3.0"", ""floor"": ""4"", ""area"": ""64.0"", ""property_type"": ""דירה בבית קומות"", ""gush"": ""3012"", ""helka"": ""39"", ""tat_helka"": ""14"", ""asset_id"": ""11253839670"", ""latitude"": ""31.650150140195407"", ""longitude"": ""34.55431569432552"", ""scraped_at"": ""2026-09-04T18:19:03.259Z""}"
unknown,C:\Users\AVIV\gaba\gabay_pricing_core\qa_output_ashkelon\sold_primary_usable.json,51,small_area_45_80,,2025-01-16,אשקלון,גולדה,עולי הגרדום 9,,3.0,70.0,,2.0,,דירה בבית קומות,,,16071.0,,,,"{""source_index"": ""25"", ""deal_date"": ""2025-01-16"", ""deal_amount"": ""1125000.0"", ""price_per_sqm"": ""16071.0"", ""address"": ""עולי הגרדום 9"", ""city"": ""אשקלון"", ""neighborhood"": ""גולדה"", ""rooms"": ""3.0"", ""floor"": ""2"", ""area"": ""70.0"", ""property_type"": ""דירה בבית קומות"", ""gush"": ""3012"", ""helka"": ""38"", ""tat_helka"": ""22"", ""asset_id"": ""11252293020"", ""latitude"": ""31.650581820566003"", ""longitude"": ""34.554061719220805"", ""scraped_at"": ""2026-09-04T18:19:03.259Z""}"
unknown,C:\Users\AVIV\gaba\gabay_pricing_core\qa_output_ashkelon\sold_primary_usable.json,53,small_area_45_80,,2024-12-23,אשקלון,גולדה,עולי הגרדום 32,,3.0,68.0,,0.0,,דירה בבית קומות,,,13235.0,,,,"{""source_index"": ""26"", ""deal_date"": ""2024-12-23"", ""deal_amount"": ""900000.0"", ""price_per_sqm"": ""13235.0"", ""address"": ""עולי הגרדום 32"", ""city"": ""אשקלון"", ""neighborhood"": ""גולדה"", ""rooms"": ""3.0"", ""floor"": ""0"", ""area"": ""68.0"", ""property_type"": ""דירה בבית קומות"", ""gush"": ""3012"", ""helka"": ""18"", ""tat_helka"": ""1"", ""asset_id"": ""11251550520"", ""latitude"": ""31.649651788953648"", ""longitude"": ""34.553402643999185"", ""scraped_at"": ""2026-09-04T18:19:03.259Z""}"
unknown,C:\Users\AVIV\gaba\gabay_pricing_core\qa_output_ashkelon\sold_primary_usable.json,55,small_area_45_80,,2024-12-22,אשקלון,גולדה,עולי הגרדום 9,,3.0,69.0,,1.0,,דירה בבית קומות,,,15652.0,,,,"{""source_index"": ""27"", ""deal_date"": ""2024-12-22"", ""deal_amount"": ""1080000.0"", ""price_per_sqm"": ""15652.0"", ""address"": ""עולי הגרדום 9"", ""city"": ""אשקלון"", ""neighborhood"": ""גולדה"", ""rooms"": ""3.0"", ""floor"": ""1"", ""area"": ""69.0"", ""property_type"": ""דירה בבית קומות"", ""gush"": ""3012"", ""helka"": ""38"", ""tat_helka"": ""20"", ""asset_id"": ""11251743480"", ""latitude"": ""31.650581820566003"", ""longitude"": ""34.554061719220805"", ""scraped_at"": ""2026-09-04T18:19:03.259Z""}"
unknown,C:\Users\AVIV\gaba\gabay_pricing_core\qa_output_ashkelon\sold_primary_usable.json,57,small_area_45_80,,2024-12-01,אשקלון,גולדה,עולי הגרדום 5,,3.0,63.0,,4.0,,דירה בבית קומות,,,16508.0,,,,"{""source_index"": ""28"", ""deal_date"": ""2024-12-01"", ""deal_amount"": ""1040000.0"", ""price_per_sqm"": ""16508.0"", ""address"": ""עולי הגרדום 5"", ""city"": ""אשקלון"", ""neighborhood"": ""גולדה"", ""rooms"": ""3.0"", ""floor"": ""4"", ""area"": ""63.0"", ""property_type"": ""דירה בבית קומות"", ""gush"": ""3012"", ""helka"": ""37"", ""tat_helka"": ""29"", ""asset_id"": ""11187578880"", ""latitude"": ""31.651073698939854"", ""longitude"": ""34.55375607548224"", ""scraped_at"": ""2026-09-04T18:19:03.259Z""}"
unknown,C:\Users\AVIV\gaba\gabay_pricing_core\qa_output_ashkelon\sold_primary_usable.json,59,small_area_45_80,,2024-10-29,אשקלון,גולדה,עולי הגרדום 11,,3.0,63.0,,2.0,,דירה בבית קומות,,,18254.0,,,,"{""source_index"": ""29"", ""deal_date"": ""2024-10-29"", ""deal_amount"": ""1150000.0"", ""price_per_sqm"": ""18254.0"", ""address"": ""עולי הגרדום 11"", ""city"": ""אשקלון"", ""neighborhood"": ""גולדה"", ""rooms"": ""3.0"", ""floor"": ""2"", ""area"": ""63.0"", ""property_type"": ""דירה בבית קומות"", ""gush"": ""3012"", ""helka"": ""39"", ""tat_helka"": ""7"", ""asset_id"": ""11185483590"", ""latitude"": ""31.650150140195407"", ""longitude"": ""34.55431569432552"", ""scraped_at"": ""2026-09-04T18:19:03.259Z""}"
unknown,C:\Users\AVIV\gaba\gabay_pricing_core\qa_output_ashkelon\sold_primary_usable.json,61,small_area_45_80,,2024-10-10,אשקלון,גולדה,עולי הגרדום 12,,3.0,69.0,,0.0,,דירה בבית קומות,,,22754.0,,,,"{""source_index"": ""30"", ""deal_date"": ""2024-10-10"", ""deal_amount"": ""1570000.0"", ""price_per_sqm"": ""22754.0"", ""address"": ""עולי הגרדום 12"", ""city"": ""אשקלון"", ""neighborhood"": ""גולדה"", ""rooms"": ""3.0"", ""floor"": ""0"", ""area"": ""69.0"", ""property_type"": ""דירה בבית קומות"", ""gush"": ""3012"", ""helka"": ""10"", ""tat_helka"": ""3"", ""asset_id"": ""11184323850"", ""latitude"": ""31.650599708360033"", ""longitude"": ""34.55241230976787"", ""scraped_at"": ""2026-09-04T18:19:03.260Z""}"
unknown,C:\Users\AVIV\gaba\gabay_pricing_core\qa_output_ashkelon\sold_primary_usable.json,65,small_area_45_80,,2024-09-04,אשקלון,גולדה,עולי הגרדום 11,,3.0,64.0,,4.0,,דירה בבית קומות,,,13281.0,,,,"{""source_index"": ""32"", ""deal_date"": ""2024-09-04"", ""deal_amount"": ""850000.0"", ""price_per_sqm"": ""13281.0"", ""address"": ""עולי הגרדום 11"", ""city"": ""אשקלון"", ""neighborhood"": ""גולדה"", ""rooms"": ""3.0"", ""floor"": ""4"", ""area"": ""64.0"", ""property_type"": ""דירה בבית קומות"", ""gush"": ""3012"", ""helka"": ""39"", ""tat_helka"": ""29"", ""asset_id"": ""11182270770"", ""latitude"": ""31.650150140195407"", ""longitude"": ""34.55431569432552"", ""scraped_at"": ""2026-09-04T18:19:03.260Z""}"
unknown,C:\Users\AVIV\gaba\gabay_pricing_core\qa_output_ashkelon\sold_primary_usable.json,67,small_area_45_80,,2024-08-07,אשקלון,גולדה,עולי הגרדום 5,,3.0,63.0,,3.0,,דירה בבית קומות,,,18413.0,,,,"{""source_index"": ""33"", ""deal_date"": ""2024-08-07"", ""deal_amount"": ""1160000.0"", ""price_per_sqm"": ""18413.0"", ""address"": ""עולי הגרדום 5"", ""city"": ""אשקלון"", ""neighborhood"": ""גולדה"", ""rooms"": ""3.0"", ""floor"": ""3"", ""area"": ""63.0"", ""property_type"": ""דירה בבית קומות"", ""gush"": ""3012"", ""helka"": ""37"", ""tat_helka"": ""9"", ""asset_id"": ""11177883540"", ""latitude"": ""31.651073698939854"", ""longitude"": ""34.55375607548224"", ""scraped_at"": ""2026-09-04T18:19:03.260Z""}"
unknown,C:\Users\AVIV\gaba\gabay_pricing_core\qa_output_ashkelon\sold_primary_usable.json,69,small_area_45_80,,2024-07-09,אשקלון,גולדה,עולי הגרדום 66,,3.0,62.0,,0.0,,קוטג' טורי,,,18548.0,,,,"{""source_index"": ""34"", ""deal_date"": ""2024-07-09"", ""deal_amount"": ""1150000.0"", ""price_per_sqm"": ""18548.0"", ""address"": ""עולי הגרדום 66"", ""city"": ""אשקלון"", ""neighborhood"": ""גולדה"", ""rooms"": ""3.0"", ""floor"": ""0"", ""area"": ""62.0"", ""property_type"": ""קוטג' טורי"", ""gush"": ""3012"", ""helka"": ""33"", ""tat_helka"": ""2"", ""asset_id"": ""11174986170"", ""latitude"": ""31.647736879341807"", ""longitude"": ""34.55405519009021"", ""scraped_at"": ""2026-09-04T18:19:03.260Z""}"
unknown,C:\Users\AVIV\gaba\gabay_pricing_core\qa_output_ashkelon\sold_primary_usable.json,75,small_area_45_80,,2023-10-30,אשקלון,גולדה,עולי הגרדום 5,,3.0,64.0,,4.0,,דירה בבית קומות,,,15313.0,,,,"{""source_index"": ""37"", ""deal_date"": ""2023-10-30"", ""deal_amount"": ""980000.0"", ""price_per_sqm"": ""15313.0"", ""address"": ""עולי הגרדום 5"", ""city"": ""אשקלון"", ""neighborhood"": ""גולדה"", ""rooms"": ""3.0"", ""floor"": ""4"", ""area"": ""64.0"", ""property_type"": ""דירה בבית קומות"", ""gush"": ""3012"", ""helka"": ""37"", ""tat_helka"": ""29"", ""asset_id"": ""11093213970"", ""latitude"": ""31.651073698939854"", ""longitude"": ""34.55375607548224"", ""scraped_at"": ""2026-09-04T18:19:03.260Z""}"
unknown,C:\Users\AVIV\gaba\gabay_pricing_core\qa_output_ashkelon\sold_primary_usable.json,77,small_area_45_80,,2023-08-16,אשקלון,גולדה,עולי הגרדום 54,,3.0,74.0,,0.0,,דירה בבית קומות,,,11176.0,,,,"{""source_index"": ""38"", ""deal_date"": ""2023-08-16"", ""deal_amount"": ""827000.0"", ""price_per_sqm"": ""11176.0"", ""address"": ""עולי הגרדום 54"", ""city"": ""אשקלון"", ""neighborhood"": ""גולדה"", ""rooms"": ""3.0"", ""floor"": ""0"", ""area"": ""74.0"", ""property_type"": ""דירה בבית קומות"", ""gush"": ""3012"", ""helka"": ""27"", ""tat_helka"": ""6"", ""asset_id"": ""11091684510"", ""latitude"": ""31.64890780605063"", ""longitude"": ""34.55411296611685"", ""scraped_at"": ""2026-09-04T18:19:03.260Z""}"
unknown,C:\Users\AVIV\gaba\gabay_pricing_core\qa_output_ashkelon\sold_primary_usable.json,79,small_area_45_80,,2023-07-28,אשקלון,גולדה,עולי הגרדום 3,,3.0,65.0,,3.0,,דירה בבית קומות,,,18462.0,,,,"{""source_index"": ""39"", ""deal_date"": ""2023-07-28"", ""deal_amount"": ""1200000.0"", ""price_per_sqm"": ""18462.0"", ""address"": ""עולי הגרדום 3"", ""city"": ""אשקלון"", ""neighborhood"": ""גולדה"", ""rooms"": ""3.0"", ""floor"": ""3"", ""area"": ""65.0"", ""property_type"": ""דירה בבית קומות"", ""gush"": ""3012"", ""helka"": ""36"", ""tat_helka"": ""12"", ""asset_id"": ""11087778150"", ""latitude"": ""31.651550875575367"", ""longitude"": ""34.55348416586267"", ""scraped_at"": ""2026-09-04T18:19:03.260Z""}"
unknown,C:\Users\AVIV\gaba\gabay_pricing_core\qa_output_ashkelon\sold_primary_usable.json,85,small_area_45_80,,2023-06-19,אשקלון,גולדה,עולי הגרדום 11,,3.0,63.0,,4.0,,דירה בבית קומות,,,16667.0,,,,"{""source_index"": ""42"", ""deal_date"": ""2023-06-19"", ""deal_amount"": ""1050000.0"", ""price_per_sqm"": ""16667.0"", ""address"": ""עולי הגרדום 11"", ""city"": ""אשקלון"", ""neighborhood"": ""גולדה"", ""rooms"": ""3.0"", ""floor"": ""4"", ""area"": ""63.0"", ""property_type"": ""דירה בבית קומות"", ""gush"": ""3012"", ""helka"": ""39"", ""tat_helka"": ""14"", ""asset_id"": ""11084113080"", ""latitude"": ""31.650150140195407"", ""longitude"": ""34.55431569432552"", ""scraped_at"": ""2026-09-04T18:19:03.327Z""}"
unknown,C:\Users\AVIV\gaba\gabay_pricing_core\qa_output_ashkelon\sold_primary_usable.json,87,small_area_45_80,,2023-05-07,אשקלון,גולדה,עולי הגרדום 3,,3.0,69.0,,1.0,,דירה בבית קומות,,,13913.0,,,,"{""source_index"": ""43"", ""deal_date"": ""2023-05-07"", ""deal_amount"": ""960000.0"", ""price_per_sqm"": ""13913.0"", ""address"": ""עולי הגרדום 3"", ""city"": ""אשקלון"", ""neighborhood"": ""גולדה"", ""rooms"": ""3.0"", ""floor"": ""1"", ""area"": ""69.0"", ""property_type"": ""דירה בבית קומות"", ""gush"": ""3012"", ""helka"": ""36"", ""tat_helka"": ""3"", ""asset_id"": ""11081468970"", ""latitude"": ""31.651550875575367"", ""longitude"": ""34.55348416586267"", ""scraped_at"": ""2026-09-04T18:19:03.327Z""}"
unknown,C:\Users\AVIV\gaba\gabay_pricing_core\qa_output_ashkelon\sold_primary_usable.json,89,small_area_45_80,,2023-02-19,אשקלון,גולדה,עולי הגרדום 56,,4.0,72.0,,0.0,,קוטג' דו משפחתי,,,20139.0,,,,"{""source_index"": ""44"", ""deal_date"": ""2023-02-19"", ""deal_amount"": ""1450000.0"", ""price_per_sqm"": ""20139.0"", ""address"": ""עולי הגרדום 56"", ""city"": ""אשקלון"", ""neighborhood"": ""גולדה"", ""rooms"": ""4.0"", ""floor"": ""0"", ""area"": ""72.0"", ""property_type"": ""קוטג' דו משפחתי"", ""gush"": ""3012"", ""helka"": ""28"", ""tat_helka"": ""3"", ""asset_id"": ""11074170960"", ""latitude"": ""31.64876015719669"", ""longitude"": ""34.55442382425444"", ""scraped_at"": ""2026-09-04T18:19:03.327Z""}"
unknown,C:\Users\AVIV\gaba\gabay_pricing_core\qa_output_ashkelon\sold_primary_usable.json,93,small_area_45_80,,2023-01-19,אשקלון,גולדה,עולי הגרדום 5,,3.0,65.0,,3.0,,דירה בבית קומות,,,16308.0,,,,"{""source_index"": ""46"", ""deal_date"": ""2023-01-19"", ""deal_amount"": ""1060000.0"", ""price_per_sqm"": ""16308.0"", ""address"": ""עולי הגרדום 5"", ""city"": ""אשקלון"", ""neighborhood"": ""גולדה"", ""rooms"": ""3.0"", ""floor"": ""3"", ""area"": ""65.0"", ""property_type"": ""דירה בבית קומות"", ""gush"": ""3012"", ""helka"": ""37"", ""tat_helka"": ""28"", ""asset_id"": ""11072973330"", ""latitude"": ""31.651073698939854"", ""longitude"": ""34.55375607548224"", ""scraped_at"": ""2026-09-04T18:19:03.327Z""}"
unknown,C:\Users\AVIV\gaba\gabay_pricing_core\qa_output_ashkelon\sold_primary_usable.json,97,small_area_45_80,,2022-10-30,אשקלון,גולדה,עולי הגרדום 10,,3.0,68.0,,0.0,,דירה בבית קומות,,,16176.0,,,,"{""source_index"": ""48"", ""deal_date"": ""2022-10-30"", ""deal_amount"": ""1100000.0"", ""price_per_sqm"": ""16176.0"", ""address"": ""עולי הגרדום 10"", ""city"": ""אשקלון"", ""neighborhood"": ""גולדה"", ""rooms"": ""3.0"", ""floor"": ""0"", ""area"": ""68.0"", ""property_type"": ""דירה בבית קומות"", ""gush"": ""3012"", ""helka"": ""5"", ""tat_helka"": ""6"", ""asset_id"": ""11009920950"", ""latitude"": ""31.650881698378285"", ""longitude"": ""34.55218429845048"", ""scraped_at"": ""2026-09-04T18:19:03.327Z""}"
unknown,C:\Users\AVIV\gaba\gabay_pricing_core\qa_output_ashkelon\sold_primary_usable.json,99,small_area_45_80,,2022-09-07,אשקלון,גולדה,עולי הגרדום 12,,3.0,69.0,,0.0,,דירה בבית קומות,,,18551.0,,,,"{""source_index"": ""49"", ""deal_date"": ""2022-09-07"", ""deal_amount"": ""1280000.0"", ""price_per_sqm"": ""18551.0"", ""address"": ""עולי הגרדום 12"", ""city"": ""אשקלון"", ""neighborhood"": ""גולדה"", ""rooms"": ""3.0"", ""floor"": ""0"", ""area"": ""69.0"", ""property_type"": ""דירה בבית קומות"", ""gush"": ""3012"", ""helka"": ""10"", ""tat_helka"": ""3"", ""asset_id"": ""11004829740"", ""latitude"": ""31.650599708360033"", ""longitude"": ""34.55241230976787"", ""scraped_at"": ""2026-09-04T18:19:03.327Z""}"
unknown,C:\Users\AVIV\gaba\gabay_pricing_core\qa_output_ashkelon\sold_primary_usable.json,101,small_area_45_80,,2022-07-27,אשקלון,גולדה,עולי הגרדום 32,,3.0,70.0,,0.0,,קוטג' דו משפחתי,,,18571.0,,,,"{""source_index"": ""50"", ""deal_date"": ""2022-07-27"", ""deal_amount"": ""1300000.0"", ""price_per_sqm"": ""18571.0"", ""address"": ""עולי הגרדום 32"", ""city"": ""אשקלון"", ""neighborhood"": ""גולדה"", ""rooms"": ""3.0"", ""floor"": ""0"", ""area"": ""70.0"", ""property_type"": ""קוטג' דו משפחתי"", ""gush"": ""3012"", ""helka"": ""18"", ""tat_helka"": ""4"", ""asset_id"": ""11000879640"", ""latitude"": ""31.649651788953648"", ""longitude"": ""34.553402643999185"", ""scraped_at"": ""2026-09-04T18:19:03.327Z""}"
unknown,C:\Users\AVIV\gaba\gabay_pricing_core\qa_output_ashkelon\sold_primary_usable.json,103,small_area_45_80,,2022-07-26,אשקלון,גולדה,עולי הגרדום 80,,3.0,63.0,,0.0,,דירה בבית קומות,,,18254.0,,,,"{""source_index"": ""51"", ""deal_date"": ""2022-07-26"", ""deal_amount"": ""1150000.0"", ""price_per_sqm"": ""18254.0"", ""address"": ""עולי הגרדום 80"", ""city"": ""אשקלון"", ""neighborhood"": ""גולדה"", ""rooms"": ""3.0"", ""floor"": ""0"", ""area"": ""63.0"", ""property_type"": ""דירה בבית קומות"", ""gush"": ""3011"", ""helka"": ""5"", ""tat_helka"": ""2"", ""asset_id"": ""11000973060"", ""latitude"": ""31.647265074161012"", ""longitude"": ""34.5548424174822"", ""scraped_at"": ""2026-09-04T18:19:03.327Z""}"
unknown,C:\Users\AVIV\gaba\gabay_pricing_core\qa_output_ashkelon\sold_primary_usable.json,105,small_area_45_80,,2022-07-11,אשקלון,גולדה,עולי הגרדום 72,,3.0,65.0,,0.0,,דירה בבית קומות,,,21846.0,,,,"{""source_index"": ""52"", ""deal_date"": ""2022-07-11"", ""deal_amount"": ""1420000.0"", ""price_per_sqm"": ""21846.0"", ""address"": ""עולי הגרדום 72"", ""city"": ""אשקלון"", ""neighborhood"": ""גולדה"", ""rooms"": ""3.0"", ""floor"": ""0"", ""area"": ""65.0"", ""property_type"": ""דירה בבית קומות"", ""gush"": ""3012"", ""helka"": ""34"", ""tat_helka"": ""1"", ""asset_id"": ""10999886850"", ""latitude"": ""31.647913939968063"", ""longitude"": ""34.55476319978359"", ""scraped_at"": ""2026-09-04T18:19:03.327Z""}"
unknown,C:\Users\AVIV\gaba\gabay_pricing_core\qa_output_ashkelon\sold_primary_usable.json,107,small_area_45_80,,2022-06-20,אשקלון,גולדה,עולי הגרדום 28,,3.0,68.0,,0.0,,דירה בבית קומות,,,15882.0,,,,"{""source_index"": ""53"", ""deal_date"": ""2022-06-20"", ""deal_amount"": ""1080000.0"", ""price_per_sqm"": ""15882.0"", ""address"": ""עולי הגרדום 28"", ""city"": ""אשקלון"", ""neighborhood"": ""גולדה"", ""rooms"": ""3.0"", ""floor"": ""0"", ""area"": ""68.0"", ""property_type"": ""דירה בבית קומות"", ""gush"": ""3012"", ""helka"": ""16"", ""tat_helka"": ""2"", ""asset_id"": ""10997222040"", ""latitude"": ""31.6499421676167"", ""longitude"": ""34.55278783981278"", ""scraped_at"": ""2026-09-04T18:19:03.327Z""}"
unknown,C:\Users\AVIV\gaba\gabay_pricing_core\qa_output_ashkelon\sold_primary_usable.json,109,small_area_45_80,,2022-06-15,אשקלון,גולדה,עולי הגרדום 84,,3.0,69.0,,0.0,,דירה בבית קומות,,,7826.0,,,,"{""source_index"": ""54"", ""deal_date"": ""2022-06-15"", ""deal_amount"": ""540000.0"", ""price_per_sqm"": ""7826.0"", ""address"": ""עולי הגרדום 84"", ""city"": ""אשקלון"", ""neighborhood"": ""גולדה"", ""rooms"": ""3.0"", ""floor"": ""0"", ""area"": ""69.0"", ""property_type"": ""דירה בבית קומות"", ""gush"": ""3011"", ""helka"": ""8"", ""tat_helka"": ""3"", ""asset_id"": ""10997077410"", ""latitude"": ""31.646669725624307"", ""longitude"": ""34.554732447135336"", ""scraped_at"": ""2026-09-04T18:19:03.327Z""}"
unknown,C:\Users\AVIV\gaba\gabay_pricing_core\qa_output_ashkelon\sold_primary_usable.json,111,small_area_45_80,,2022-05-18,אשקלון,גולדה,עולי הגרדום 76,,3.0,70.0,,0.0,,דירה בבית קומות,,,19000.0,,,,"{""source_index"": ""55"", ""deal_date"": ""2022-05-18"", ""deal_amount"": ""1330000.0"", ""price_per_sqm"": ""19000.0"", ""address"": ""עולי הגרדום 76"", ""city"": ""אשקלון"", ""neighborhood"": ""גולדה"", ""rooms"": ""3.0"", ""floor"": ""0"", ""area"": ""70.0"", ""property_type"": ""דירה בבית קומות"", ""gush"": ""3011"", ""helka"": ""3"", ""tat_helka"": ""3"", ""asset_id"": ""10992801870"", ""latitude"": ""31.647413369487268"", ""longitude"": ""34.55522355324791"", ""scraped_at"": ""2026-09-04T18:19:03.327Z""}"
unknown,C:\Users\AVIV\gaba\gabay_pricing_core\qa_output_ashkelon\sold_primary_usable.json,113,small_area_45_80,,2022-04-13,אשקלון,גולדה,עולי הגרדום 8,,3.0,76.0,,0.0,,קוטג' דו משפחתי,,,15789.0,,,,"{""source_index"": ""56"", ""deal_date"": ""2022-04-13"", ""deal_amount"": ""1200000.0"", ""price_per_sqm"": ""15789.0"", ""address"": ""עולי הגרדום 8"", ""city"": ""אשקלון"", ""neighborhood"": ""גולדה"", ""rooms"": ""3.0"", ""floor"": ""0"", ""area"": ""76.0"", ""property_type"": ""קוטג' דו משפחתי"", ""gush"": ""3012"", ""helka"": ""4"", ""tat_helka"": ""2"", ""asset_id"": ""10989961110"", ""latitude"": ""31.651247764377047"", ""longitude"": ""34.55198228401632"", ""scraped_at"": ""2026-09-04T18:19:03.328Z""}"
unknown,C:\Users\AVIV\gaba\gabay_pricing_core\qa_output_ashkelon\sold_primary_usable.json,115,small_area_45_80,,2022-03-30,אשקלון,גולדה,עולי הגרדום 64,,3.0,78.0,,0.0,,דירה בבית קומות,,,14974.0,,,,"{""source_index"": ""57"", ""deal_date"": ""2022-03-30"", ""deal_amount"": ""1168000.0"", ""price_per_sqm"": ""14974.0"", ""address"": ""עולי הגרדום 64"", ""city"": ""אשקלון"", ""neighborhood"": ""גולדה"", ""rooms"": ""3.0"", ""floor"": ""0"", ""area"": ""78.0"", ""property_type"": ""דירה בבית קומות"", ""gush"": ""3012"", ""helka"": ""32"", ""tat_helka"": ""1"", ""asset_id"": ""10990717560"", ""latitude"": ""31.648148307651127"", ""longitude"": ""34.553901804547976"", ""scraped_at"": ""2026-09-04T18:19:03.328Z""}"
unknown,C:\Users\AVIV\gaba\gabay_pricing_core\qa_output_ashkelon\sold_primary_usable.json,117,small_area_45_80,,2022-03-11,אשקלון,גולדה,עולי הגרדום 64,,3.0,69.0,,0.0,,דירה בבית קומות,,,20290.0,,,,"{""source_index"": ""58"", ""deal_date"": ""2022-03-11"", ""deal_amount"": ""1400000.0"", ""price_per_sqm"": ""20290.0"", ""address"": ""עולי הגרדום 64"", ""city"": ""אשקלון"", ""neighborhood"": ""גולדה"", ""rooms"": ""3.0"", ""floor"": ""0"", ""area"": ""69.0"", ""property_type"": ""דירה בבית קומות"", ""gush"": ""3012"", ""helka"": ""32"", ""tat_helka"": ""2"", ""asset_id"": ""10987825050"", ""latitude"": ""31.648148307651127"", ""longitude"": ""34.553901804547976"", ""scraped_at"": ""2026-09-04T18:19:03.328Z""}"
unknown,C:\Users\AVIV\gaba\gabay_pricing_core\qa_output_ashkelon\sold_primary_usable.json,119,small_area_45_80,,2022-02-09,אשקלון,גולדה,עולי הגרדום 5,,3.0,63.0,,3.0,,דירה בבית קומות,,,12302.0,,,,"{""source_index"": ""59"", ""deal_date"": ""2022-02-09"", ""deal_amount"": ""775000.0"", ""price_per_sqm"": ""12302.0"", ""address"": ""עולי הגרדום 5"", ""city"": ""אשקלון"", ""neighborhood"": ""גולדה"", ""rooms"": ""3.0"", ""floor"": ""3"", ""area"": ""63.0"", ""property_type"": ""דירה בבית קומות"", ""gush"": ""3012"", ""helka"": ""37"", ""tat_helka"": ""9"", ""asset_id"": ""10984687830"", ""latitude"": ""31.651073698939854"", ""longitude"": ""34.55375607548224"", ""scraped_at"": ""2026-09-04T18:19:03.328Z""}"
unknown,C:\Users\AVIV\gaba\gabay_pricing_core\qa_output_ashkelon\sold_primary_usable.json,121,small_area_45_80,,2022-02-02,אשקלון,גולדה,עולי הגרדום 6,,4.0,62.0,,0.0,,דירה בבית קומות,,,22097.0,,,,"{""source_index"": ""60"", ""deal_date"": ""2022-02-02"", ""deal_amount"": ""1370000.0"", ""price_per_sqm"": ""22097.0"", ""address"": ""עולי הגרדום 6"", ""city"": ""אשקלון"", ""neighborhood"": ""גולדה"", ""rooms"": ""4.0"", ""floor"": ""0"", ""area"": ""62.0"", ""property_type"": ""דירה בבית קומות"", ""gush"": ""3012"", ""helka"": ""3"", ""tat_helka"": ""2"", ""asset_id"": ""10983505770"", ""latitude"": ""31.651513117007326"", ""longitude"": ""34.55226408236758"", ""scraped_at"": ""2026-09-04T18:19:03.328Z""}"
unknown,C:\Users\AVIV\gaba\gabay_pricing_core\qa_output_ashkelon\sold_primary_usable.json,123,small_area_45_80,,2022-01-06,אשקלון,גולדה,עולי הגרדום 11,,3.0,75.0,,3.0,,דירה בבית קומות,,,10533.0,,,,"{""source_index"": ""61"", ""deal_date"": ""2022-01-06"", ""deal_amount"": ""790000.0"", ""price_per_sqm"": ""10533.0"", ""address"": ""עולי הגרדום 11"", ""city"": ""אשקלון"", ""neighborhood"": ""גולדה"", ""rooms"": ""3.0"", ""floor"": ""3"", ""area"": ""75.0"", ""property_type"": ""דירה בבית קומות"", ""gush"": ""3012"", ""helka"": ""39"", ""tat_helka"": ""12"", ""asset_id"": ""10982663820"", ""latitude"": ""31.650150140195407"", ""longitude"": ""34.55431569432552"", ""scraped_at"": ""2026-09-04T18:19:03.328Z""}"
unknown,C:\Users\AVIV\gaba\gabay_pricing_core\qa_output_ashkelon\sold_primary_usable.json,125,small_area_45_80,,2021-11-11,אשקלון,גולדה,עולי הגרדום 60,,3.0,68.0,,0.0,,דירה בבית קומות,,,9118.0,,,,"{""source_index"": ""62"", ""deal_date"": ""2021-11-11"", ""deal_amount"": ""620000.0"", ""price_per_sqm"": ""9118.0"", ""address"": ""עולי הגרדום 60"", ""city"": ""אשקלון"", ""neighborhood"": ""גולדה"", ""rooms"": ""3.0"", ""floor"": ""0"", ""area"": ""68.0"", ""property_type"": ""דירה בבית קומות"", ""gush"": ""3012"", ""helka"": ""30"", ""tat_helka"": ""7"", ""asset_id"": ""10917974970"", ""latitude"": ""31.64812490433728"", ""longitude"": ""34.554506490731534"", ""scraped_at"": ""2026-09-04T18:19:03.328Z""}"
unknown,C:\Users\AVIV\gaba\gabay_pricing_core\qa_output_ashkelon\sold_primary_usable.json,127,small_area_45_80,,2021-10-20,אשקלון,גולדה,עולי הגרדום 48,,4.0,63.0,,0.0,,דירה בבית קומות,,,18968.0,,,,"{""source_index"": ""63"", ""deal_date"": ""2021-10-20"", ""deal_amount"": ""1195000.0"", ""price_per_sqm"": ""18968.0"", ""address"": ""עולי הגרדום 48"", ""city"": ""אשקלון"", ""neighborhood"": ""גולדה"", ""rooms"": ""4.0"", ""floor"": ""0"", ""area"": ""63.0"", ""property_type"": ""דירה בבית קומות"", ""gush"": ""3012"", ""helka"": ""24"", ""tat_helka"": ""3"", ""asset_id"": ""10915783920"", ""latitude"": ""31.648847248904232"", ""longitude"": ""34.55352153454586"", ""scraped_at"": ""2026-09-04T18:19:03.328Z""}"
unknown,C:\Users\AVIV\gaba\gabay_pricing_core\qa_output_ashkelon\sold_primary_usable.json,129,small_area_45_80,,2021-10-04,אשקלון,גולדה,עולי הגרדום 5,,3.0,64.0,,2.0,,דירה בבית קומות,,,12969.0,,,,"{""source_index"": ""64"", ""deal_date"": ""2021-10-04"", ""deal_amount"": ""830000.0"", ""price_per_sqm"": ""12969.0"", ""address"": ""עולי הגרדום 5"", ""city"": ""אשקלון"", ""neighborhood"": ""גולדה"", ""rooms"": ""3.0"", ""floor"": ""2"", ""area"": ""64.0"", ""property_type"": ""דירה בבית קומות"", ""gush"": ""3012"", ""helka"": ""37"", ""tat_helka"": ""21"", ""asset_id"": ""10916990550"", ""latitude"": ""31.651073698939854"", ""longitude"": ""34.55375607548224"", ""scraped_at"": ""2026-09-04T18:19:03.328Z""}"
unknown,C:\Users\AVIV\gaba\gabay_pricing_core\qa_output_ashkelon\sold_primary_usable.json,131,large_area_140_195,,2021-10-04,אשקלון,גולדה,עולי הגרדום 19,,5.0,140.0,,,,דירה בבית קומות,,,11679.0,,,,"{""source_index"": ""65"", ""deal_date"": ""2021-10-04"", ""deal_amount"": ""1635000.0"", ""price_per_sqm"": ""11679.0"", ""address"": ""עולי הגרדום 19"", ""city"": ""אשקלון"", ""neighborhood"": ""גולדה"", ""rooms"": ""5.0"", ""floor"": ""קרקע ראשונה ושניה"", ""area"": ""140.0"", ""property_type"": ""דירה בבית קומות"", ""gush"": ""2843"", ""helka"": ""34"", ""tat_helka"": ""1"", ""asset_id"": ""10915309440"", ""latitude"": ""31.647863055879995"", ""longitude"": ""34.55544718968453"", ""scraped_at"": ""2026-09-04T18:19:03.328Z""}"
unknown,C:\Users\AVIV\gaba\gabay_pricing_core\qa_output_ashkelon\sold_primary_usable.json,133,large_area_140_195,,2024-07-11,אשקלון,האגמים,עין עברונה 9,,5.0,146.0,,,,דירה בבית קומות,,,14692.0,,,,"{""source_index"": ""66"", ""deal_date"": ""2024-07-11"", ""deal_amount"": ""2145000.0"", ""price_per_sqm"": ""14692.0"", ""address"": ""עין עברונה 9"", ""city"": ""אשקלון"", ""neighborhood"": ""האגמים"", ""rooms"": ""5.0"", ""floor"": ""שניה, שלישית"", ""area"": ""146.0"", ""property_type"": ""דירה בבית קומות"", ""gush"": ""2882"", ""helka"": ""5"", ""tat_helka"": ""14"", ""asset_id"": ""11175019650"", ""latitude"": ""31.647303165578975"", ""longitude"": ""34.56144928493107"", ""scraped_at"": ""2026-09-04T18:19:03.519Z""}"
unknown,C:\Users\AVIV\gaba\gabay_pricing_core\qa_output_ashkelon\sold_primary_usable.json,135,special_property_type,garden,2023-06-01,אשקלון,האגמים,עין עברונה 9,,4.0,101.0,,0.0,,דירת גן,,,19307.0,,,,"{""source_index"": ""67"", ""deal_date"": ""2023-06-01"", ""deal_amount"": ""1950000.0"", ""price_per_sqm"": ""19307.0"", ""address"": ""עין עברונה 9"", ""city"": ""אשקלון"", ""neighborhood"": ""האגמים"", ""rooms"": ""4.0"", ""floor"": ""0"", ""area"": ""101.0"", ""property_type"": ""דירת גן"", ""gush"": ""2882"", ""helka"": ""5"", ""tat_helka"": ""8"", ""asset_id"": ""11083544280"", ""latitude"": ""31.647303165578975"", ""longitude"": ""34.56144928493107"", ""scraped_at"": ""2026-09-04T18:19:03.519Z""}"
unknown,C:\Users\AVIV\gaba\gabay_pricing_core\qa_output_ashkelon\sold_primary_usable.json,137,small_area_45_80 | special_property_type,garden,2022-11-24,אשקלון,האגמים,עין עברונה 9,,3.0,80.0,,0.0,,דירת גן,,,22250.0,,,,"{""source_index"": ""68"", ""deal_date"": ""2022-11-24"", ""deal_amount"": ""1780000.0"", ""price_per_sqm"": ""22250.0"", ""address"": ""עין עברונה 9"", ""city"": ""אשקלון"", ""neighborhood"": ""האגמים"", ""rooms"": ""3.0"", ""floor"": ""0"", ""area"": ""80.0"", ""property_type"": ""דירת גן"", ""gush"": ""2882"", ""helka"": ""5"", ""tat_helka"": ""7"", ""asset_id"": ""11012682420"", ""latitude"": ""31.647303165578975"", ""longitude"": ""34.56144928493107"", ""scraped_at"": ""2026-09-04T18:19:03.519Z""}"
unknown,C:\Users\AVIV\gaba\gabay_pricing_core\qa_output_ashkelon\sold_primary_usable.json,161,small_area_45_80,,2026-06-08,אשקלון,האגמים,נחל עירון 1,,3.0,71.0,,2.0,,דירה בבית קומות,,,20352.0,,,,"{""source_index"": ""80"", ""deal_date"": ""2026-06-08"", ""deal_amount"": ""1445000.0"", ""price_per_sqm"": ""20352.0"", ""address"": ""נחל עירון 1"", ""city"": ""אשקלון"", ""neighborhood"": ""האגמים"", ""rooms"": ""3.0"", ""floor"": ""2"", ""area"": ""71.0"", ""property_type"": ""דירה בבית קומות"", ""gush"": ""2882"", ""helka"": ""8"", ""tat_helka"": ""19"", ""asset_id"": ""11352802410"", ""latitude"": ""31.647107337288077"", ""longitude"": ""34.55954460990013"", ""scraped_at"": ""2026-09-04T18:19:04.706Z""}"
unknown,C:\Users\AVIV\gaba\gabay_pricing_core\qa_output_ashkelon\sold_primary_usable.json,187,small_area_45_80,,2021-12-22,אשקלון,האגמים,נחל עירון 1,,3.0,71.0,,3.0,,דירה בבית קומות,,,18592.0,,,,"{""source_index"": ""93"", ""deal_date"": ""2021-12-22"", ""deal_amount"": ""1320000.0"", ""price_per_sqm"": ""18592.0"", ""address"": ""נחל עירון 1"", ""city"": ""אשקלון"", ""neighborhood"": ""האגמים"", ""rooms"": ""3.0"", ""floor"": ""3"", ""area"": ""71.0"", ""property_type"": ""דירה בבית קומות"", ""gush"": ""2882"", ""helka"": ""8"", ""tat_helka"": ""25"", ""asset_id"": ""10987395750"", ""latitude"": ""31.647107337288077"", ""longitude"": ""34.55954460990013"", ""scraped_at"": ""2026-09-04T18:19:04.707Z""}"
unknown,C:\Users\AVIV\gaba\gabay_pricing_core\qa_output_ashkelon\sold_primary_usable.json,191,special_property_type,garden,2026-05-25,אשקלון,גולדה,התקווה 5,,4.0,89.0,,0.0,,דירת גן,,,17978.0,,,,"{""source_index"": ""95"", ""deal_date"": ""2026-05-25"", ""deal_amount"": ""1600000.0"", ""price_per_sqm"": ""17978.0"", ""address"": ""התקווה 5"", ""city"": ""אשקלון"", ""neighborhood"": ""גולדה"", ""rooms"": ""4.0"", ""floor"": ""0"", ""area"": ""89.0"", ""property_type"": ""דירת גן"", ""gush"": ""2843"", ""helka"": ""35"", ""tat_helka"": ""1"", ""asset_id"": ""11352888450"", ""latitude"": ""31.64776225342972"", ""longitude"": ""34.55617216227605"", ""scraped_at"": ""2026-09-04T18:19:04.710Z""}"
unknown,C:\Users\AVIV\gaba\gabay_pricing_core\qa_output_ashkelon\sold_primary_usable.json,195,special_property_type,garden,2023-04-24,אשקלון,גולדה,התקווה 5,,4.0,90.0,,0.0,,דירת גן,,,18333.0,,,,"{""source_index"": ""97"", ""deal_date"": ""2023-04-24"", ""deal_amount"": ""1650000.0"", ""price_per_sqm"": ""18333.0"", ""address"": ""התקווה 5"", ""city"": ""אשקלון"", ""neighborhood"": ""גולדה"", ""rooms"": ""4.0"", ""floor"": ""0"", ""area"": ""90.0"", ""property_type"": ""דירת גן"", ""gush"": ""2843"", ""helka"": ""35"", ""tat_helka"": ""4"", ""asset_id"": ""11079377280"", ""latitude"": ""31.64776225342972"", ""longitude"": ""34.55617216227605"", ""scraped_at"": ""2026-09-04T18:19:04.710Z""}"
unknown,C:\Users\AVIV\gaba\gabay_pricing_core\qa_output_ashkelon\sold_primary_usable.json,199,large_area_140_195,,2025-12-08,אשקלון,גולדה,התקווה 1,,5.0,145.0,,,,דירה בבית קומות,,,14276.0,,,,"{""source_index"": ""99"", ""deal_date"": ""2025-12-08"", ""deal_amount"": ""2070000.0"", ""price_per_sqm"": ""14276.0"", ""address"": ""התקווה 1"", ""city"": ""אשקלון"", ""neighborhood"": ""גולדה"", ""rooms"": ""5.0"", ""area"": ""145.0"", ""property_type"": ""דירה בבית קומות"", ""gush"": ""2843"", ""helka"": ""44"", ""tat_helka"": ""6"", ""asset_id"": ""11340050490"", ""latitude"": ""31.6491533958462"", ""longitude"": ""34.555343723058236"", ""scraped_at"": ""2026-09-04T18:19:04.710Z""}"
unknown,C:\Users\AVIV\gaba\gabay_pricing_core\qa_output_ashkelon\sold_primary_usable.json,207,large_area_140_195,,2022-12-28,אשקלון,גולדה,התקווה 1,,5.0,145.0,,1.0,,דירה בבית קומות,,,13103.0,,,,"{""source_index"": ""103"", ""deal_date"": ""2022-12-28"", ""deal_amount"": ""1900000.0"", ""price_per_sqm"": ""13103.0"", ""address"": ""התקווה 1"", ""city"": ""אשקלון"", ""neighborhood"": ""גולדה"", ""rooms"": ""5.0"", ""floor"": ""1"", ""area"": ""145.0"", ""property_type"": ""דירה בבית קומות"", ""gush"": ""2843"", ""helka"": ""44"", ""tat_helka"": ""4"", ""asset_id"": ""11070108720"", ""latitude"": ""31.6491533958462"", ""longitude"": ""34.555343723058236"", ""scraped_at"": ""2026-09-04T18:19:04.710Z""}"
unknown,C:\Users\AVIV\gaba\gabay_pricing_core\qa_output_ashkelon\sold_primary_usable.json,209,large_area_140_195,,2022-12-12,אשקלון,גולדה,התקווה 3,,5.0,164.0,,1.0,,קוטג' דו משפחתי,,,10061.0,,,,"{""source_index"": ""104"", ""deal_date"": ""2022-12-12"", ""deal_amount"": ""1650000.0"", ""price_per_sqm"": ""10061.0"", ""address"": ""התקווה 3"", ""city"": ""אשקלון"", ""neighborhood"": ""גולדה"", ""rooms"": ""5.0"", ""floor"": ""1"", ""area"": ""164.0"", ""property_type"": ""קוטג' דו משפחתי"", ""gush"": ""2843"", ""helka"": ""39"", ""tat_helka"": ""3"", ""asset_id"": ""11070826650"", ""latitude"": ""31.64845093029257"", ""longitude"": ""34.555785329784264"", ""scraped_at"": ""2026-09-04T18:19:04.710Z""}"
unknown,C:\Users\AVIV\gaba\gabay_pricing_core\qa_output_ashkelon\sold_primary_usable.json,215,special_property_type,garden,2026-04-20,אשקלון,האגמים,עמק חפר 77,,4.0,105.0,,0.0,,דירת גן,,,22857.0,,,,"{""source_index"": ""107"", ""deal_date"": ""2026-04-20"", ""deal_amount"": ""2400000.0"", ""price_per_sqm"": ""22857.0"", ""address"": ""עמק חפר 77"", ""city"": ""אשקלון"", ""neighborhood"": ""האגמים"", ""rooms"": ""4.0"", ""floor"": ""0"", ""area"": ""105.0"", ""property_type"": ""דירת גן"", ""gush"": ""2884"", ""helka"": ""12"", ""tat_helka"": ""33"", ""asset_id"": ""11349159570"", ""latitude"": ""31.646376878134234"", ""longitude"": ""34.56919336410422"", ""scraped_at"": ""2026-09-04T18:19:04.712Z""}"
unknown,C:\Users\AVIV\gaba\gabay_pricing_core\qa_output_ashkelon\sold_primary_usable.json,221,special_property_type,garden,2026-02-10,אשקלון,האגמים,עמק חפר 11,,4.0,88.0,,0.0,,דירת גן,,,25000.0,,,,"{""source_index"": ""110"", ""deal_date"": ""2026-02-10"", ""deal_amount"": ""2200000.0"", ""price_per_sqm"": ""25000.0"", ""address"": ""עמק חפר 11"", ""city"": ""אשקלון"", ""neighborhood"": ""האגמים"", ""rooms"": ""4.0"", ""floor"": ""0"", ""area"": ""88.0"", ""property_type"": ""דירת גן"", ""gush"": ""2882"", ""helka"": ""9"", ""tat_helka"": ""21"", ""asset_id"": ""11344236030"", ""latitude"": ""31.64667239461572"", ""longitude"": ""34.560254109325975"", ""scraped_at"": ""2026-09-04T18:19:04.713Z""}"
unknown,C:\Users\AVIV\gaba\gabay_pricing_core\qa_output_ashkelon\sold_primary_usable.json,223,special_property_type,garden,2026-02-03,אשקלון,האגמים,עמק חפר 9,,4.0,89.0,,0.0,,דירת גן,,,23034.0,,,,"{""source_index"": ""111"", ""deal_date"": ""2026-02-03"", ""deal_amount"": ""2050000.0"", ""price_per_sqm"": ""23034.0"", ""address"": ""עמק חפר 9"", ""city"": ""אשקלון"", ""neighborhood"": ""האגמים"", ""rooms"": ""4.0"", ""floor"": ""0"", ""area"": ""89.0"", ""property_type"": ""דירת גן"", ""gush"": ""2882"", ""helka"": ""9"", ""tat_helka"": ""31"", ""asset_id"": ""11343357720"", ""latitude"": ""31.64653428008991"", ""longitude"": ""34.56007902803918"", ""scraped_at"": ""2026-09-04T18:19:04.713Z""}"
unknown,C:\Users\AVIV\gaba\gabay_pricing_core\qa_output_ashkelon\sold_primary_usable.json,227,large_area_140_195,,2026-01-19,אשקלון,האגמים,עמק חפר 33,,5.0,162.0,,5.0,,דירה בבית קומות,,,18704.0,,,,"{""source_index"": ""113"", ""deal_date"": ""2026-01-19"", ""deal_amount"": ""3030000.0"", ""price_per_sqm"": ""18704.0"", ""address"": ""עמק חפר 33"", ""city"": ""אשקלון"", ""neighborhood"": ""האגמים"", ""rooms"": ""5.0"", ""floor"": ""5"", ""area"": ""162.0"", ""property_type"": ""דירה בבית קומות"", ""gush"": ""2883"", ""helka"": ""15"", ""tat_helka"": ""38"", ""asset_id"": ""11341802070"", ""latitude"": ""31.64809397574784"", ""longitude"": ""34.56407133896185"", ""scraped_at"": ""2026-09-04T18:19:04.713Z""}"
unknown,C:\Users\AVIV\gaba\gabay_pricing_core\qa_output_ashkelon\sold_primary_usable.json,251,special_property_type,garden,2026-03-18,אשקלון,האגמים,נחל תנינים 6,,4.0,100.0,,0.0,,דירת גן,,,22340.0,,,,"{""source_index"": ""125"", ""deal_date"": ""2026-03-18"", ""deal_amount"": ""2234000.0"", ""price_per_sqm"": ""22340.0"", ""address"": ""נחל תנינים 6"", ""city"": ""אשקלון"", ""neighborhood"": ""האגמים"", ""rooms"": ""4.0"", ""floor"": ""0"", ""area"": ""100.0"", ""property_type"": ""דירת גן"", ""gush"": ""2882"", ""helka"": ""12"", ""tat_helka"": ""31"", ""asset_id"": ""11347636860"", ""latitude"": ""31.645545576732587"", ""longitude"": ""34.560036213538396"", ""scraped_at"": ""2026-09-04T18:19:04.718Z""}"
unknown,C:\Users\AVIV\gaba\gabay_pricing_core\qa_output_ashkelon\sold_primary_usable.json,281,special_property_type,garden,2022-05-03,אשקלון,האגמים,נחל תנינים 14,,5.0,120.0,,1.0,,דירת גן,,,22917.0,,,,"{""source_index"": ""140"", ""deal_date"": ""2022-05-03"", ""deal_amount"": ""2750000.0"", ""price_per_sqm"": ""22917.0"", ""address"": ""נחל תנינים 14"", ""city"": ""אשקלון"", ""neighborhood"": ""האגמים"", ""rooms"": ""5.0"", ""floor"": ""1"", ""area"": ""120.0"", ""property_type"": ""דירת גן"", ""gush"": ""2882"", ""helka"": ""13"", ""tat_helka"": ""45"", ""asset_id"": ""10993404870"", ""latitude"": ""31.64544083741309"", ""longitude"": ""34.56148871568723"", ""scraped_at"": ""2026-09-04T18:19:04.718Z""}"
unknown,C:\Users\AVIV\gaba\gabay_pricing_core\qa_output_ashkelon\sold_primary_usable.json,297,special_property_type,garden,2025-06-08,אשקלון,האגמים,עמק חפר 19,,5.0,127.0,,0.0,,דירת גן,,,18898.0,,,,"{""source_index"": ""149"", ""deal_date"": ""2025-06-08"", ""deal_amount"": ""2400000.0"", ""price_per_sqm"": ""18898.0"", ""address"": ""עמק חפר 19"", ""city"": ""אשקלון"", ""neighborhood"": ""האגמים"", ""rooms"": ""5.0"", ""floor"": ""0"", ""area"": ""127.0"", ""property_type"": ""דירת גן"", ""gush"": ""2882"", ""helka"": ""10"", ""tat_helka"": ""12"", ""asset_id"": ""11265720480"", ""latitude"": ""31.64673062205135"", ""longitude"": ""34.56188709728447"", ""scraped_at"": ""2026-09-04T18:19:04.852Z""}"
unknown,C:\Users\AVIV\gaba\gabay_pricing_core\qa_output_ashkelon\sold_primary_usable.json,319,large_area_140_195,,2024-06-13,אשקלון,האגמים,עמק חפר 17,,5.0,182.0,,,,דירה בבית קומות,,,11813.0,,,,"{""source_index"": ""160"", ""deal_date"": ""2024-06-13"", ""deal_amount"": ""2150000.0"", ""price_per_sqm"": ""11813.0"", ""address"": ""עמק חפר 17"", ""city"": ""אשקלון"", ""neighborhood"": ""האגמים"", ""rooms"": ""5.0"", ""floor"": ""רביעית, חמישית"", ""area"": ""182.0"", ""property_type"": ""דירה בבית קומות"", ""gush"": ""2882"", ""helka"": ""10"", ""tat_helka"": ""10"", ""asset_id"": ""11173691250"", ""latitude"": ""31.64673062205135"", ""longitude"": ""34.56188709728447"", ""scraped_at"": ""2026-09-04T18:19:04.921Z""}"
unknown,C:\Users\AVIV\gaba\gabay_pricing_core\qa_output_ashkelon\sold_primary_usable.json,323,large_area_140_195,,2023-01-18,אשקלון,האגמים,עמק חפר 17,,5.0,182.0,,,,דירה בבית קומות,,,12088.0,,,,"{""source_index"": ""162"", ""deal_date"": ""2023-01-18"", ""deal_amount"": ""2200000.0"", ""price_per_sqm"": ""12088.0"", ""address"": ""עמק חפר 17"", ""city"": ""אשקלון"", ""neighborhood"": ""האגמים"", ""rooms"": ""5.0"", ""floor"": ""רביעית, חמישית"", ""area"": ""182.0"", ""property_type"": ""דירה בבית קומות"", ""gush"": ""2882"", ""helka"": ""10"", ""tat_helka"": ""10"", ""asset_id"": ""11071704510"", ""latitude"": ""31.64673062205135"", ""longitude"": ""34.56188709728447"", ""scraped_at"": ""2026-09-04T18:19:04.921Z""}"
unknown,C:\Users\AVIV\gaba\gabay_pricing_core\qa_output_ashkelon\sold_primary_usable.json,397,small_area_45_80,,2026-04-14,אשקלון,גולדה,אליעזר בן יהודה 2,,3.0,69.0,,3.0,,דירה בבית קומות,,,17536.0,,,,"{""source_index"": ""200"", ""deal_date"": ""2026-04-14"", ""deal_amount"": ""1210000.0"", ""price_per_sqm"": ""17536.0"", ""address"": ""אליעזר בן יהודה 2"", ""city"": ""אשקלון"", ""neighborhood"": ""גולדה"", ""rooms"": ""3.0"", ""floor"": ""3"", ""area"": ""69.0"", ""property_type"": ""דירה בבית קומות"", ""gush"": ""2843"", ""helka"": ""27"", ""tat_helka"": ""18"", ""asset_id"": ""11348170020"", ""latitude"": ""31.647430021803288"", ""longitude"": ""34.557686194150115"", ""scraped_at"": ""2026-09-04T18:19:05.114Z""}"
unknown,C:\Users\AVIV\gaba\gabay_pricing_core\qa_output_ashkelon\sold_primary_usable.json,403,small_area_45_80,,2025-12-12,אשקלון,גולדה,אליעזר בן יהודה 2,,3.0,68.0,,0.0,,דירה בבית קומות,,,18456.0,,,,"{""source_index"": ""203"", ""deal_date"": ""2025-12-12"", ""deal_amount"": ""1255000.0"", ""price_per_sqm"": ""18456.0"", ""address"": ""אליעזר בן יהודה 2"", ""city"": ""אשקלון"", ""neighborhood"": ""גולדה"", ""rooms"": ""3.0"", ""floor"": ""0"", ""area"": ""68.0"", ""property_type"": ""דירה בבית קומות"", ""gush"": ""2843"", ""helka"": ""27"", ""tat_helka"": ""58"", ""asset_id"": ""11280697290"", ""latitude"": ""31.647430021803288"", ""longitude"": ""34.557686194150115"", ""scraped_at"": ""2026-09-04T18:19:05.114Z""}"
unknown,C:\Users\AVIV\gaba\gabay_pricing_core\qa_output_ashkelon\sold_primary_usable.json,405,small_area_45_80,,2024-07-08,אשקלון,גולדה,אליעזר בן יהודה 2,,3.0,63.0,,1.0,,דירה בבית קומות,,,21429.0,,,,"{""source_index"": ""204"", ""deal_date"": ""2024-07-08"", ""deal_amount"": ""1350000.0"", ""price_per_sqm"": ""21429.0"", ""address"": ""אליעזר בן יהודה 2"", ""city"": ""אשקלון"", ""neighborhood"": ""גולדה"", ""rooms"": ""3.0"", ""floor"": ""1"", ""area"": ""63.0"", ""property_type"": ""דירה בבית קומות"", ""gush"": ""2843"", ""helka"": ""27"", ""tat_helka"": ""50"", ""asset_id"": ""11174810310"", ""latitude"": ""31.647430021803288"", ""longitude"": ""34.557686194150115"", ""scraped_at"": ""2026-09-04T18:19:05.114Z""}"
unknown,C:\Users\AVIV\gaba\gabay_pricing_core\qa_output_ashkelon\sold_primary_usable.json,409,small_area_45_80 | special_property_type,garden,2023-08-14,אשקלון,גולדה,אליעזר בן יהודה 2,,4.0,80.0,,0.0,,דירת גן,,,18750.0,,,,"{""source_index"": ""206"", ""deal_date"": ""2023-08-14"", ""deal_amount"": ""1500000.0"", ""price_per_sqm"": ""18750.0"", ""address"": ""אליעזר בן יהודה 2"", ""city"": ""אשקלון"", ""neighborhood"": ""גולדה"", ""rooms"": ""4.0"", ""floor"": ""0"", ""area"": ""80.0"", ""property_type"": ""דירת גן"", ""gush"": ""2843"", ""helka"": ""27"", ""tat_helka"": ""9"", ""asset_id"": ""11089170090"", ""latitude"": ""31.647430021803288"", ""longitude"": ""34.557686194150115"", ""scraped_at"": ""2026-09-04T18:19:05.114Z""}"
unknown,C:\Users\AVIV\gaba\gabay_pricing_core\qa_output_ashkelon\sold_primary_usable.json,413,small_area_45_80,,2023-03-01,אשקלון,גולדה,אליעזר בן יהודה 2,,3.0,69.0,,2.0,,דירה בבית קומות,,,17101.0,,,,"{""source_index"": ""208"", ""deal_date"": ""2023-03-01"", ""deal_amount"": ""1180000.0"", ""price_per_sqm"": ""17101.0"", ""address"": ""אליעזר בן יהודה 2"", ""city"": ""אשקלון"", ""neighborhood"": ""גולדה"", ""rooms"": ""3.0"", ""floor"": ""2"", ""area"": ""69.0"", ""property_type"": ""דירה בבית קומות"", ""gush"": ""2843"", ""helka"": ""27"", ""tat_helka"": ""62"", ""asset_id"": ""11076246270"", ""latitude"": ""31.647430021803288"", ""longitude"": ""34.557686194150115"", ""scraped_at"": ""2026-09-04T18:19:05.114Z""}"
unknown,C:\Users\AVIV\gaba\gabay_pricing_core\qa_output_ashkelon\sold_primary_usable.json,419,small_area_45_80,,2022-02-23,אשקלון,גולדה,אליעזר בן יהודה 2,,4.0,79.0,,0.0,,דירה בבית קומות,,,17468.0,,,,"{""source_index"": ""211"", ""deal_date"": ""2022-02-23"", ""deal_amount"": ""1380000.0"", ""price_per_sqm"": ""17468.0"", ""address"": ""אליעזר בן יהודה 2"", ""city"": ""אשקלון"", ""neighborhood"": ""גולדה"", ""rooms"": ""4.0"", ""floor"": ""0"", ""area"": ""79.0"", ""property_type"": ""דירה בבית קומות"", ""gush"": ""2843"", ""helka"": ""27"", ""tat_helka"": ""48"", ""asset_id"": ""10985155560"", ""latitude"": ""31.647430021803288"", ""longitude"": ""34.557686194150115"", ""scraped_at"": ""2026-09-04T18:19:05.114Z""}"
unknown,C:\Users\AVIV\gaba\gabay_pricing_core\qa_output_ashkelon\sold_primary_usable.json,423,large_area_140_195,,2022-04-11,אשקלון,האגמים,עמק חפר 9,,5.0,143.0,,,,דירה בבית קומות,,,14685.0,,,,"{""source_index"": ""213"", ""deal_date"": ""2022-04-11"", ""deal_amount"": ""2100000.0"", ""price_per_sqm"": ""14685.0"", ""address"": ""עמק חפר 9"", ""city"": ""אשקלון"", ""neighborhood"": ""האגמים"", ""rooms"": ""5.0"", ""floor"": ""רביעית, חמישית"", ""area"": ""143.0"", ""property_type"": ""דירה בבית קומות"", ""gush"": ""2882"", ""helka"": ""9"", ""tat_helka"": ""40"", ""asset_id"": ""10991650950"", ""latitude"": ""31.64653428008991"", ""longitude"": ""34.56007902803918"", ""scraped_at"": ""2026-09-04T18:19:05.202Z""}"
unknown,C:\Users\AVIV\gaba\gabay_pricing_core\qa_output_ashkelon\sold_primary_usable.json,433,special_property_type,roof,2022-03-31,אשקלון,האגמים,עמק חפר 61,,5.0,132.0,,5.0,,דירת גג,,,17045.0,,,,"{""source_index"": ""218"", ""deal_date"": ""2022-03-31"", ""deal_amount"": ""2250000.0"", ""price_per_sqm"": ""17045.0"", ""address"": ""עמק חפר 61"", ""city"": ""אשקלון"", ""neighborhood"": ""האגמים"", ""rooms"": ""5.0"", ""floor"": ""5"", ""area"": ""132.0"", ""property_type"": ""דירת גג"", ""gush"": ""2884"", ""helka"": ""13"", ""tat_helka"": ""16"", ""asset_id"": ""10989347760"", ""latitude"": ""31.64743591583388"", ""longitude"": ""34.56811794962512"", ""scraped_at"": ""2026-09-04T18:19:05.203Z""}"
unknown,C:\Users\AVIV\gaba\gabay_pricing_core\qa_output_ashkelon\sold_primary_usable.json,447,large_area_140_195,,2022-01-27,אשקלון,האגמים,עמק חפר 33,,5.0,143.0,,1.0,,דירה בבית קומות,,,11888.0,,,,"{""source_index"": ""225"", ""deal_date"": ""2022-01-27"", ""deal_amount"": ""1700000.0"", ""price_per_sqm"": ""11888.0"", ""address"": ""עמק חפר 33"", ""city"": ""אשקלון"", ""neighborhood"": ""האגמים"", ""rooms"": ""5.0"", ""floor"": ""1"", ""area"": ""143.0"", ""property_type"": ""דירה בבית קומות"", ""gush"": ""2883"", ""helka"": ""15"", ""tat_helka"": ""27"", ""asset_id"": ""10983287520"", ""latitude"": ""31.64809397574784"", ""longitude"": ""34.56407133896185"", ""scraped_at"": ""2026-09-04T18:19:05.203Z""}"
unknown,C:\Users\AVIV\gaba\gabay_pricing_core\qa_output_ashkelon\sold_primary_usable.json,461,special_property_type,garden,2021-10-21,אשקלון,האגמים,עמק חפר 34,,5.0,110.0,,0.0,,דירת גן,,,16182.0,,,,"{""source_index"": ""232"", ""deal_date"": ""2021-10-21"", ""deal_amount"": ""1780000.0"", ""price_per_sqm"": ""16182.0"", ""address"": ""עמק חפר 34"", ""city"": ""אשקלון"", ""neighborhood"": ""האגמים"", ""rooms"": ""5.0"", ""floor"": ""0"", ""area"": ""110.0"", ""property_type"": ""דירת גן"", ""gush"": ""2884"", ""helka"": ""11"", ""tat_helka"": ""51"", ""asset_id"": ""10915864110"", ""latitude"": ""31.64828059256243"", ""longitude"": ""34.56572382699282"", ""scraped_at"": ""2026-09-04T18:19:05.204Z""}"
unknown,C:\Users\AVIV\gaba\gabay_pricing_core\qa_output_ashkelon\sold_primary_usable.json,513,special_property_type,garden,2025-07-23,אשקלון,האגמים,עמק יזרעאל 41,,5.0,117.0,,0.0,,דירת גן,,,23077.0,,,,"{""source_index"": ""294"", ""deal_date"": ""2025-07-23"", ""deal_amount"": ""2700000.0"", ""price_per_sqm"": ""23077.0"", ""address"": ""עמק יזרעאל 41"", ""city"": ""אשקלון"", ""neighborhood"": ""האגמים"", ""rooms"": ""5.0"", ""floor"": ""0"", ""area"": ""117.0"", ""property_type"": ""דירת גן"", ""gush"": ""2885"", ""helka"": ""13"", ""tat_helka"": ""1"", ""asset_id"": ""11269605240"", ""latitude"": ""31.651328454746718"", ""longitude"": ""34.564072423211016"", ""scraped_at"": ""2026-09-04T18:19:05.503Z""}"
unknown,C:\Users\AVIV\gaba\gabay_pricing_core\qa_output_ashkelon\sold_primary_usable.json,545,special_property_type,garden,2024-12-12,אשקלון,האגמים,עמק יזרעאל 31,,4.0,119.0,,0.0,,דירת גן,,,20294.0,,,,"{""source_index"": ""331"", ""deal_date"": ""2024-12-12"", ""deal_amount"": ""2415000.0"", ""price_per_sqm"": ""20294.0"", ""address"": ""עמק יזרעאל 31"", ""city"": ""אשקלון"", ""neighborhood"": ""האגמים"", ""rooms"": ""4.0"", ""floor"": ""0"", ""area"": ""119.0"", ""property_type"": ""דירת גן"", ""gush"": ""2883"", ""helka"": ""26"", ""tat_helka"": ""2"", ""asset_id"": ""11188427580"", ""latitude"": ""31.650695583513254"", ""longitude"": ""34.56290829491409"", ""scraped_at"": ""2026-09-04T18:19:05.618Z""}"
unknown,C:\Users\AVIV\gaba\gabay_pricing_core\qa_output_ashkelon\sold_primary_usable.json,563,large_area_140_195 | special_property_type,roof,2024-07-21,אשקלון,האגמים,עמק יזרעאל 28,,5.0,157.0,,9.0,,דירת גג,,,14459.0,,,,"{""source_index"": ""375"", ""deal_date"": ""2024-07-21"", ""deal_amount"": ""2270000.0"", ""price_per_sqm"": ""14459.0"", ""address"": ""עמק יזרעאל 28"", ""city"": ""אשקלון"", ""neighborhood"": ""האגמים"", ""rooms"": ""5.0"", ""floor"": ""קומה ‎9‏, קומה ‎10‏"", ""area"": ""157.0"", ""property_type"": ""דירת גג"", ""gush"": ""2883"", ""helka"": ""29"", ""tat_helka"": ""36"", ""asset_id"": ""11175848100"", ""latitude"": ""31.64971700796832"", ""longitude"": ""34.56255215512025"", ""scraped_at"": ""2026-09-04T18:19:05.912Z""}"
unknown,C:\Users\AVIV\gaba\gabay_pricing_core\qa_output_ashkelon\sold_review.json,1,large_area_140_195 | special_property_type,roof,2025-10-23,אשקלון,האגמים,עמק חפר 11,,5.0,147.0,,,,דירת גג,,,7517.0,,,,"{""source_index"": ""146"", ""deal_date"": ""2025-10-23"", ""deal_amount"": ""1105000.0"", ""price_per_sqm"": ""7517.0"", ""address"": ""עמק חפר 11"", ""city"": ""אשקלון"", ""neighborhood"": ""האגמים"", ""rooms"": ""5.0"", ""floor"": ""רביעית, חמישית"", ""area"": ""147.0"", ""property_type"": ""דירת גג"", ""gush"": ""2882"", ""helka"": ""9"", ""tat_helka"": ""29"", ""asset_id"": ""11276813610"", ""latitude"": ""31.64667239461572"", ""longitude"": ""34.560254109325975"", ""scraped_at"": ""2026-09-04T18:19:04.852Z""}"
unknown,C:\Users\AVIV\gaba\gabay_pricing_core\qa_output_ashkelon\sold_review.json,3,large_area_140_195,,2024-08-04,אשקלון,האגמים,עמק חפר 9,,5.0,173.0,,,,דירה בבית קומות,,,6358.0,,,,"{""source_index"": ""171"", ""deal_date"": ""2024-08-04"", ""deal_amount"": ""1100000.0"", ""price_per_sqm"": ""6358.0"", ""address"": ""עמק חפר 9"", ""city"": ""אשקלון"", ""neighborhood"": ""האגמים"", ""rooms"": ""5.0"", ""floor"": ""רביעית, חמישית"", ""area"": ""173.0"", ""property_type"": ""דירה בבית קומות"", ""gush"": ""2882"", ""helka"": ""9"", ""tat_helka"": ""39"", ""asset_id"": ""11177303490"", ""latitude"": ""31.64653428008991"", ""longitude"": ""34.56007902803918"", ""scraped_at"": ""2026-09-04T18:19:05.007Z""}"
unknown,C:\Users\AVIV\gaba\gabay_pricing_core\qa_output_ashkelon\sold_review.json,5,small_area_45_80,,2026-07-30,אשקלון,גבעת ציון,עמק יזרעאל 99,,3.0,79.0,,7.0,,,,,19114.0,,,,"{""source_index"": ""237"", ""deal_date"": ""2026-07-30"", ""deal_amount"": ""1510000.0"", ""price_per_sqm"": ""19114.0"", ""address"": ""עמק יזרעאל 99"", ""city"": ""אשקלון"", ""neighborhood"": ""גבעת ציון"", ""rooms"": ""3.0"", ""floor"": ""7"", ""area"": ""79.0"", ""gush"": ""1475"", ""helka"": ""6"", ""tat_helka"": ""68"", ""asset_id"": ""11358945380"", ""latitude"": ""31.649263595171888"", ""longitude"": ""34.57601278906968"", ""scraped_at"": ""2026-09-04T18:19:05.302Z""}"
unknown,C:\Users\AVIV\gaba\gabay_pricing_core\qa_output_ashkelon\sold_review.json,7,small_area_45_80,,2026-07-26,אשקלון,גבעת ציון,עמק יזרעאל 99,,3.0,79.0,,5.0,,,,,18987.0,,,,"{""source_index"": ""238"", ""deal_date"": ""2026-07-26"", ""deal_amount"": ""1500000.0"", ""price_per_sqm"": ""18987.0"", ""address"": ""עמק יזרעאל 99"", ""city"": ""אשקלון"", ""neighborhood"": ""גבעת ציון"", ""rooms"": ""3.0"", ""floor"": ""5"", ""area"": ""79.0"", ""gush"": ""1475"", ""helka"": ""6"", ""tat_helka"": ""53"", ""asset_id"": ""11358945364"", ""latitude"": ""31.649263595171888"", ""longitude"": ""34.57601278906968"", ""scraped_at"": ""2026-09-04T18:19:05.302Z""}"
unknown,C:\Users\AVIV\gaba\gabay_pricing_core\qa_output_ashkelon\sold_review.json,9,small_area_45_80,,2026-07-13,אשקלון,גבעת ציון,עמק יזרעאל 99,,3.0,79.0,,7.0,,,,,19304.0,,,,"{""source_index"": ""242"", ""deal_date"": ""2026-07-13"", ""deal_amount"": ""1525000.0"", ""price_per_sqm"": ""19304.0"", ""address"": ""עמק יזרעאל 99"", ""city"": ""אשקלון"", ""neighborhood"": ""גבעת ציון"", ""rooms"": ""3.0"", ""floor"": ""7"", ""area"": ""79.0"", ""gush"": ""1475"", ""helka"": ""6"", ""tat_helka"": ""29"", ""asset_id"": ""11358945337"", ""latitude"": ""31.649263595171888"", ""longitude"": ""34.57601278906968"", ""scraped_at"": ""2026-09-04T18:19:05.406Z""}"
unknown,C:\Users\AVIV\gaba\gabay_pricing_core\qa_output_ashkelon\sold_review.json,17,small_area_45_80,,2026-06-01,אשקלון,גבעת ציון,עמק יזרעאל 99,,3.0,79.0,,6.0,,,,,19241.0,,,,"{""source_index"": ""248"", ""deal_date"": ""2026-06-01"", ""deal_amount"": ""1520000.0"", ""price_per_sqm"": ""19241.0"", ""address"": ""עמק יזרעאל 99"", ""city"": ""אשקלון"", ""neighborhood"": ""גבעת ציון"", ""rooms"": ""3.0"", ""floor"": ""6"", ""area"": ""79.0"", ""gush"": ""1475"", ""helka"": ""6"", ""tat_helka"": ""1"", ""asset_id"": ""11358945316"", ""latitude"": ""31.649263595171888"", ""longitude"": ""34.57601278906968"", ""scraped_at"": ""2026-09-04T18:19:05.406Z""}"
unknown,C:\Users\AVIV\gaba\gabay_pricing_core\qa_output_ashkelon\sold_review.json,19,large_area_140_195,,2026-05-13,אשקלון,גבעת ציון,עמק יזרעאל 99,,5.0,152.0,,8.0,,,,,18241.0,,,,"{""source_index"": ""249"", ""deal_date"": ""2026-05-13"", ""deal_amount"": ""2772693.0"", ""price_per_sqm"": ""18241.0"", ""address"": ""עמק יזרעאל 99"", ""city"": ""אשקלון"", ""neighborhood"": ""גבעת ציון"", ""rooms"": ""5.0"", ""floor"": ""8"", ""area"": ""152.0"", ""gush"": ""1475"", ""helka"": ""6"", ""tat_helka"": ""28"", ""asset_id"": ""11358945336"", ""latitude"": ""31.649263595171888"", ""longitude"": ""34.57601278906968"", ""scraped_at"": ""2026-09-04T18:19:05.406Z""}"
unknown,C:\Users\AVIV\gaba\gabay_pricing_core\qa_output_ashkelon\sold_review.json,23,large_area_140_195,,2026-05-04,אשקלון,גבעת ציון,עמק יזרעאל 99,,5.0,152.0,,8.0,,,,,18092.0,,,,"{""source_index"": ""251"", ""deal_date"": ""2026-05-04"", ""deal_amount"": ""2750000.0"", ""price_per_sqm"": ""18092.0"", ""address"": ""עמק יזרעאל 99"", ""city"": ""אשקלון"", ""neighborhood"": ""גבעת ציון"", ""rooms"": ""5.0"", ""floor"": ""8"", ""area"": ""152.0"", ""gush"": ""1475"", ""helka"": ""6"", ""tat_helka"": ""11"", ""asset_id"": ""11358945318"", ""latitude"": ""31.649263595171888"", ""longitude"": ""34.57601278906968"", ""scraped_at"": ""2026-09-04T18:19:05.406Z""}"
unknown,C:\Users\AVIV\gaba\gabay_pricing_core\qa_output_ashkelon\sold_review.json,31,large_area_140_195,,2026-03-07,אשקלון,גבעת ציון,עמק יזרעאל 99,,5.0,158.0,,8.0,,,,,17405.0,,,,"{""source_index"": ""258"", ""deal_date"": ""2026-03-07"", ""deal_amount"": ""2750000.0"", ""price_per_sqm"": ""17405.0"", ""address"": ""עמק יזרעאל 99"", ""city"": ""אשקלון"", ""neighborhood"": ""גבעת ציון"", ""rooms"": ""5.0"", ""floor"": ""8"", ""area"": ""158.0"", ""gush"": ""1475"", ""helka"": ""6"", ""tat_helka"": ""20"", ""asset_id"": ""11358945328"", ""latitude"": ""31.649263595171888"", ""longitude"": ""34.57601278906968"", ""scraped_at"": ""2026-09-04T18:19:05.407Z""}"
unknown,C:\Users\AVIV\gaba\gabay_pricing_core\qa_output_ashkelon\sold_review.json,45,small_area_45_80,,2026-01-19,אשקלון,גבעת ציון,עמק יזרעאל 99,,3.0,79.0,,6.0,,,,,19620.0,,,,"{""source_index"": ""269"", ""deal_date"": ""2026-01-19"", ""deal_amount"": ""1550000.0"", ""price_per_sqm"": ""19620.0"", ""address"": ""עמק יזרעאל 99"", ""city"": ""אשקלון"", ""neighborhood"": ""גבעת ציון"", ""rooms"": ""3.0"", ""floor"": ""6"", ""area"": ""79.0"", ""gush"": ""1475"", ""helka"": ""6"", ""tat_helka"": ""40"", ""asset_id"": ""11358945350"", ""latitude"": ""31.649263595171888"", ""longitude"": ""34.57601278906968"", ""scraped_at"": ""2026-09-04T18:19:05.407Z""}"
unknown,C:\Users\AVIV\gaba\gabay_pricing_core\qa_output_ashkelon\sold_review.json,83,large_area_140_195,,2025-07-14,אשקלון,גבעת ציון,עמק יזרעאל 99,,5.0,158.0,,8.0,,,,,18099.0,,,,"{""source_index"": ""299"", ""deal_date"": ""2025-07-14"", ""deal_amount"": ""2859676.0"", ""price_per_sqm"": ""18099.0"", ""address"": ""עמק יזרעאל 99"", ""city"": ""אשקלון"", ""neighborhood"": ""גבעת ציון"", ""rooms"": ""5.0"", ""floor"": ""8"", ""area"": ""158.0"", ""gush"": ""1475"", ""helka"": ""6"", ""tat_helka"": ""32"", ""asset_id"": ""11358945341"", ""latitude"": ""31.649263595171888"", ""longitude"": ""34.57601278906968"", ""scraped_at"": ""2026-09-04T18:19:05.503Z""}"
unknown,C:\Users\AVIV\gaba\gabay_pricing_core\qa_output_ashkelon\sold_review.json,85,small_area_45_80,,2025-07-02,אשקלון,גבעת ציון,עמק יזרעאל 99,,3.0,79.0,,4.0,,,,,20127.0,,,,"{""source_index"": ""301"", ""deal_date"": ""2025-07-02"", ""deal_amount"": ""1590000.0"", ""price_per_sqm"": ""20127.0"", ""address"": ""עמק יזרעאל 99"", ""city"": ""אשקלון"", ""neighborhood"": ""גבעת ציון"", ""rooms"": ""3.0"", ""floor"": ""4"", ""area"": ""79.0"", ""gush"": ""1475"", ""helka"": ""6"", ""tat_helka"": ""5"", ""asset_id"": ""11358945360"", ""latitude"": ""31.649263595171888"", ""longitude"": ""34.57601278906968"", ""scraped_at"": ""2026-09-04T18:19:05.503Z""}"
unknown,C:\Users\AVIV\gaba\gabay_pricing_core\qa_output_ashkelon\sold_review.json,107,small_area_45_80,,2025-03-15,אשקלון,גבעת ציון,עמק יזרעאל 99,,3.0,79.0,,1.0,,,,,19747.0,,,,"{""source_index"": ""319"", ""deal_date"": ""2025-03-15"", ""deal_amount"": ""1560000.0"", ""price_per_sqm"": ""19747.0"", ""address"": ""עמק יזרעאל 99"", ""city"": ""אשקלון"", ""neighborhood"": ""גבעת ציון"", ""rooms"": ""3.0"", ""floor"": ""1"", ""area"": ""79.0"", ""gush"": ""1475"", ""helka"": ""6"", ""tat_helka"": ""34"", ""asset_id"": ""11358945343"", ""latitude"": ""31.649263595171888"", ""longitude"": ""34.57601278906968"", ""scraped_at"": ""2026-09-04T18:19:05.504Z""}"
unknown,C:\Users\AVIV\gaba\gabay_pricing_core\qa_output_ashkelon\sold_review.json,119,small_area_45_80,,2024-12-11,אשקלון,גבעת ציון,עמק יזרעאל 101,,3.0,79.0,,4.0,,,,,19367.0,,,,"{""source_index"": ""332"", ""deal_date"": ""2024-12-11"", ""deal_amount"": ""1530000.0"", ""price_per_sqm"": ""19367.0"", ""address"": ""עמק יזרעאל 101"", ""city"": ""אשקלון"", ""neighborhood"": ""גבעת ציון"", ""rooms"": ""3.0"", ""floor"": ""4"", ""area"": ""79.0"", ""gush"": ""1475"", ""helka"": ""17"", ""tat_helka"": ""10"", ""asset_id"": ""11358945251"", ""latitude"": ""31.649237267357293"", ""longitude"": ""34.576409422075116"", ""scraped_at"": ""2026-09-04T18:19:05.618Z""}"
unknown,C:\Users\AVIV\gaba\gabay_pricing_core\qa_output_ashkelon\sold_review.json,123,small_area_45_80,,2024-12-08,אשקלון,גבעת ציון,עמק יזרעאל 101,,3.0,79.0,,1.0,,,,,19019.0,,,,"{""source_index"": ""335"", ""deal_date"": ""2024-12-08"", ""deal_amount"": ""1502500.0"", ""price_per_sqm"": ""19019.0"", ""address"": ""עמק יזרעאל 101"", ""city"": ""אשקלון"", ""neighborhood"": ""גבעת ציון"", ""rooms"": ""3.0"", ""floor"": ""1"", ""area"": ""79.0"", ""gush"": ""1475"", ""helka"": ""17"", ""tat_helka"": ""7"", ""asset_id"": ""11358945273"", ""latitude"": ""31.649237267357293"", ""longitude"": ""34.576409422075116"", ""scraped_at"": ""2026-09-04T18:19:05.618Z""}"
unknown,C:\Users\AVIV\gaba\gabay_pricing_core\qa_output_ashkelon\sold_review.json,125,small_area_45_80,,2024-12-04,אשקלון,גבעת ציון,עמק יזרעאל 101,,3.0,79.0,,2.0,,,,,18797.0,,,,"{""source_index"": ""336"", ""deal_date"": ""2024-12-04"", ""deal_amount"": ""1485000.0"", ""price_per_sqm"": ""18797.0"", ""address"": ""עמק יזרעאל 101"", ""city"": ""אשקלון"", ""neighborhood"": ""גבעת ציון"", ""rooms"": ""3.0"", ""floor"": ""2"", ""area"": ""79.0"", ""gush"": ""1475"", ""helka"": ""17"", ""tat_helka"": ""5"", ""asset_id"": ""11358945269"", ""latitude"": ""31.649237267357293"", ""longitude"": ""34.576409422075116"", ""scraped_at"": ""2026-09-04T18:19:05.618Z""}"
unknown,C:\Users\AVIV\gaba\gabay_pricing_core\qa_output_ashkelon\sold_review.json,127,small_area_45_80,,2024-11-30,אשקלון,גבעת ציון,עמק יזרעאל 101,,3.0,79.0,,3.0,,,,,18987.0,,,,"{""source_index"": ""337"", ""deal_date"": ""2024-11-30"", ""deal_amount"": ""1500000.0"", ""price_per_sqm"": ""18987.0"", ""address"": ""עמק יזרעאל 101"", ""city"": ""אשקלון"", ""neighborhood"": ""גבעת ציון"", ""rooms"": ""3.0"", ""floor"": ""3"", ""area"": ""79.0"", ""gush"": ""1475"", ""helka"": ""17"", ""tat_helka"": ""17"", ""asset_id"": ""11358945258"", ""latitude"": ""31.649237267357293"", ""longitude"": ""34.576409422075116"", ""scraped_at"": ""2026-09-04T18:19:05.618Z""}"
unknown,C:\Users\AVIV\gaba\gabay_pricing_core\qa_output_ashkelon\sold_review.json,151,small_area_45_80,,2024-10-29,אשקלון,גבעת ציון,עמק יזרעאל 101,,3.0,80.0,,8.0,,,,,19875.0,,,,"{""source_index"": ""353"", ""deal_date"": ""2024-10-29"", ""deal_amount"": ""1590000.0"", ""price_per_sqm"": ""19875.0"", ""address"": ""עמק יזרעאל 101"", ""city"": ""אשקלון"", ""neighborhood"": ""גבעת ציון"", ""rooms"": ""3.0"", ""floor"": ""8"", ""area"": ""80.0"", ""gush"": ""1475"", ""helka"": ""17"", ""tat_helka"": ""16"", ""asset_id"": ""11358945257"", ""latitude"": ""31.649237267357293"", ""longitude"": ""34.576409422075116"", ""scraped_at"": ""2026-09-04T18:19:05.618Z""}"
unknown,C:\Users\AVIV\gaba\gabay_pricing_core\qa_output_ashkelon\sold_review.json,157,small_area_45_80,,2024-09-30,אשקלון,גבעת ציון,עמק יזרעאל 99,,3.0,80.0,,8.0,,,,,20375.0,,,,"{""source_index"": ""356"", ""deal_date"": ""2024-09-30"", ""deal_amount"": ""1630000.0"", ""price_per_sqm"": ""20375.0"", ""address"": ""עמק יזרעאל 99"", ""city"": ""אשקלון"", ""neighborhood"": ""גבעת ציון"", ""rooms"": ""3.0"", ""floor"": ""8"", ""area"": ""80.0"", ""gush"": ""1475"", ""helka"": ""6"", ""tat_helka"": ""72"", ""asset_id"": ""11358945385"", ""latitude"": ""31.649263595171888"", ""longitude"": ""34.57601278906968"", ""scraped_at"": ""2026-09-04T18:19:05.618Z""}"
unknown,C:\Users\AVIV\gaba\gabay_pricing_core\qa_output_ashkelon\sold_review.json,169,small_area_45_80,,2024-09-28,אשקלון,גבעת ציון,עמק יזרעאל 99,,3.0,79.0,,2.0,,,,,19114.0,,,,"{""source_index"": ""362"", ""deal_date"": ""2024-09-28"", ""deal_amount"": ""1510000.0"", ""price_per_sqm"": ""19114.0"", ""address"": ""עמק יזרעאל 99"", ""city"": ""אשקלון"", ""neighborhood"": ""גבעת ציון"", ""rooms"": ""3.0"", ""floor"": ""2"", ""area"": ""79.0"", ""gush"": ""1475"", ""helka"": ""6"", ""tat_helka"": ""59"", ""asset_id"": ""11358945370"", ""latitude"": ""31.649263595171888"", ""longitude"": ""34.57601278906968"", ""scraped_at"": ""2026-09-04T18:19:05.911Z""}"
unknown,C:\Users\AVIV\gaba\gabay_pricing_core\qa_output_ashkelon\sold_review.json,177,small_area_45_80,,2024-09-22,אשקלון,גבעת ציון,עמק יזרעאל 99,,3.0,79.0,,5.0,,,,,19937.0,,,,"{""source_index"": ""367"", ""deal_date"": ""2024-09-22"", ""deal_amount"": ""1575000.0"", ""price_per_sqm"": ""19937.0"", ""address"": ""עמק יזרעאל 99"", ""city"": ""אשקלון"", ""neighborhood"": ""גבעת ציון"", ""rooms"": ""3.0"", ""floor"": ""5"", ""area"": ""79.0"", ""gush"": ""1475"", ""helka"": ""6"", ""tat_helka"": ""45"", ""asset_id"": ""11358945355"", ""latitude"": ""31.649263595171888"", ""longitude"": ""34.57601278906968"", ""scraped_at"": ""2026-09-04T18:19:05.911Z""}"
unknown,C:\Users\AVIV\gaba\gabay_pricing_core\qa_output_ashkelon\sold_review.json,181,small_area_45_80,,2024-09-18,אשקלון,גבעת ציון,עמק יזרעאל 99,,3.0,79.0,,3.0,,,,,19367.0,,,,"{""source_index"": ""369"", ""deal_date"": ""2024-09-18"", ""deal_amount"": ""1530000.0"", ""price_per_sqm"": ""19367.0"", ""address"": ""עמק יזרעאל 99"", ""city"": ""אשקלון"", ""neighborhood"": ""גבעת ציון"", ""rooms"": ""3.0"", ""floor"": ""3"", ""area"": ""79.0"", ""gush"": ""1475"", ""helka"": ""6"", ""tat_helka"": ""39"", ""asset_id"": ""11358945348"", ""latitude"": ""31.649263595171888"", ""longitude"": ""34.57601278906968"", ""scraped_at"": ""2026-09-04T18:19:05.911Z""}"
sold,C:\Users\AVIV\gaba\gabay_pricing_core\tax_enriched_ashkelon_3room_36m.json,0,small_area_45_80,,2026-08-11,אשקלון,אזור תעשיה צפוני,ניר עוז 14,,3.0,77.0,,,,דירה בבית קומות,,,11700.0,,,,"{""dedupeKey"": ""1196-79-15:2026-08-11:900927"", ""dealDate"": ""2026-08-11"", ""dealAmount"": ""900927"", ""pricePerSqm"": ""11700"", ""address"": ""ניר עוז 14"", ""cityName"": ""אשקלון"", ""neighborhoodName"": ""אזור תעשיה צפוני"", ""rooms"": ""3"", ""area"": ""77"", ""yearBuilt"": ""2029"", ""propertyType"": ""דירה בבית קומות"", ""gush"": ""1196"", ""helka"": ""79"", ""tatHelka"": ""15"", ""parcelNum"": ""1196-79-15"", ""scrapedAt"": ""2026-09-05T16:18:44.167Z""}"
sold,C:\Users\AVIV\gaba\gabay_pricing_core\tax_enriched_ashkelon_3room_36m.json,2,small_area_45_80,,2026-08-09,אשקלון,,,,3.0,80.0,,,,דירה בבית קומות,,,17750.0,,,,"{""dedupeKey"": ""1201-37-0:2026-08-09:1420000"", ""dealDate"": ""2026-08-09"", ""dealAmount"": ""1420000"", ""pricePerSqm"": ""17750"", ""cityName"": ""אשקלון"", ""rooms"": ""3"", ""area"": ""80"", ""yearBuilt"": ""2019"", ""propertyType"": ""דירה בבית קומות"", ""gush"": ""1201"", ""helka"": ""37"", ""parcelNum"": ""1201-37-0"", ""scrapedAt"": ""2026-09-05T16:18:44.167Z""}"
sold,C:\Users\AVIV\gaba\gabay_pricing_core\tax_enriched_ashkelon_3room_36m.json,3,small_area_45_80,,2026-08-06,אשקלון,ז'בוטינסקי,גדוד הפורצים 6,,3.0,58.0,,,,דירה בבית קומות,,,15517.0,,,,"{""dedupeKey"": ""1998-24-5:2026-08-06:900000"", ""dealDate"": ""2026-08-06"", ""dealAmount"": ""900000"", ""pricePerSqm"": ""15517"", ""address"": ""גדוד הפורצים 6"", ""cityName"": ""אשקלון"", ""neighborhoodName"": ""ז'בוטינסקי"", ""rooms"": ""3"", ""area"": ""58"", ""yearBuilt"": ""1970"", ""propertyType"": ""דירה בבית קומות"", ""gush"": ""1998"", ""helka"": ""24"", ""tatHelka"": ""5"", ""parcelNum"": ""1998-24-5"", ""scrapedAt"": ""2026-09-05T16:18:44.167Z""}"
sold,C:\Users\AVIV\gaba\gabay_pricing_core\tax_enriched_ashkelon_3room_36m.json,4,small_area_45_80,,2026-08-04,אשקלון,,,,3.0,52.0,,,,דירה בבית קומות,,,29038.0,,,,"{""dedupeKey"": ""1940-72-0:2026-08-04:1510000"", ""dealDate"": ""2026-08-04"", ""dealAmount"": ""1510000"", ""pricePerSqm"": ""29038"", ""cityName"": ""אשקלון"", ""rooms"": ""3"", ""area"": ""52"", ""yearBuilt"": ""2007"", ""propertyType"": ""דירה בבית קומות"", ""gush"": ""1940"", ""helka"": ""72"", ""parcelNum"": ""1940-72-0"", ""scrapedAt"": ""2026-09-05T16:18:44.167Z""}"
sold,C:\Users\AVIV\gaba\gabay_pricing_core\tax_enriched_ashkelon_3room_36m.json,5,small_area_45_80,,2026-08-03,אשקלון,מצפה ברנע,"אצ""ל 39",,3.0,76.0,,,9.0,דירה בבית קומות,,,18421.0,,,,"{""dedupeKey"": ""2556-11-10:2026-08-03:1400000"", ""dealDate"": ""2026-08-03"", ""dealAmount"": ""1400000"", ""pricePerSqm"": ""18421"", ""address"": ""אצ\""ל 39"", ""cityName"": ""אשקלון"", ""neighborhoodName"": ""מצפה ברנע"", ""rooms"": ""3"", ""buildingFloors"": ""9"", ""area"": ""76"", ""yearBuilt"": ""2002"", ""propertyType"": ""דירה בבית קומות"", ""gush"": ""2556"", ""helka"": ""11"", ""tatHelka"": ""10"", ""parcelNum"": ""2556-11-10"", ""scrapedAt"": ""2026-09-05T16:18:44.167Z""}"
sold,C:\Users\AVIV\gaba\gabay_pricing_core\tax_enriched_ashkelon_3room_36m.json,6,small_area_45_80,,2026-07-30,אשקלון,שקמים,יוספטל 13,,3.0,67.0,,,,דירה בבית קומות,,,14179.0,,,,"{""dedupeKey"": ""1996-51-0:2026-07-30:950000"", ""dealDate"": ""2026-07-30"", ""dealAmount"": ""950000"", ""pricePerSqm"": ""14179"", ""address"": ""יוספטל 13"", ""cityName"": ""אשקלון"", ""neighborhoodName"": ""שקמים"", ""rooms"": ""3"", ""area"": ""67"", ""yearBuilt"": ""1980"", ""propertyType"": ""דירה בבית קומות"", ""gush"": ""1996"", ""helka"": ""51"", ""parcelNum"": ""1996-51-0"", ""scrapedAt"": ""2026-09-05T16:18:44.167Z""}"
sold,C:\Users\AVIV\gaba\gabay_pricing_core\tax_enriched_ashkelon_3room_36m.json,7,small_area_45_80,,2026-07-30,אשקלון,,שפיה 17,,3.0,75.0,,,3.0,דירה בבית קומות,,,20400.0,,,,"{""dedupeKey"": ""369-67-31:2026-07-30:1530000"", ""dealDate"": ""2026-07-30"", ""dealAmount"": ""1530000"", ""pricePerSqm"": ""20400"", ""address"": ""שפיה 17"", ""cityName"": ""אשקלון"", ""rooms"": ""3"", ""buildingFloors"": ""3"", ""area"": ""75"", ""yearBuilt"": ""2024"", ""propertyType"": ""דירה בבית קומות"", ""gush"": ""369"", ""helka"": ""67"", ""tatHelka"": ""31"", ""parcelNum"": ""369-67-31"", ""scrapedAt"": ""2026-09-05T16:18:44.167Z""}"
sold,C:\Users\AVIV\gaba\gabay_pricing_core\tax_enriched_ashkelon_3room_36m.json,8,small_area_45_80,,2026-07-30,אשקלון,בן גוריון,יהודה הלוי 32,,3.0,68.0,,,,דירה בבית קומות,,,17132.0,,,,"{""dedupeKey"": ""1962-144-28:2026-07-30:1165000"", ""dealDate"": ""2026-07-30"", ""dealAmount"": ""1165000"", ""pricePerSqm"": ""17132"", ""address"": ""יהודה הלוי 32"", ""cityName"": ""אשקלון"", ""neighborhoodName"": ""בן גוריון"", ""rooms"": ""3"", ""area"": ""68"", ""yearBuilt"": ""1999"", ""propertyType"": ""דירה בבית קומות"", ""gush"": ""1962"", ""helka"": ""144"", ""tatHelka"": ""28"", ""parcelNum"": ""1962-144-28"", ""scrapedAt"": ""2026-09-05T16:18:44.167Z""}"
sold,C:\Users\AVIV\gaba\gabay_pricing_core\tax_enriched_ashkelon_3room_36m.json,9,small_area_45_80,,2026-07-28,אשקלון,,,,3.0,51.0,,,,דירה בבית קומות,,,23624.0,,,,"{""dedupeKey"": ""2528-24-0:2026-07-28:1204813"", ""dealDate"": ""2026-07-28"", ""dealAmount"": ""1204813"", ""pricePerSqm"": ""23624"", ""cityName"": ""אשקלון"", ""rooms"": ""3"", ""area"": ""51"", ""yearBuilt"": ""1998"", ""propertyType"": ""דירה בבית קומות"", ""gush"": ""2528"", ""helka"": ""24"", ""parcelNum"": ""2528-24-0"", ""scrapedAt"": ""2026-09-05T16:18:44.167Z""}"
sold,C:\Users\AVIV\gaba\gabay_pricing_core\tax_enriched_ashkelon_3room_36m.json,12,small_area_45_80,,2026-07-26,אשקלון,אזור תעשיה צפוני,ניר עוז 14,,3.0,78.0,,,,דירה בבית קומות,,,11308.0,,,,"{""dedupeKey"": ""1196-79-10:2026-07-26:881988"", ""dealDate"": ""2026-07-26"", ""dealAmount"": ""881988"", ""pricePerSqm"": ""11308"", ""address"": ""ניר עוז 14"", ""cityName"": ""אשקלון"", ""neighborhoodName"": ""אזור תעשיה צפוני"", ""rooms"": ""3"", ""area"": ""78"", ""yearBuilt"": ""2029"", ""propertyType"": ""דירה בבית קומות"", ""gush"": ""1196"", ""helka"": ""79"", ""tatHelka"": ""10"", ""parcelNum"": ""1196-79-10"", ""scrapedAt"": ""2026-09-05T16:18:44.167Z""}"
sold,C:\Users\AVIV\gaba\gabay_pricing_core\tax_enriched_ashkelon_3room_36m.json,14,small_area_45_80,,2026-07-23,אשקלון,מתחם מ-7,דרך ארץ 12,,3.0,80.0,,,15.0,דירה בבית קומות,,,11254.0,,,,"{""dedupeKey"": ""1199-66-43:2026-07-23:900359"", ""dealDate"": ""2026-07-23"", ""dealAmount"": ""900359"", ""pricePerSqm"": ""11254"", ""address"": ""דרך ארץ 12"", ""cityName"": ""אשקלון"", ""neighborhoodName"": ""מתחם מ-7"", ""rooms"": ""3"", ""buildingFloors"": ""15"", ""area"": ""80"", ""yearBuilt"": ""2029"", ""propertyType"": ""דירה בבית קומות"", ""gush"": ""1199"", ""helka"": ""66"", ""tatHelka"": ""43"", ""parcelNum"": ""1199-66-43"", ""scrapedAt"": ""2026-09-05T16:18:44.167Z""}"
sold,C:\Users\AVIV\gaba\gabay_pricing_core\tax_enriched_ashkelon_3room_36m.json,15,small_area_45_80,,2026-07-21,אשקלון,שקמים,אפרים צור 5,,3.0,50.0,,,,דירה בבית קומות,,,10800.0,,,,"{""dedupeKey"": ""1965-98-24:2026-07-21:540000"", ""dealDate"": ""2026-07-21"", ""dealAmount"": ""540000"", ""pricePerSqm"": ""10800"", ""address"": ""אפרים צור 5"", ""cityName"": ""אשקלון"", ""neighborhoodName"": ""שקמים"", ""rooms"": ""3"", ""area"": ""50"", ""yearBuilt"": ""1960"", ""propertyType"": ""דירה בבית קומות"", ""gush"": ""1965"", ""helka"": ""98"", ""tatHelka"": ""24"", ""parcelNum"": ""1965-98-24"", ""scrapedAt"": ""2026-09-05T16:18:44.167Z""}"
sold,C:\Users\AVIV\gaba\gabay_pricing_core\tax_enriched_ashkelon_3room_36m.json,16,small_area_45_80,,2026-07-21,אשקלון,מתחם מ-7,דרך ארץ 12,,3.0,80.0,,,15.0,דירה בבית קומות,,,11254.0,,,,"{""dedupeKey"": ""1199-66-25:2026-07-21:900318"", ""dealDate"": ""2026-07-21"", ""dealAmount"": ""900318"", ""pricePerSqm"": ""11254"", ""address"": ""דרך ארץ 12"", ""cityName"": ""אשקלון"", ""neighborhoodName"": ""מתחם מ-7"", ""rooms"": ""3"", ""buildingFloors"": ""15"", ""area"": ""80"", ""yearBuilt"": ""2029"", ""propertyType"": ""דירה בבית קומות"", ""gush"": ""1199"", ""helka"": ""66"", ""tatHelka"": ""25"", ""parcelNum"": ""1199-66-25"", ""scrapedAt"": ""2026-09-05T16:18:44.168Z""}"
sold,C:\Users\AVIV\gaba\gabay_pricing_core\tax_enriched_ashkelon_3room_36m.json,17,small_area_45_80,,2026-07-21,אשקלון,,נחלה 7,,3.0,80.0,,,10.0,דירה בבית קומות,,,21000.0,,,,"{""dedupeKey"": ""1200-72-43:2026-07-21:1680000"", ""dealDate"": ""2026-07-21"", ""dealAmount"": ""1680000"", ""pricePerSqm"": ""21000"", ""address"": ""נחלה 7"", ""cityName"": ""אשקלון"", ""rooms"": ""3"", ""buildingFloors"": ""10"", ""area"": ""80"", ""yearBuilt"": ""2027"", ""propertyType"": ""דירה בבית קומות"", ""gush"": ""1200"", ""helka"": ""72"", ""tatHelka"": ""43"", ""parcelNum"": ""1200-72-43"", ""scrapedAt"": ""2026-09-05T16:18:44.168Z""}"
sold,C:\Users\AVIV\gaba\gabay_pricing_core\tax_enriched_ashkelon_3room_36m.json,19,small_area_45_80,,2026-07-20,אשקלון,אזור תעשיה צפוני,ניר עוז 14,,3.0,78.0,,,,דירה בבית קומות,,,20859.0,,,,"{""dedupeKey"": ""1196-79-27:2026-07-20:1626980"", ""dealDate"": ""2026-07-20"", ""dealAmount"": ""1626980"", ""pricePerSqm"": ""20859"", ""address"": ""ניר עוז 14"", ""cityName"": ""אשקלון"", ""neighborhoodName"": ""אזור תעשיה צפוני"", ""rooms"": ""3"", ""area"": ""78"", ""yearBuilt"": ""2026"", ""propertyType"": ""דירה בבית קומות"", ""gush"": ""1196"", ""helka"": ""79"", ""tatHelka"": ""27"", ""parcelNum"": ""1196-79-27"", ""scrapedAt"": ""2026-09-05T16:18:44.168Z""}"
sold,C:\Users\AVIV\gaba\gabay_pricing_core\tax_enriched_ashkelon_3room_36m.json,20,small_area_45_80,,2026-07-20,אשקלון,,,,3.0,76.0,,,,דירה בבית קומות,,,11520.0,,,,"{""dedupeKey"": ""1197-78-13:2026-07-20:875521"", ""dealDate"": ""2026-07-20"", ""dealAmount"": ""875521"", ""pricePerSqm"": ""11520"", ""cityName"": ""אשקלון"", ""rooms"": ""3"", ""area"": ""76"", ""yearBuilt"": ""2029"", ""propertyType"": ""דירה בבית קומות"", ""gush"": ""1197"", ""helka"": ""78"", ""tatHelka"": ""13"", ""parcelNum"": ""1197-78-13"", ""scrapedAt"": ""2026-09-05T16:18:44.168Z""}"
sold,C:\Users\AVIV\gaba\gabay_pricing_core\tax_enriched_ashkelon_3room_36m.json,22,small_area_45_80,,2026-07-17,אשקלון,נאות אשקלון,אריה 12,,3.0,73.0,,,8.0,דירה בבית קומות,,,14521.0,,,,"{""dedupeKey"": ""1296-16-120:2026-07-17:1060000"", ""dealDate"": ""2026-07-17"", ""dealAmount"": ""1060000"", ""pricePerSqm"": ""14521"", ""address"": ""אריה 12"", ""cityName"": ""אשקלון"", ""neighborhoodName"": ""נאות אשקלון"", ""rooms"": ""3"", ""buildingFloors"": ""8"", ""area"": ""73"", ""yearBuilt"": ""1995"", ""propertyType"": ""דירה בבית קומות"", ""gush"": ""1296"", ""helka"": ""16"", ""tatHelka"": ""120"", ""parcelNum"": ""1296-16-120"", ""scrapedAt"": ""2026-09-05T16:18:44.168Z""}"
sold,C:\Users\AVIV\gaba\gabay_pricing_core\tax_enriched_ashkelon_3room_36m.json,23,small_area_45_80,,2026-07-16,אשקלון,מתחם מ-7,דרך ארץ 12,,3.0,79.0,,,15.0,דירה בבית קומות,,,11232.0,,,,"{""dedupeKey"": ""1199-66-22:2026-07-16:887342"", ""dealDate"": ""2026-07-16"", ""dealAmount"": ""887342"", ""pricePerSqm"": ""11232"", ""address"": ""דרך ארץ 12"", ""cityName"": ""אשקלון"", ""neighborhoodName"": ""מתחם מ-7"", ""rooms"": ""3"", ""buildingFloors"": ""15"", ""area"": ""79"", ""yearBuilt"": ""2029"", ""propertyType"": ""דירה בבית קומות"", ""gush"": ""1199"", ""helka"": ""66"", ""tatHelka"": ""22"", ""parcelNum"": ""1199-66-22"", ""scrapedAt"": ""2026-09-05T16:18:44.168Z""}"
sold,C:\Users\AVIV\gaba\gabay_pricing_core\tax_enriched_ashkelon_3room_36m.json,24,small_area_45_80,,2026-07-16,אשקלון,נאות אשקלון,אריה 16,,3.0,67.0,,,5.0,דירה בבית קומות,,,17910.0,,,,"{""dedupeKey"": ""1296-43-11:2026-07-16:1200000"", ""dealDate"": ""2026-07-16"", ""dealAmount"": ""1200000"", ""pricePerSqm"": ""17910"", ""address"": ""אריה 16"", ""cityName"": ""אשקלון"", ""neighborhoodName"": ""נאות אשקלון"", ""rooms"": ""3"", ""buildingFloors"": ""5"", ""area"": ""67"", ""yearBuilt"": ""1970"", ""propertyType"": ""דירה בבית קומות"", ""gush"": ""1296"", ""helka"": ""43"", ""tatHelka"": ""11"", ""parcelNum"": ""1296-43-11"", ""scrapedAt"": ""2026-09-05T16:18:44.168Z""}"
sold,C:\Users\AVIV\gaba\gabay_pricing_core\tax_enriched_ashkelon_3room_36m.json,25,small_area_45_80,,2026-07-15,אשקלון,מתחם מ-7,דרך ארץ 12,,3.0,79.0,,,15.0,דירה בבית קומות,,,11212.0,,,,"{""dedupeKey"": ""1199-66-28:2026-07-15:885740"", ""dealDate"": ""2026-07-15"", ""dealAmount"": ""885740"", ""pricePerSqm"": ""11212"", ""address"": ""דרך ארץ 12"", ""cityName"": ""אשקלון"", ""neighborhoodName"": ""מתחם מ-7"", ""rooms"": ""3"", ""buildingFloors"": ""15"", ""area"": ""79"", ""yearBuilt"": ""2029"", ""propertyType"": ""דירה בבית קומות"", ""gush"": ""1199"", ""helka"": ""66"", ""tatHelka"": ""28"", ""parcelNum"": ""1199-66-28"", ""scrapedAt"": ""2026-09-05T16:18:44.168Z""}"
sold,C:\Users\AVIV\gaba\gabay_pricing_core\tax_enriched_ashkelon_3room_36m.json,27,small_area_45_80,,2026-07-14,אשקלון,מתחם מ-7,דרך ארץ 12,,3.0,79.0,,,15.0,דירה בבית קומות,,,11230.0,,,,"{""dedupeKey"": ""1199-66-46:2026-07-14:887136"", ""dealDate"": ""2026-07-14"", ""dealAmount"": ""887136"", ""pricePerSqm"": ""11230"", ""address"": ""דרך ארץ 12"", ""cityName"": ""אשקלון"", ""neighborhoodName"": ""מתחם מ-7"", ""rooms"": ""3"", ""buildingFloors"": ""15"", ""area"": ""79"", ""yearBuilt"": ""2029"", ""propertyType"": ""דירה בבית קומות"", ""gush"": ""1199"", ""helka"": ""66"", ""tatHelka"": ""46"", ""parcelNum"": ""1199-66-46"", ""scrapedAt"": ""2026-09-05T16:18:44.168Z""}"
sold,C:\Users\AVIV\gaba\gabay_pricing_core\tax_enriched_ashkelon_3room_36m.json,28,small_area_45_80,,2026-07-14,אשקלון,נווה אלונים,שפירא 17,,3.0,68.0,,,,דירה בבית קומות,,,15294.0,,,,"{""dedupeKey"": ""3019-3-6:2026-07-14:1040000"", ""dealDate"": ""2026-07-14"", ""dealAmount"": ""1040000"", ""pricePerSqm"": ""15294"", ""address"": ""שפירא 17"", ""cityName"": ""אשקלון"", ""neighborhoodName"": ""נווה אלונים"", ""rooms"": ""3"", ""area"": ""68"", ""yearBuilt"": ""1970"", ""propertyType"": ""דירה בבית קומות"", ""gush"": ""3019"", ""helka"": ""3"", ""tatHelka"": ""6"", ""parcelNum"": ""3019-3-6"", ""scrapedAt"": ""2026-09-05T16:18:44.168Z""}"
sold,C:\Users\AVIV\gaba\gabay_pricing_core\tax_enriched_ashkelon_3room_36m.json,30,small_area_45_80,,2026-07-14,אשקלון,,,,3.0,75.0,,,,דירה בבית קומות,,,21360.0,,,,"{""dedupeKey"": ""1197-90-12:2026-07-14:1602000"", ""dealDate"": ""2026-07-14"", ""dealAmount"": ""1602000"", ""pricePerSqm"": ""21360"", ""cityName"": ""אשקלון"", ""rooms"": ""3"", ""area"": ""75"", ""yearBuilt"": ""2025"", ""propertyType"": ""דירה בבית קומות"", ""gush"": ""1197"", ""helka"": ""90"", ""tatHelka"": ""12"", ""parcelNum"": ""1197-90-12"", ""scrapedAt"": ""2026-09-05T16:18:44.168Z""}"
sold,C:\Users\AVIV\gaba\gabay_pricing_core\tax_enriched_ashkelon_3room_36m.json,31,small_area_45_80,,2026-07-13,אשקלון,מתחם מ-7,דרך ארץ 12,,3.0,79.0,,,15.0,דירה בבית קומות,,,11217.0,,,,"{""dedupeKey"": ""1199-66-34:2026-07-13:886110"", ""dealDate"": ""2026-07-13"", ""dealAmount"": ""886110"", ""pricePerSqm"": ""11217"", ""address"": ""דרך ארץ 12"", ""cityName"": ""אשקלון"", ""neighborhoodName"": ""מתחם מ-7"", ""rooms"": ""3"", ""buildingFloors"": ""15"", ""area"": ""79"", ""yearBuilt"": ""2029"", ""propertyType"": ""דירה בבית קומות"", ""gush"": ""1199"", ""helka"": ""66"", ""tatHelka"": ""34"", ""parcelNum"": ""1199-66-34"", ""scrapedAt"": ""2026-09-05T16:18:44.168Z""}"
sold,C:\Users\AVIV\gaba\gabay_pricing_core\tax_enriched_ashkelon_3room_36m.json,33,small_area_45_80,,2026-07-13,אשקלון,,,,3.0,76.0,,,,דירה בבית קומות,,,11462.0,,,,"{""dedupeKey"": ""1197-78-8:2026-07-13:871077"", ""dealDate"": ""2026-07-13"", ""dealAmount"": ""871077"", ""pricePerSqm"": ""11462"", ""cityName"": ""אשקלון"", ""rooms"": ""3"", ""area"": ""76"", ""yearBuilt"": ""2029"", ""propertyType"": ""דירה בבית קומות"", ""gush"": ""1197"", ""helka"": ""78"", ""tatHelka"": ""8"", ""parcelNum"": ""1197-78-8"", ""scrapedAt"": ""2026-09-05T16:18:44.168Z""}"
sold,C:\Users\AVIV\gaba\gabay_pricing_core\tax_enriched_ashkelon_3room_36m.json,34,small_area_45_80,,2026-07-13,אשקלון,מתחם מ-7,דרך ארץ 12,,3.0,80.0,,,15.0,דירה בבית קומות,,,11147.0,,,,"{""dedupeKey"": ""1199-66-13:2026-07-13:891725"", ""dealDate"": ""2026-07-13"", ""dealAmount"": ""891725"", ""pricePerSqm"": ""11147"", ""address"": ""דרך ארץ 12"", ""cityName"": ""אשקלון"", ""neighborhoodName"": ""מתחם מ-7"", ""rooms"": ""3"", ""buildingFloors"": ""15"", ""area"": ""80"", ""yearBuilt"": ""2029"", ""propertyType"": ""דירה בבית קומות"", ""gush"": ""1199"", ""helka"": ""66"", ""tatHelka"": ""13"", ""parcelNum"": ""1199-66-13"", ""scrapedAt"": ""2026-09-05T16:18:44.168Z""}"
sold,C:\Users\AVIV\gaba\gabay_pricing_core\tax_enriched_ashkelon_3room_36m.json,35,small_area_45_80,,2026-07-13,אשקלון,רמת אשכול,האורים 2,,3.0,48.0,,,,דירה בבית קומות,,,19167.0,,,,"{""dedupeKey"": ""1995-4-12:2026-07-13:920000"", ""dealDate"": ""2026-07-13"", ""dealAmount"": ""920000"", ""pricePerSqm"": ""19167"", ""address"": ""האורים 2"", ""cityName"": ""אשקלון"", ""neighborhoodName"": ""רמת אשכול"", ""rooms"": ""3"", ""area"": ""48"", ""yearBuilt"": ""1970"", ""propertyType"": ""דירה בבית קומות"", ""gush"": ""1995"", ""helka"": ""4"", ""tatHelka"": ""12"", ""parcelNum"": ""1995-4-12"", ""scrapedAt"": ""2026-09-05T16:18:44.168Z""}"
sold,C:\Users\AVIV\gaba\gabay_pricing_core\tax_enriched_ashkelon_3room_36m.json,36,small_area_45_80,,2026-07-12,אשקלון,מרינה,מודיעין 5,,3.0,63.0,,,20.0,דירה בבית קומות,,,28333.0,,,,"{""dedupeKey"": ""1938-432-0:2026-07-12:1785000"", ""dealDate"": ""2026-07-12"", ""dealAmount"": ""1785000"", ""pricePerSqm"": ""28333"", ""address"": ""מודיעין 5"", ""cityName"": ""אשקלון"", ""neighborhoodName"": ""מרינה"", ""rooms"": ""3"", ""buildingFloors"": ""20"", ""area"": ""63"", ""yearBuilt"": ""2022"", ""propertyType"": ""דירה בבית קומות"", ""gush"": ""1938"", ""helka"": ""432"", ""parcelNum"": ""1938-432-0"", ""scrapedAt"": ""2026-09-05T16:18:44.168Z""}"
sold,C:\Users\AVIV\gaba\gabay_pricing_core\tax_enriched_ashkelon_3room_36m.json,37,small_area_45_80,,2026-07-09,אשקלון,מתחם מ-7,דרך ארץ 12,,3.0,79.0,,,15.0,דירה בבית קומות,,,11241.0,,,,"{""dedupeKey"": ""1199-66-28:2026-07-09:888040"", ""dealDate"": ""2026-07-09"", ""dealAmount"": ""888040"", ""pricePerSqm"": ""11241"", ""address"": ""דרך ארץ 12"", ""cityName"": ""אשקלון"", ""neighborhoodName"": ""מתחם מ-7"", ""rooms"": ""3"", ""buildingFloors"": ""15"", ""area"": ""79"", ""yearBuilt"": ""2029"", ""propertyType"": ""דירה בבית קומות"", ""gush"": ""1199"", ""helka"": ""66"", ""tatHelka"": ""28"", ""parcelNum"": ""1199-66-28"", ""scrapedAt"": ""2026-09-05T16:18:44.168Z""}"
sold,C:\Users\AVIV\gaba\gabay_pricing_core\tax_enriched_ashkelon_3room_36m.json,40,small_area_45_80,,2026-07-08,אשקלון,גולדה,עמיעוז 11,,3.0,68.0,,,,דירה בבית קומות,,,15294.0,,,,"{""dedupeKey"": ""2843-22-68:2026-07-08:1040000"", ""dealDate"": ""2026-07-08"", ""dealAmount"": ""1040000"", ""pricePerSqm"": ""15294"", ""address"": ""עמיעוז 11"", ""cityName"": ""אשקלון"", ""neighborhoodName"": ""גולדה"", ""rooms"": ""3"", ""area"": ""68"", ""yearBuilt"": ""1998"", ""propertyType"": ""דירה בבית קומות"", ""gush"": ""2843"", ""helka"": ""22"", ""tatHelka"": ""68"", ""parcelNum"": ""2843-22-68"", ""scrapedAt"": ""2026-09-05T16:18:44.168Z""}"
sold,C:\Users\AVIV\gaba\gabay_pricing_core\tax_enriched_ashkelon_3room_36m.json,41,small_area_45_80,,2026-07-08,אשקלון,אזור תעשיה צפוני,ניר עוז 14,,3.0,78.0,,,,דירה בבית קומות,,,22564.0,,,,"{""dedupeKey"": ""1196-79-38:2026-07-08:1760000"", ""dealDate"": ""2026-07-08"", ""dealAmount"": ""1760000"", ""pricePerSqm"": ""22564"", ""address"": ""ניר עוז 14"", ""cityName"": ""אשקלון"", ""neighborhoodName"": ""אזור תעשיה צפוני"", ""rooms"": ""3"", ""area"": ""78"", ""yearBuilt"": ""2029"", ""propertyType"": ""דירה בבית קומות"", ""gush"": ""1196"", ""helka"": ""79"", ""tatHelka"": ""38"", ""parcelNum"": ""1196-79-38"", ""scrapedAt"": ""2026-09-05T16:18:44.168Z""}"
sold,C:\Users\AVIV\gaba\gabay_pricing_core\tax_enriched_ashkelon_3room_36m.json,42,small_area_45_80,,2026-07-07,אשקלון,אזור תעשיה צפוני,הרב יוסף שרביט 5,,3.0,79.0,,,,דירה בבית קומות,,,20886.0,,,,"{""dedupeKey"": ""1197-93-23:2026-07-07:1650000"", ""dealDate"": ""2026-07-07"", ""dealAmount"": ""1650000"", ""pricePerSqm"": ""20886"", ""address"": ""הרב יוסף שרביט 5"", ""cityName"": ""אשקלון"", ""neighborhoodName"": ""אזור תעשיה צפוני"", ""rooms"": ""3"", ""area"": ""79"", ""yearBuilt"": ""2030"", ""propertyType"": ""דירה בבית קומות"", ""gush"": ""1197"", ""helka"": ""93"", ""tatHelka"": ""23"", ""parcelNum"": ""1197-93-23"", ""scrapedAt"": ""2026-09-05T16:18:44.168Z""}"
sold,C:\Users\AVIV\gaba\gabay_pricing_core\tax_enriched_ashkelon_3room_36m.json,43,small_area_45_80,,2026-07-07,אשקלון,אפרידר,דרום אפריקה 6,,3.0,80.0,,,,דירה בבית קומות,,,16875.0,,,,"{""dedupeKey"": ""1932-81-9:2026-07-07:1350000"", ""dealDate"": ""2026-07-07"", ""dealAmount"": ""1350000"", ""pricePerSqm"": ""16875"", ""address"": ""דרום אפריקה 6"", ""cityName"": ""אשקלון"", ""neighborhoodName"": ""אפרידר"", ""rooms"": ""3"", ""area"": ""80"", ""yearBuilt"": ""1960"", ""propertyType"": ""דירה בבית קומות"", ""gush"": ""1932"", ""helka"": ""81"", ""tatHelka"": ""9"", ""parcelNum"": ""1932-81-9"", ""scrapedAt"": ""2026-09-05T16:18:44.168Z""}"
sold,C:\Users\AVIV\gaba\gabay_pricing_core\tax_enriched_ashkelon_3room_36m.json,44,small_area_45_80,,2026-07-07,אשקלון,אזור תעשיה צפוני,ניר עוז 14,,3.0,78.0,,,,,True,,22564.0,,,,"{""dedupeKey"": ""1196-79-130:2026-07-07:1760000"", ""dealDate"": ""2026-07-07"", ""dealAmount"": ""1760000"", ""pricePerSqm"": ""22564"", ""address"": ""ניר עוז 14"", ""cityName"": ""אשקלון"", ""neighborhoodName"": ""אזור תעשיה צפוני"", ""rooms"": ""3"", ""floor"": ""עשירית"", ""area"": ""78"", ""isFirstHand"": ""True"", ""gush"": ""1196"", ""helka"": ""79"", ""tatHelka"": ""130"", ""parcelNum"": ""1196-79-130"", ""assetId"": ""4087249"", ""scrapedAt"": ""2026-09-05T16:18:44.168Z""}"
sold,C:\Users\AVIV\gaba\gabay_pricing_core\tax_enriched_ashkelon_3room_36m.json,45,small_area_45_80,,2026-07-07,אשקלון,ז'בוטינסקי,יוספטל 22,,3.0,58.0,,,,דירה בבית קומות,,,13793.0,,,,"{""dedupeKey"": ""1997-71-8:2026-07-07:800000"", ""dealDate"": ""2026-07-07"", ""dealAmount"": ""800000"", ""pricePerSqm"": ""13793"", ""address"": ""יוספטל 22"", ""cityName"": ""אשקלון"", ""neighborhoodName"": ""ז'בוטינסקי"", ""rooms"": ""3"", ""area"": ""58"", ""yearBuilt"": ""1980"", ""propertyType"": ""דירה בבית קומות"", ""gush"": ""1997"", ""helka"": ""71"", ""tatHelka"": ""8"", ""parcelNum"": ""1997-71-8"", ""scrapedAt"": ""2026-09-05T16:18:44.168Z""}"
sold,C:\Users\AVIV\gaba\gabay_pricing_core\tax_enriched_ashkelon_3room_36m.json,46,small_area_45_80,,2026-07-07,אשקלון,אזור תעשיה צפוני,הרב יוסף שרביט 7,,3.0,75.0,,,8.0,דירה בבית קומות,,,21067.0,,,,"{""dedupeKey"": ""1197-87-7:2026-07-07:1580000"", ""dealDate"": ""2026-07-07"", ""dealAmount"": ""1580000"", ""pricePerSqm"": ""21067"", ""address"": ""הרב יוסף שרביט 7"", ""cityName"": ""אשקלון"", ""neighborhoodName"": ""אזור תעשיה צפוני"", ""rooms"": ""3"", ""buildingFloors"": ""8"", ""area"": ""75"", ""yearBuilt"": ""2024"", ""propertyType"": ""דירה בבית קומות"", ""gush"": ""1197"", ""helka"": ""87"", ""tatHelka"": ""7"", ""parcelNum"": ""1197-87-7"", ""scrapedAt"": ""2026-09-05T16:18:44.168Z""}"
sold,C:\Users\AVIV\gaba\gabay_pricing_core\tax_enriched_ashkelon_3room_36m.json,47,small_area_45_80,,2026-07-06,אשקלון,אזור תעשיה צפוני,הרב יוסף שרביט 5,,3.0,79.0,,,,,True,,20886.0,,,,"{""dedupeKey"": ""1197-93-45:2026-07-06:1650000"", ""dealDate"": ""2026-07-06"", ""dealAmount"": ""1650000"", ""pricePerSqm"": ""20886"", ""address"": ""הרב יוסף שרביט 5"", ""cityName"": ""אשקלון"", ""neighborhoodName"": ""אזור תעשיה צפוני"", ""rooms"": ""3"", ""floor"": ""חמישית"", ""area"": ""79"", ""isFirstHand"": ""True"", ""gush"": ""1197"", ""helka"": ""93"", ""tatHelka"": ""45"", ""parcelNum"": ""1197-93-45"", ""assetId"": ""4086202"", ""scrapedAt"": ""2026-09-05T16:18:44.168Z""}"
sold,C:\Users\AVIV\gaba\gabay_pricing_core\tax_enriched_ashkelon_3room_36m.json,48,small_area_45_80,,2026-07-05,אשקלון,,,,3.0,77.0,,,,דירה בבית קומות,,,11702.0,,,,"{""dedupeKey"": ""1197-82-18:2026-07-05:901077"", ""dealDate"": ""2026-07-05"", ""dealAmount"": ""901077"", ""pricePerSqm"": ""11702"", ""cityName"": ""אשקלון"", ""rooms"": ""3"", ""area"": ""77"", ""yearBuilt"": ""2029"", ""propertyType"": ""דירה בבית קומות"", ""gush"": ""1197"", ""helka"": ""82"", ""tatHelka"": ""18"", ""parcelNum"": ""1197-82-18"", ""scrapedAt"": ""2026-09-05T16:18:44.168Z""}"
sold,C:\Users\AVIV\gaba\gabay_pricing_core\tax_enriched_ashkelon_3room_36m.json,52,small_area_45_80,,2026-07-02,אשקלון,אזור תעשיה צפוני,הרב יוסף שרביט 5,,3.0,78.0,,,,דירה בבית קומות,,,11231.0,,,,"{""dedupeKey"": ""1197-93-13:2026-07-02:875989"", ""dealDate"": ""2026-07-02"", ""dealAmount"": ""875989"", ""pricePerSqm"": ""11231"", ""address"": ""הרב יוסף שרביט 5"", ""cityName"": ""אשקלון"", ""neighborhoodName"": ""אזור תעשיה צפוני"", ""rooms"": ""3"", ""area"": ""78"", ""yearBuilt"": ""2030"", ""propertyType"": ""דירה בבית קומות"", ""gush"": ""1197"", ""helka"": ""93"", ""tatHelka"": ""13"", ""parcelNum"": ""1197-93-13"", ""scrapedAt"": ""2026-09-05T16:18:44.168Z""}"
sold,C:\Users\AVIV\gaba\gabay_pricing_core\tax_enriched_ashkelon_3room_36m.json,53,small_area_45_80,,2026-07-02,אשקלון,נוה דקלים,מנחם בגין 31,,3.0,48.0,,,,דירה בבית קומות,,,22708.0,,,,"{""dedupeKey"": ""3050-51-40:2026-07-02:1090000"", ""dealDate"": ""2026-07-02"", ""dealAmount"": ""1090000"", ""pricePerSqm"": ""22708"", ""address"": ""מנחם בגין 31"", ""cityName"": ""אשקלון"", ""neighborhoodName"": ""נוה דקלים"", ""rooms"": ""3"", ""area"": ""48"", ""yearBuilt"": ""2001"", ""propertyType"": ""דירה בבית קומות"", ""gush"": ""3050"", ""helka"": ""51"", ""tatHelka"": ""40"", ""parcelNum"": ""3050-51-40"", ""scrapedAt"": ""2026-09-05T16:18:44.168Z""}"
sold,C:\Users\AVIV\gaba\gabay_pricing_core\tax_enriched_ashkelon_3room_36m.json,54,small_area_45_80,,2026-07-01,אשקלון,אזור תעשיה צפוני,הרב יוסף שרביט 5,,3.0,79.0,,,,דירה בבית קומות,,,20886.0,,,,"{""dedupeKey"": ""1197-93-20:2026-07-01:1650000"", ""dealDate"": ""2026-07-01"", ""dealAmount"": ""1650000"", ""pricePerSqm"": ""20886"", ""address"": ""הרב יוסף שרביט 5"", ""cityName"": ""אשקלון"", ""neighborhoodName"": ""אזור תעשיה צפוני"", ""rooms"": ""3"", ""area"": ""79"", ""yearBuilt"": ""2030"", ""propertyType"": ""דירה בבית קומות"", ""gush"": ""1197"", ""helka"": ""93"", ""tatHelka"": ""20"", ""parcelNum"": ""1197-93-20"", ""scrapedAt"": ""2026-09-05T16:18:44.168Z""}"
sold,C:\Users\AVIV\gaba\gabay_pricing_core\tax_enriched_ashkelon_3room_36m.json,55,small_area_45_80,,2026-07-01,אשקלון,אזור תעשיה צפוני,הרב יוסף שרביט 5,,3.0,78.0,,,,דירה בבית קומות,,,11501.0,,,,"{""dedupeKey"": ""1197-93-14:2026-07-01:897063"", ""dealDate"": ""2026-07-01"", ""dealAmount"": ""897063"", ""pricePerSqm"": ""11501"", ""address"": ""הרב יוסף שרביט 5"", ""cityName"": ""אשקלון"", ""neighborhoodName"": ""אזור תעשיה צפוני"", ""rooms"": ""3"", ""area"": ""78"", ""yearBuilt"": ""2030"", ""propertyType"": ""דירה בבית קומות"", ""gush"": ""1197"", ""helka"": ""93"", ""tatHelka"": ""14"", ""parcelNum"": ""1197-93-14"", ""scrapedAt"": ""2026-09-05T16:18:44.168Z""}"
sold,C:\Users\AVIV\gaba\gabay_pricing_core\tax_enriched_ashkelon_3room_36m.json,56,small_area_45_80,,2026-07-01,אשקלון,גבעת ציון,זכריה 8,,3.0,52.0,,,,דירה בבית קומות,,,25000.0,,,,"{""dedupeKey"": ""1654-59-1:2026-07-01:1300000"", ""dealDate"": ""2026-07-01"", ""dealAmount"": ""1300000"", ""pricePerSqm"": ""25000"", ""address"": ""זכריה 8"", ""cityName"": ""אשקלון"", ""neighborhoodName"": ""גבעת ציון"", ""rooms"": ""3"", ""area"": ""52"", ""yearBuilt"": ""1960"", ""propertyType"": ""דירה בבית קומות"", ""gush"": ""1654"", ""helka"": ""59"", ""tatHelka"": ""1"", ""parcelNum"": ""1654-59-1"", ""scrapedAt"": ""2026-09-05T16:18:44.168Z""}"
sold,C:\Users\AVIV\gaba\gabay_pricing_core\tax_enriched_ashkelon_3room_36m.json,58,small_area_45_80,,2026-06-30,אשקלון,,,,3.0,77.0,,,,דירה בבית קומות,,,21299.0,,,,"{""dedupeKey"": ""1197-82-38:2026-06-30:1640000"", ""dealDate"": ""2026-06-30"", ""dealAmount"": ""1640000"", ""pricePerSqm"": ""21299"", ""cityName"": ""אשקלון"", ""rooms"": ""3"", ""area"": ""77"", ""yearBuilt"": ""2029"", ""propertyType"": ""דירה בבית קומות"", ""gush"": ""1197"", ""helka"": ""82"", ""tatHelka"": ""38"", ""parcelNum"": ""1197-82-38"", ""scrapedAt"": ""2026-09-05T16:18:44.168Z""}"
sold,C:\Users\AVIV\gaba\gabay_pricing_core\tax_enriched_ashkelon_3room_36m.json,60,small_area_45_80,,2026-06-30,אשקלון,,נחלה 7,,3.0,80.0,,,10.0,דירה בבית קומות,,,21000.0,,,,"{""dedupeKey"": ""1200-72-8:2026-06-30:1680000"", ""dealDate"": ""2026-06-30"", ""dealAmount"": ""1680000"", ""pricePerSqm"": ""21000"", ""address"": ""נחלה 7"", ""cityName"": ""אשקלון"", ""rooms"": ""3"", ""buildingFloors"": ""10"", ""area"": ""80"", ""yearBuilt"": ""2027"", ""propertyType"": ""דירה בבית קומות"", ""gush"": ""1200"", ""helka"": ""72"", ""tatHelka"": ""8"", ""parcelNum"": ""1200-72-8"", ""scrapedAt"": ""2026-09-05T16:18:44.168Z""}"
sold,C:\Users\AVIV\gaba\gabay_pricing_core\tax_enriched_ashkelon_3room_36m.json,61,small_area_45_80,,2026-06-30,אשקלון,שקמים,יוספטל 5,,3.0,49.5,,,4.0,דירה בבית קומות,,,17980.0,,,,"{""dedupeKey"": ""1965-21-19:2026-06-30:890000"", ""dealDate"": ""2026-06-30"", ""dealAmount"": ""890000"", ""pricePerSqm"": ""17980"", ""address"": ""יוספטל 5"", ""cityName"": ""אשקלון"", ""neighborhoodName"": ""שקמים"", ""rooms"": ""3"", ""floor"": ""שלישית"", ""buildingFloors"": ""4"", ""area"": ""49.5"", ""yearBuilt"": ""1960"", ""propertyType"": ""דירה בבית קומות"", ""gush"": ""1965"", ""helka"": ""21"", ""tatHelka"": ""19"", ""parcelNum"": ""1965-21-19"", ""assetId"": ""50058410"", ""scrapedAt"": ""2026-09-05T16:18:44.168Z""}"
sold,C:\Users\AVIV\gaba\gabay_pricing_core\tax_enriched_ashkelon_3room_36m.json,62,small_area_45_80,,2026-06-30,אשקלון,שקמים,אפרים צור 46,,3.0,50.0,,,,דירה בבית קומות,,,16600.0,,,,"{""dedupeKey"": ""1965-26-5:2026-06-30:830000"", ""dealDate"": ""2026-06-30"", ""dealAmount"": ""830000"", ""pricePerSqm"": ""16600"", ""address"": ""אפרים צור 46"", ""cityName"": ""אשקלון"", ""neighborhoodName"": ""שקמים"", ""rooms"": ""3"", ""area"": ""50"", ""yearBuilt"": ""1970"", ""propertyType"": ""דירה בבית קומות"", ""gush"": ""1965"", ""helka"": ""26"", ""tatHelka"": ""5"", ""parcelNum"": ""1965-26-5"", ""scrapedAt"": ""2026-09-05T16:18:44.168Z""}"
sold,C:\Users\AVIV\gaba\gabay_pricing_core\tax_enriched_ashkelon_3room_36m.json,63,small_area_45_80,,2026-06-30,אשקלון,גולדה,שפירא 74,,3.0,65.45,,,5.0,דירה בבית קומות,,,16923.0,,,,"{""dedupeKey"": ""2843-23-18:2026-06-30:1100000"", ""dealDate"": ""2026-06-30"", ""dealAmount"": ""1100000"", ""pricePerSqm"": ""16923"", ""address"": ""שפירא 74"", ""cityName"": ""אשקלון"", ""neighborhoodName"": ""גולדה"", ""rooms"": ""3"", ""floor"": ""שלישית"", ""buildingFloors"": ""5"", ""area"": ""65.45"", ""yearBuilt"": ""1999"", ""propertyType"": ""דירה בבית קומות"", ""gush"": ""2843"", ""helka"": ""23"", ""tatHelka"": ""18"", ""parcelNum"": ""2843-23-18"", ""assetId"": ""50084360"", ""prevDeals"": ""[{\""dealDate\"": \""2013-04-04\"", \""dealAmount\"": 585000}]"", ""trend"": ""{\""ratePct\"": 4.9, \""years\"": 13.2}""}"
sold,C:\Users\AVIV\gaba\gabay_pricing_core\tax_enriched_ashkelon_3room_36m.json,67,small_area_45_80,,2026-06-29,אשקלון,נווה אילן,מגידו 8,,3.0,70.5,,,7.0,דירה בבית קומות,,,18857.0,,,,"{""dedupeKey"": ""2507-11-43:2026-06-29:1320000"", ""dealDate"": ""2026-06-29"", ""dealAmount"": ""1320000"", ""pricePerSqm"": ""18857"", ""address"": ""מגידו 8"", ""cityName"": ""אשקלון"", ""neighborhoodName"": ""נווה אילן"", ""rooms"": ""3"", ""floor"": ""ראשונה"", ""buildingFloors"": ""7"", ""area"": ""70.5"", ""yearBuilt"": ""2000"", ""propertyType"": ""דירה בבית קומות"", ""gush"": ""2507"", ""helka"": ""11"", ""tatHelka"": ""43"", ""parcelNum"": ""2507-11-43"", ""assetId"": ""80388362"", ""prevDeals"": ""[{\""dealDate\"": \""2013-10-14\"", \""dealAmount\"": 740000}, {\""dealDate\"": \""1999-10-20\"", \""dealAmount\"": 401000}]"", ""trend"": ""{\""ratePct\"": 4.7, \""years\"": 12.7}""}"
sold,C:\Users\AVIV\gaba\gabay_pricing_core\tax_enriched_ashkelon_3room_36m.json,71,small_area_45_80,,2026-06-28,אשקלון,אזור תעשיה צפוני,ניר עוז 14,,3.0,78.0,,,,דירה בבית קומות,,,21603.0,,,,"{""dedupeKey"": ""1196-79-132:2026-06-28:1685000"", ""dealDate"": ""2026-06-28"", ""dealAmount"": ""1685000"", ""pricePerSqm"": ""21603"", ""address"": ""ניר עוז 14"", ""cityName"": ""אשקלון"", ""neighborhoodName"": ""אזור תעשיה צפוני"", ""rooms"": ""3"", ""floor"": ""עשירית"", ""area"": ""78"", ""yearBuilt"": ""2026"", ""propertyType"": ""דירה בבית קומות"", ""gush"": ""1196"", ""helka"": ""79"", ""tatHelka"": ""132"", ""parcelNum"": ""1196-79-132"", ""assetId"": ""4087249"", ""scrapedAt"": ""2026-09-05T16:18:44.169Z""}"
sold,C:\Users\AVIV\gaba\gabay_pricing_core\tax_enriched_ashkelon_3room_36m.json,72,small_area_45_80,,2026-06-28,אשקלון,מתחם מ-7,שירת היין 3,,3.0,80.0,,,,דירה בבית קומות,,,22500.0,,,,"{""dedupeKey"": ""1199-67-3:2026-06-28:1800000"", ""dealDate"": ""2026-06-28"", ""dealAmount"": ""1800000"", ""pricePerSqm"": ""22500"", ""address"": ""שירת היין 3"", ""cityName"": ""אשקלון"", ""neighborhoodName"": ""מתחם מ-7"", ""rooms"": ""3"", ""area"": ""80"", ""yearBuilt"": ""2029"", ""propertyType"": ""דירה בבית קומות"", ""gush"": ""1199"", ""helka"": ""67"", ""tatHelka"": ""3"", ""parcelNum"": ""1199-67-3"", ""scrapedAt"": ""2026-09-05T16:18:44.169Z""}"
sold,C:\Users\AVIV\gaba\gabay_pricing_core\tax_enriched_ashkelon_3room_36m.json,73,small_area_45_80,,2026-06-27,אשקלון,אזור תעשיה צפוני,ניר עוז 14,,3.0,78.0,,,,,True,,21603.0,,,,"{""dedupeKey"": ""1196-79-128:2026-06-27:1685000"", ""dealDate"": ""2026-06-27"", ""dealAmount"": ""1685000"", ""pricePerSqm"": ""21603"", ""address"": ""ניר עוז 14"", ""cityName"": ""אשקלון"", ""neighborhoodName"": ""אזור תעשיה צפוני"", ""rooms"": ""3"", ""floor"": ""עשירית"", ""area"": ""78"", ""isFirstHand"": ""True"", ""gush"": ""1196"", ""helka"": ""79"", ""tatHelka"": ""128"", ""parcelNum"": ""1196-79-128"", ""assetId"": ""4087245"", ""scrapedAt"": ""2026-09-05T16:18:44.169Z""}"
sold,C:\Users\AVIV\gaba\gabay_pricing_core\tax_enriched_ashkelon_3room_36m.json,74,small_area_45_80,,2026-06-26,אשקלון,,הקונכייה 16,,3.0,79.0,,,,דירה בבית קומות,,,22595.0,,,,"{""dedupeKey"": ""2950-42-32:2026-06-26:1785000"", ""dealDate"": ""2026-06-26"", ""dealAmount"": ""1785000"", ""pricePerSqm"": ""22595"", ""address"": ""הקונכייה 16"", ""cityName"": ""אשקלון"", ""rooms"": ""3"", ""area"": ""79"", ""yearBuilt"": ""2018"", ""propertyType"": ""דירה בבית קומות"", ""gush"": ""2950"", ""helka"": ""42"", ""tatHelka"": ""32"", ""parcelNum"": ""2950-42-32"", ""scrapedAt"": ""2026-09-05T16:18:44.169Z""}"
sold,C:\Users\AVIV\gaba\gabay_pricing_core\tax_enriched_ashkelon_3room_36m.json,75,small_area_45_80,,2026-06-25,אשקלון,מתחם מ-7,דרך ארץ 12,,3.0,80.0,,,15.0,דירה בבית קומות,,,11224.0,,,,"{""dedupeKey"": ""1199-66-7:2026-06-25:897895"", ""dealDate"": ""2026-06-25"", ""dealAmount"": ""897895"", ""pricePerSqm"": ""11224"", ""address"": ""דרך ארץ 12"", ""cityName"": ""אשקלון"", ""neighborhoodName"": ""מתחם מ-7"", ""rooms"": ""3"", ""buildingFloors"": ""15"", ""area"": ""80"", ""yearBuilt"": ""2029"", ""propertyType"": ""דירה בבית קומות"", ""gush"": ""1199"", ""helka"": ""66"", ""tatHelka"": ""7"", ""parcelNum"": ""1199-66-7"", ""scrapedAt"": ""2026-09-05T16:18:44.169Z""}"
sold,C:\Users\AVIV\gaba\gabay_pricing_core\tax_enriched_ashkelon_3room_36m.json,76,small_area_45_80,,2026-06-25,אשקלון,מתחם מ-7,דרך ארץ 12,,3.0,79.0,,,15.0,דירה בבית קומות,,,11211.0,,,,"{""dedupeKey"": ""1199-66-22:2026-06-25:885658"", ""dealDate"": ""2026-06-25"", ""dealAmount"": ""885658"", ""pricePerSqm"": ""11211"", ""address"": ""דרך ארץ 12"", ""cityName"": ""אשקלון"", ""neighborhoodName"": ""מתחם מ-7"", ""rooms"": ""3"", ""buildingFloors"": ""15"", ""area"": ""79"", ""yearBuilt"": ""2029"", ""propertyType"": ""דירה בבית קומות"", ""gush"": ""1199"", ""helka"": ""66"", ""tatHelka"": ""22"", ""parcelNum"": ""1199-66-22"", ""scrapedAt"": ""2026-09-05T16:18:44.169Z""}"
sold,C:\Users\AVIV\gaba\gabay_pricing_core\tax_enriched_ashkelon_3room_36m.json,85,small_area_45_80,,2026-06-25,אשקלון,נווה אלונים,"ש""י עגנון 169",,3.0,68.8,,,,דירה בבית קומות,,,15262.0,,,,"{""dedupeKey"": ""1944-203-53:2026-06-25:1050000"", ""dealDate"": ""2026-06-25"", ""dealAmount"": ""1050000"", ""pricePerSqm"": ""15262"", ""address"": ""ש\""י עגנון 169"", ""cityName"": ""אשקלון"", ""neighborhoodName"": ""נווה אלונים"", ""rooms"": ""3"", ""floor"": ""תשיעית"", ""area"": ""68.8"", ""yearBuilt"": ""1990"", ""propertyType"": ""דירה בבית קומות"", ""gush"": ""1944"", ""helka"": ""203"", ""tatHelka"": ""53"", ""parcelNum"": ""1944-203-53"", ""assetId"": ""50052217"", ""scrapedAt"": ""2026-09-05T16:18:44.169Z""}"
sold,C:\Users\AVIV\gaba\gabay_pricing_core\tax_enriched_ashkelon_3room_36m.json,88,small_area_45_80,,2026-06-25,אשקלון,,שפיה 17,,3.0,75.0,,,4.0,דירה בבית קומות,,,20000.0,,,,"{""dedupeKey"": ""369-67-7:2026-06-25:1500000"", ""dealDate"": ""2026-06-25"", ""dealAmount"": ""1500000"", ""pricePerSqm"": ""20000"", ""address"": ""שפיה 17"", ""cityName"": ""אשקלון"", ""rooms"": ""3"", ""floor"": ""חמישית"", ""buildingFloors"": ""4"", ""area"": ""75"", ""yearBuilt"": ""2024"", ""propertyType"": ""דירה בבית קומות"", ""gush"": ""369"", ""helka"": ""67"", ""tatHelka"": ""7"", ""parcelNum"": ""369-67-7"", ""assetId"": ""4921612"", ""scrapedAt"": ""2026-09-05T16:18:44.169Z""}"
sold,C:\Users\AVIV\gaba\gabay_pricing_core\tax_enriched_ashkelon_3room_36m.json,91,small_area_45_80,,2026-06-24,אשקלון,,שפיה 17,,3.0,75.0,,,4.0,,True,,20000.0,,,,"{""dedupeKey"": ""369-67-6:2026-06-24:1500000"", ""dealDate"": ""2026-06-24"", ""dealAmount"": ""1500000"", ""pricePerSqm"": ""20000"", ""address"": ""שפיה 17"", ""cityName"": ""אשקלון"", ""rooms"": ""3"", ""floor"": ""חמישית"", ""buildingFloors"": ""4"", ""area"": ""75"", ""isFirstHand"": ""True"", ""gush"": ""369"", ""helka"": ""67"", ""tatHelka"": ""6"", ""parcelNum"": ""369-67-6"", ""assetId"": ""4921612"", ""scrapedAt"": ""2026-09-05T16:18:44.169Z""}"
sold,C:\Users\AVIV\gaba\gabay_pricing_core\tax_enriched_ashkelon_3room_36m.json,92,small_area_45_80,,2026-06-23,אשקלון,נווה אילן,מגידו 6,,3.0,70.3,,,7.0,דירה בבית קומות,,,18571.0,,,,"{""dedupeKey"": ""2507-12-21:2026-06-23:1300000"", ""dealDate"": ""2026-06-23"", ""dealAmount"": ""1300000"", ""pricePerSqm"": ""18571"", ""address"": ""מגידו 6"", ""cityName"": ""אשקלון"", ""neighborhoodName"": ""נווה אילן"", ""rooms"": ""3"", ""floor"": ""שניה"", ""buildingFloors"": ""7"", ""area"": ""70.3"", ""yearBuilt"": ""1999"", ""propertyType"": ""דירה בבית קומות"", ""gush"": ""2507"", ""helka"": ""12"", ""tatHelka"": ""21"", ""parcelNum"": ""2507-12-21"", ""assetId"": ""50077067"", ""prevDeals"": ""[{\""dealDate\"": \""2017-08-16\"", \""dealAmount\"": 1050000}, {\""dealDate\"": \""2013-12-05\"", \""dealAmount\"": 735000}, {\""dealDate\"": \""2008-09-21\"", \""dealAmount\"": 500000}, {\""dealDate\"": \""1999-08-16\"", \""dealAmount\"": 438000}]"", ""trend"": ""{\""ratePct\"": 2.4, \""years\"": 8.9}""}"
sold,C:\Users\AVIV\gaba\gabay_pricing_core\tax_enriched_ashkelon_3room_36m.json,99,small_area_45_80,,2026-06-22,אשקלון,,,,3.0,77.0,,,,דירה בבית קומות,,,11526.0,,,,"{""dedupeKey"": ""1197-82-8:2026-06-22:887493"", ""dealDate"": ""2026-06-22"", ""dealAmount"": ""887493"", ""pricePerSqm"": ""11526"", ""cityName"": ""אשקלון"", ""rooms"": ""3"", ""area"": ""77"", ""yearBuilt"": ""2029"", ""propertyType"": ""דירה בבית קומות"", ""gush"": ""1197"", ""helka"": ""82"", ""tatHelka"": ""8"", ""parcelNum"": ""1197-82-8"", ""scrapedAt"": ""2026-09-05T16:18:44.169Z""}"
sold,C:\Users\AVIV\gaba\gabay_pricing_core\tax_enriched_ashkelon_3room_36m.json,101,small_area_45_80,,2026-06-22,אשקלון,,,,3.0,76.0,,,,דירה בבית קומות,,,11520.0,,,,"{""dedupeKey"": ""1197-78-13:2026-06-22:875521"", ""dealDate"": ""2026-06-22"", ""dealAmount"": ""875521"", ""pricePerSqm"": ""11520"", ""cityName"": ""אשקלון"", ""rooms"": ""3"", ""area"": ""76"", ""yearBuilt"": ""2029"", ""propertyType"": ""דירה בבית קומות"", ""gush"": ""1197"", ""helka"": ""78"", ""tatHelka"": ""13"", ""parcelNum"": ""1197-78-13"", ""scrapedAt"": ""2026-09-05T16:18:44.169Z""}"
sold,C:\Users\AVIV\gaba\gabay_pricing_core\tax_enriched_ashkelon_3room_36m.json,102,small_area_45_80,,2026-06-21,אשקלון,אזור תעשיה צפוני,ניר עוז 14,,3.0,78.0,,,,דירה בבית קומות,,,11496.0,,,,"{""dedupeKey"": ""1196-79-22:2026-06-21:896676"", ""dealDate"": ""2026-06-21"", ""dealAmount"": ""896676"", ""pricePerSqm"": ""11496"", ""address"": ""ניר עוז 14"", ""cityName"": ""אשקלון"", ""neighborhoodName"": ""אזור תעשיה צפוני"", ""rooms"": ""3"", ""area"": ""78"", ""yearBuilt"": ""2029"", ""propertyType"": ""דירה בבית קומות"", ""gush"": ""1196"", ""helka"": ""79"", ""tatHelka"": ""22"", ""parcelNum"": ""1196-79-22"", ""scrapedAt"": ""2026-09-05T16:18:44.169Z""}"
sold,C:\Users\AVIV\gaba\gabay_pricing_core\tax_enriched_ashkelon_3room_36m.json,103,small_area_45_80,,2026-06-21,אשקלון,,,,3.0,78.0,,,,דירה בבית קומות,,,11476.0,,,,"{""dedupeKey"": ""1197-78-9:2026-06-21:895141"", ""dealDate"": ""2026-06-21"", ""dealAmount"": ""895141"", ""pricePerSqm"": ""11476"", ""cityName"": ""אשקלון"", ""rooms"": ""3"", ""area"": ""78"", ""yearBuilt"": ""2029"", ""propertyType"": ""דירה בבית קומות"", ""gush"": ""1197"", ""helka"": ""78"", ""tatHelka"": ""9"", ""parcelNum"": ""1197-78-9"", ""scrapedAt"": ""2026-09-05T16:18:44.169Z""}"
sold,C:\Users\AVIV\gaba\gabay_pricing_core\tax_enriched_ashkelon_3room_36m.json,104,small_area_45_80,,2026-06-21,אשקלון,,שפיה 15,,3.0,75.0,,,3.0,דירה בבית קומות,,,20000.0,,,,"{""dedupeKey"": ""369-66-5:2026-06-21:1500000"", ""dealDate"": ""2026-06-21"", ""dealAmount"": ""1500000"", ""pricePerSqm"": ""20000"", ""address"": ""שפיה 15"", ""cityName"": ""אשקלון"", ""rooms"": ""3"", ""floor"": ""תשיעית"", ""buildingFloors"": ""3"", ""area"": ""75"", ""yearBuilt"": ""2024"", ""propertyType"": ""דירה בבית קומות"", ""gush"": ""369"", ""helka"": ""66"", ""tatHelka"": ""5"", ""parcelNum"": ""369-66-5"", ""assetId"": ""4922112"", ""scrapedAt"": ""2026-09-05T16:18:44.169Z""}"
sold,C:\Users\AVIV\gaba\gabay_pricing_core\tax_enriched_ashkelon_3room_36m.json,105,small_area_45_80,,2026-06-21,אשקלון,אזור תעשיה צפוני,ניר עוז 14,,3.0,79.0,,,,דירה בבית קומות,,,11241.0,,,,"{""dedupeKey"": ""1196-79-133:2026-06-21:888000"", ""dealDate"": ""2026-06-21"", ""dealAmount"": ""888000"", ""pricePerSqm"": ""11241"", ""address"": ""ניר עוז 14"", ""cityName"": ""אשקלון"", ""neighborhoodName"": ""אזור תעשיה צפוני"", ""rooms"": ""3"", ""floor"": ""רביעית"", ""area"": ""79"", ""yearBuilt"": ""2029"", ""propertyType"": ""דירה בבית קומות"", ""gush"": ""1196"", ""helka"": ""79"", ""tatHelka"": ""133"", ""parcelNum"": ""1196-79-133"", ""assetId"": ""4087249"", ""prevDeals"": ""[{\""dealDate\"": \""2026-06-21\"", \""dealAmount\"": 896000}, {\""dealDate\"": \""2026-06-21\"", \""dealAmount\"": 905000}]"", ""scrapedAt"": ""2026-09-05T16:18:44.169Z""}"
sold,C:\Users\AVIV\gaba\gabay_pricing_core\tax_enriched_ashkelon_3room_36m.json,109,small_area_45_80,,2026-06-20,אשקלון,,שפיה 15,,3.0,75.0,,,3.0,,True,,20000.0,,,,"{""dedupeKey"": ""369-66-4:2026-06-20:1500000"", ""dealDate"": ""2026-06-20"", ""dealAmount"": ""1500000"", ""pricePerSqm"": ""20000"", ""address"": ""שפיה 15"", ""cityName"": ""אשקלון"", ""rooms"": ""3"", ""floor"": ""תשיעית"", ""buildingFloors"": ""3"", ""area"": ""75"", ""isFirstHand"": ""True"", ""gush"": ""369"", ""helka"": ""66"", ""tatHelka"": ""4"", ""parcelNum"": ""369-66-4"", ""assetId"": ""4922112"", ""scrapedAt"": ""2026-09-05T16:18:44.169Z""}"
sold,C:\Users\AVIV\gaba\gabay_pricing_core\tax_enriched_ashkelon_3room_36m.json,111,small_area_45_80,,2026-06-20,אשקלון,אזור תעשיה צפוני,ניר עוז 14,,3.0,78.0,,,,,True,,11391.0,,,,"{""dedupeKey"": ""1196-79-125:2026-06-20:888520"", ""dealDate"": ""2026-06-20"", ""dealAmount"": ""888520"", ""pricePerSqm"": ""11391"", ""address"": ""ניר עוז 14"", ""cityName"": ""אשקלון"", ""neighborhoodName"": ""אזור תעשיה צפוני"", ""rooms"": ""3"", ""floor"": ""רביעית"", ""area"": ""78"", ""isFirstHand"": ""True"", ""gush"": ""1196"", ""helka"": ""79"", ""tatHelka"": ""125"", ""parcelNum"": ""1196-79-125"", ""assetId"": ""4087216"", ""scrapedAt"": ""2026-09-05T16:18:44.169Z""}"
sold,C:\Users\AVIV\gaba\gabay_pricing_core\tax_enriched_ashkelon_3room_36m.json,112,small_area_45_80,,2026-06-20,אשקלון,אזור תעשיה צפוני,ניר עוז 14,,3.0,79.0,,,,,True,,11457.0,,,,"{""dedupeKey"": ""1196-79-127:2026-06-20:905116"", ""dealDate"": ""2026-06-20"", ""dealAmount"": ""905116"", ""pricePerSqm"": ""11457"", ""address"": ""ניר עוז 14"", ""cityName"": ""אשקלון"", ""neighborhoodName"": ""אזור תעשיה צפוני"", ""rooms"": ""3"", ""floor"": ""שמינית"", ""area"": ""79"", ""isFirstHand"": ""True"", ""gush"": ""1196"", ""helka"": ""79"", ""tatHelka"": ""127"", ""parcelNum"": ""1196-79-127"", ""assetId"": ""4087248"", ""scrapedAt"": ""2026-09-05T16:18:44.169Z""}"
sold,C:\Users\AVIV\gaba\gabay_pricing_core\tax_enriched_ashkelon_3room_36m.json,114,small_area_45_80,,2026-06-18,אשקלון,אזור תעשיה צפוני,הרב יוסף שרביט 5,,3.0,80.0,,,,דירה בבית קומות,,,11300.0,,,,"{""dedupeKey"": ""1197-93-46:2026-06-18:904000"", ""dealDate"": ""2026-06-18"", ""dealAmount"": ""904000"", ""pricePerSqm"": ""11300"", ""address"": ""הרב יוסף שרביט 5"", ""cityName"": ""אשקלון"", ""neighborhoodName"": ""אזור תעשיה צפוני"", ""rooms"": ""3"", ""floor"": ""שישית"", ""area"": ""80"", ""yearBuilt"": ""2030"", ""propertyType"": ""דירה בבית קומות"", ""gush"": ""1197"", ""helka"": ""93"", ""tatHelka"": ""46"", ""parcelNum"": ""1197-93-46"", ""assetId"": ""4086202"", ""scrapedAt"": ""2026-09-05T16:18:44.169Z""}"
sold,C:\Users\AVIV\gaba\gabay_pricing_core\tax_enriched_ashkelon_3room_36m.json,115,small_area_45_80,,2026-06-18,אשקלון,,,,3.0,77.0,,,,דירה בבית קומות,,,11585.0,,,,"{""dedupeKey"": ""1197-82-10:2026-06-18:892021"", ""dealDate"": ""2026-06-18"", ""dealAmount"": ""892021"", ""pricePerSqm"": ""11585"", ""cityName"": ""אשקלון"", ""rooms"": ""3"", ""area"": ""77"", ""yearBuilt"": ""2029"", ""propertyType"": ""דירה בבית קומות"", ""gush"": ""1197"", ""helka"": ""82"", ""tatHelka"": ""10"", ""parcelNum"": ""1197-82-10"", ""scrapedAt"": ""2026-09-05T16:18:44.169Z""}"
sold,C:\Users\AVIV\gaba\gabay_pricing_core\tax_enriched_ashkelon_3room_36m.json,117,small_area_45_80,,2026-06-17,אשקלון,גן הורדים,בני עקיבא 1,,3.0,64.15,,,3.0,דירה בבית קומות,,,15312.0,,,,"{""dedupeKey"": ""2391-20-20:2026-06-17:980000"", ""dealDate"": ""2026-06-17"", ""dealAmount"": ""980000"", ""pricePerSqm"": ""15312"", ""address"": ""בני עקיבא 1"", ""cityName"": ""אשקלון"", ""neighborhoodName"": ""גן הורדים"", ""rooms"": ""3"", ""floor"": ""שניה"", ""buildingFloors"": ""3"", ""area"": ""64.15"", ""yearBuilt"": ""1992"", ""propertyType"": ""דירה בבית קומות"", ""gush"": ""2391"", ""helka"": ""20"", ""tatHelka"": ""20"", ""parcelNum"": ""2391-20-20"", ""assetId"": ""50071008"", ""prevDeals"": ""[{\""dealDate\"": \""2017-05-03\"", \""dealAmount\"": 765000}, {\""dealDate\"": \""2008-10-31\"", \""dealAmount\"": 305000}]"", ""trend"": ""{\""ratePct\"": 2.8, \""years\"": 9.1}""}"
sold,C:\Users\AVIV\gaba\gabay_pricing_core\tax_enriched_ashkelon_3room_36m.json,121,small_area_45_80,,2026-06-17,אשקלון,נווה אלונים,ניצנים 4,,3.0,70.0,,,,דירה בבית קומות,,,12714.0,,,,"{""dedupeKey"": ""3020-10-23:2026-06-17:890000"", ""dealDate"": ""2026-06-17"", ""dealAmount"": ""890000"", ""pricePerSqm"": ""12714"", ""address"": ""ניצנים 4"", ""cityName"": ""אשקלון"", ""neighborhoodName"": ""נווה אלונים"", ""rooms"": ""3"", ""area"": ""70"", ""yearBuilt"": ""1970"", ""propertyType"": ""דירה בבית קומות"", ""gush"": ""3020"", ""helka"": ""10"", ""tatHelka"": ""23"", ""parcelNum"": ""3020-10-23"", ""scrapedAt"": ""2026-09-05T16:18:44.169Z""}"
sold,C:\Users\AVIV\gaba\gabay_pricing_core\tax_enriched_ashkelon_3room_36m.json,122,small_area_45_80,,2026-06-17,אשקלון,אזור תעשיה צפוני,הרב יוסף שרביט 5,,3.0,79.0,,,,דירה בבית קומות,,,20633.0,,,,"{""dedupeKey"": ""1197-93-14:2026-06-17:1630000"", ""dealDate"": ""2026-06-17"", ""dealAmount"": ""1630000"", ""pricePerSqm"": ""20633"", ""address"": ""הרב יוסף שרביט 5"", ""cityName"": ""אשקלון"", ""neighborhoodName"": ""אזור תעשיה צפוני"", ""rooms"": ""3"", ""area"": ""79"", ""yearBuilt"": ""2030"", ""propertyType"": ""דירה בבית קומות"", ""gush"": ""1197"", ""helka"": ""93"", ""tatHelka"": ""14"", ""parcelNum"": ""1197-93-14"", ""scrapedAt"": ""2026-09-05T16:18:44.169Z""}"
sold,C:\Users\AVIV\gaba\gabay_pricing_core\tax_enriched_ashkelon_3room_36m.json,127,small_area_45_80,,2026-06-17,אשקלון,אזור תעשיה צפוני,הרב יוסף שרביט 5,,3.0,80.0,,,,,True,,11305.0,,,,"{""dedupeKey"": ""1197-93-44:2026-06-17:904391"", ""dealDate"": ""2026-06-17"", ""dealAmount"": ""904391"", ""pricePerSqm"": ""11305"", ""address"": ""הרב יוסף שרביט 5"", ""cityName"": ""אשקלון"", ""neighborhoodName"": ""אזור תעשיה צפוני"", ""rooms"": ""3"", ""floor"": ""שישית"", ""area"": ""80"", ""isFirstHand"": ""True"", ""gush"": ""1197"", ""helka"": ""93"", ""tatHelka"": ""44"", ""parcelNum"": ""1197-93-44"", ""assetId"": ""4086205"", ""scrapedAt"": ""2026-09-05T16:18:44.169Z""}"
sold,C:\Users\AVIV\gaba\gabay_pricing_core\tax_enriched_ashkelon_3room_36m.json,128,small_area_45_80,,2026-06-17,אשקלון,,היינן 17,,3.0,80.0,,,,דירה בבית קומות,,,21587.0,,,,"{""dedupeKey"": ""362-99-66:2026-06-17:1726980"", ""dealDate"": ""2026-06-17"", ""dealAmount"": ""1726980"", ""pricePerSqm"": ""21587"", ""address"": ""היינן 17"", ""cityName"": ""אשקלון"", ""rooms"": ""3"", ""area"": ""80"", ""yearBuilt"": ""2025"", ""propertyType"": ""דירה בבית קומות"", ""gush"": ""362"", ""helka"": ""99"", ""tatHelka"": ""66"", ""parcelNum"": ""362-99-66"", ""scrapedAt"": ""2026-09-05T16:18:44.169Z""}"
sold,C:\Users\AVIV\gaba\gabay_pricing_core\tax_enriched_ashkelon_3room_36m.json,129,small_area_45_80,,2026-06-16,אשקלון,אזור תעשיה צפוני,,,3.0,78.0,,,,דירה בבית קומות,,,11013.0,,,,"{""dedupeKey"": ""1196-100-43:2026-06-16:859000"", ""dealDate"": ""2026-06-16"", ""dealAmount"": ""859000"", ""pricePerSqm"": ""11013"", ""cityName"": ""אשקלון"", ""neighborhoodName"": ""אזור תעשיה צפוני"", ""rooms"": ""3"", ""floor"": ""שמינית"", ""area"": ""78"", ""propertyType"": ""דירה בבית קומות"", ""gush"": ""1196"", ""helka"": ""100"", ""tatHelka"": ""43"", ""parcelNum"": ""1196-100-43"", ""assetId"": ""4087230"", ""scrapedAt"": ""2026-09-05T16:18:44.169Z""}"
sold,C:\Users\AVIV\gaba\gabay_pricing_core\tax_enriched_ashkelon_3room_36m.json,130,small_area_45_80,,2026-06-16,אשקלון,אזור תעשיה צפוני,הרב יוסף שרביט 5,,3.0,79.0,,,,,True,,20380.0,,,,"{""dedupeKey"": ""1197-93-39:2026-06-16:1610000"", ""dealDate"": ""2026-06-16"", ""dealAmount"": ""1610000"", ""pricePerSqm"": ""20380"", ""address"": ""הרב יוסף שרביט 5"", ""cityName"": ""אשקלון"", ""neighborhoodName"": ""אזור תעשיה צפוני"", ""rooms"": ""3"", ""floor"": ""שלישית"", ""area"": ""79"", ""isFirstHand"": ""True"", ""gush"": ""1197"", ""helka"": ""93"", ""tatHelka"": ""39"", ""parcelNum"": ""1197-93-39"", ""assetId"": ""4086182"", ""scrapedAt"": ""2026-09-05T16:18:44.169Z""}"
sold,C:\Users\AVIV\gaba\gabay_pricing_core\tax_enriched_ashkelon_3room_36m.json,134,small_area_45_80,,2026-06-15,אשקלון,אזור תעשיה צפוני,הרב יוסף שרביט 5,,3.0,80.0,,,,דירה בבית קומות,,,11525.0,,,,"{""dedupeKey"": ""1197-93-23:2026-06-15:922008"", ""dealDate"": ""2026-06-15"", ""dealAmount"": ""922008"", ""pricePerSqm"": ""11525"", ""address"": ""הרב יוסף שרביט 5"", ""cityName"": ""אשקלון"", ""neighborhoodName"": ""אזור תעשיה צפוני"", ""rooms"": ""3"", ""area"": ""80"", ""yearBuilt"": ""2030"", ""propertyType"": ""דירה בבית קומות"", ""gush"": ""1197"", ""helka"": ""93"", ""tatHelka"": ""23"", ""parcelNum"": ""1197-93-23"", ""scrapedAt"": ""2026-09-05T16:18:44.169Z""}"
sold,C:\Users\AVIV\gaba\gabay_pricing_core\tax_enriched_ashkelon_3room_36m.json,136,small_area_45_80,,2026-06-15,אשקלון,אזור תעשיה צפוני,הרב יוסף שרביט 5,,3.0,78.0,,,,דירה בבית קומות,,,11564.0,,,,"{""dedupeKey"": ""1197-93-47:2026-06-15:902000"", ""dealDate"": ""2026-06-15"", ""dealAmount"": ""902000"", ""pricePerSqm"": ""11564"", ""address"": ""הרב יוסף שרביט 5"", ""cityName"": ""אשקלון"", ""neighborhoodName"": ""אזור תעשיה צפוני"", ""rooms"": ""3"", ""floor"": ""חמישית"", ""area"": ""78"", ""yearBuilt"": ""2030"", ""propertyType"": ""דירה בבית קומות"", ""gush"": ""1197"", ""helka"": ""93"", ""tatHelka"": ""47"", ""parcelNum"": ""1197-93-47"", ""assetId"": ""4086202"", ""prevDeals"": ""[{\""dealDate\"": \""2026-06-15\"", \""dealAmount\"": 1519000}, {\""dealDate\"": \""2026-06-15\"", \""dealAmount\"": 1492000}, {\""dealDate\"": \""2026-06-15\"", \""dealAmount\"": 922000}, {\""dealDate\"": \""2026-06-15\"", \""dealAmount\"": 1510000}]"", ""scrapedAt"": ""2026-09-05T16:18:44.169Z""}"
sold,C:\Users\AVIV\gaba\gabay_pricing_core\tax_enriched_ashkelon_3room_36m.json,141,small_area_45_80,,2026-06-15,אשקלון,אפרידר,הנשיא 91,,3.0,64.7,,,3.0,דירה בבית קומות,,,17002.0,,,,"{""dedupeKey"": ""1942-123-2:2026-06-15:1100000"", ""dealDate"": ""2026-06-15"", ""dealAmount"": ""1100000"", ""pricePerSqm"": ""17002"", ""address"": ""הנשיא 91"", ""cityName"": ""אשקלון"", ""neighborhoodName"": ""אפרידר"", ""rooms"": ""3"", ""floor"": ""קרקע"", ""buildingFloors"": ""3"", ""area"": ""64.7"", ""yearBuilt"": ""1960"", ""propertyType"": ""דירה בבית קומות"", ""gush"": ""1942"", ""helka"": ""123"", ""tatHelka"": ""2"", ""parcelNum"": ""1942-123-2"", ""assetId"": ""50051192"", ""scrapedAt"": ""2026-09-05T16:18:44.169Z""}"
sold,C:\Users\AVIV\gaba\gabay_pricing_core\tax_enriched_ashkelon_3room_36m.json,142,small_area_45_80,,2026-06-14,אשקלון,,אריאל שרון 26,,3.0,80.0,,,,דירה בבית קומות,,,22875.0,,,,"{""dedupeKey"": ""2950-47-37:2026-06-14:1830000"", ""dealDate"": ""2026-06-14"", ""dealAmount"": ""1830000"", ""pricePerSqm"": ""22875"", ""address"": ""אריאל שרון 26"", ""cityName"": ""אשקלון"", ""rooms"": ""3"", ""area"": ""80"", ""yearBuilt"": ""2020"", ""propertyType"": ""דירה בבית קומות"", ""gush"": ""2950"", ""helka"": ""47"", ""tatHelka"": ""37"", ""parcelNum"": ""2950-47-37"", ""scrapedAt"": ""2026-09-05T16:18:44.169Z""}"
sold,C:\Users\AVIV\gaba\gabay_pricing_core\tax_enriched_ashkelon_3room_36m.json,143,small_area_45_80,,2026-06-14,אשקלון,שקמים,אפרים צור 17,,3.0,50.0,,,,דירה בבית קומות,,,16200.0,,,,"{""dedupeKey"": ""1965-54-3:2026-06-14:810000"", ""dealDate"": ""2026-06-14"", ""dealAmount"": ""810000"", ""pricePerSqm"": ""16200"", ""address"": ""אפרים צור 17"", ""cityName"": ""אשקלון"", ""neighborhoodName"": ""שקמים"", ""rooms"": ""3"", ""area"": ""50"", ""yearBuilt"": ""1960"", ""propertyType"": ""דירה בבית קומות"", ""gush"": ""1965"", ""helka"": ""54"", ""tatHelka"": ""3"", ""parcelNum"": ""1965-54-3"", ""scrapedAt"": ""2026-09-05T16:18:44.169Z""}"
sold,C:\Users\AVIV\gaba\gabay_pricing_core\tax_enriched_ashkelon_3room_36m.json,144,small_area_45_80,,2026-06-14,אשקלון,אזור תעשיה צפוני,הרב יוסף שרביט 5,,3.0,80.0,,,,,True,,11525.0,,,,"{""dedupeKey"": ""1197-93-35:2026-06-14:922008"", ""dealDate"": ""2026-06-14"", ""dealAmount"": ""922008"", ""pricePerSqm"": ""11525"", ""address"": ""הרב יוסף שרביט 5"", ""cityName"": ""אשקלון"", ""neighborhoodName"": ""אזור תעשיה צפוני"", ""rooms"": ""3"", ""floor"": ""חמישית"", ""area"": ""80"", ""isFirstHand"": ""True"", ""gush"": ""1197"", ""helka"": ""93"", ""tatHelka"": ""35"", ""parcelNum"": ""1197-93-35"", ""assetId"": ""4086218"", ""scrapedAt"": ""2026-09-05T16:18:44.169Z""}"
sold,C:\Users\AVIV\gaba\gabay_pricing_core\tax_enriched_ashkelon_3room_36m.json,145,small_area_45_80,,2026-06-14,אשקלון,אזור תעשיה צפוני,הרב יוסף שרביט 5,,3.0,78.0,,,,,True,,11567.0,,,,"{""dedupeKey"": ""1197-93-34:2026-06-14:902251"", ""dealDate"": ""2026-06-14"", ""dealAmount"": ""902251"", ""pricePerSqm"": ""11567"", ""address"": ""הרב יוסף שרביט 5"", ""cityName"": ""אשקלון"", ""neighborhoodName"": ""אזור תעשיה צפוני"", ""rooms"": ""3"", ""floor"": ""שביעית"", ""area"": ""78"", ""isFirstHand"": ""True"", ""gush"": ""1197"", ""helka"": ""93"", ""tatHelka"": ""34"", ""parcelNum"": ""1197-93-34"", ""assetId"": ""4086213"", ""scrapedAt"": ""2026-09-05T16:18:44.169Z""}"
sold,C:\Users\AVIV\gaba\gabay_pricing_core\tax_enriched_ashkelon_3room_36m.json,146,small_area_45_80,,2026-06-11,אשקלון,רמת אשכול,דוד רזיאל 14,,3.0,48.0,,,,דירה בבית קומות,,,19792.0,,,,"{""dedupeKey"": ""1994-26-15:2026-06-11:950000"", ""dealDate"": ""2026-06-11"", ""dealAmount"": ""950000"", ""pricePerSqm"": ""19792"", ""address"": ""דוד רזיאל 14"", ""cityName"": ""אשקלון"", ""neighborhoodName"": ""רמת אשכול"", ""rooms"": ""3"", ""area"": ""48"", ""yearBuilt"": ""1980"", ""propertyType"": ""דירה בבית קומות"", ""gush"": ""1994"", ""helka"": ""26"", ""tatHelka"": ""15"", ""parcelNum"": ""1994-26-15"", ""scrapedAt"": ""2026-09-05T16:18:44.169Z""}"
sold,C:\Users\AVIV\gaba\gabay_pricing_core\tax_enriched_ashkelon_3room_36m.json,147,small_area_45_80,,2026-06-10,אשקלון,נווה הדרים,תשרי 17,,3.0,72.0,,,,דירה בבית קומות,,,15278.0,,,,"{""dedupeKey"": ""1353-43-12:2026-06-10:1100000"", ""dealDate"": ""2026-06-10"", ""dealAmount"": ""1100000"", ""pricePerSqm"": ""15278"", ""address"": ""תשרי 17"", ""cityName"": ""אשקלון"", ""neighborhoodName"": ""נווה הדרים"", ""rooms"": ""3"", ""area"": ""72"", ""yearBuilt"": ""1993"", ""propertyType"": ""דירה בבית קומות"", ""gush"": ""1353"", ""helka"": ""43"", ""tatHelka"": ""12"", ""parcelNum"": ""1353-43-12"", ""scrapedAt"": ""2026-09-05T16:18:44.169Z""}"
sold,C:\Users\AVIV\gaba\gabay_pricing_core\tax_enriched_ashkelon_3room_36m.json,149,small_area_45_80,,2026-06-09,אשקלון,מגדל,הרצל 16,,3.0,68.0,,,,דירה בבית קומות,,,10662.0,,,,"{""dedupeKey"": ""1247-10-0:2026-06-09:725000"", ""dealDate"": ""2026-06-09"", ""dealAmount"": ""725000"", ""pricePerSqm"": ""10662"", ""address"": ""הרצל 16"", ""cityName"": ""אשקלון"", ""neighborhoodName"": ""מגדל"", ""rooms"": ""3"", ""area"": ""68"", ""yearBuilt"": ""1980"", ""propertyType"": ""דירה בבית קומות"", ""gush"": ""1247"", ""helka"": ""10"", ""parcelNum"": ""1247-10-0"", ""scrapedAt"": ""2026-09-05T16:18:44.169Z""}"
sold,C:\Users\AVIV\gaba\gabay_pricing_core\tax_enriched_ashkelon_3room_36m.json,150,small_area_45_80,,2026-06-09,אשקלון,,,,3.0,77.0,,,,דירה בבית קומות,,,21688.0,,,,"{""dedupeKey"": ""1197-82-37:2026-06-09:1670000"", ""dealDate"": ""2026-06-09"", ""dealAmount"": ""1670000"", ""pricePerSqm"": ""21688"", ""cityName"": ""אשקלון"", ""rooms"": ""3"", ""area"": ""77"", ""yearBuilt"": ""2030"", ""propertyType"": ""דירה בבית קומות"", ""gush"": ""1197"", ""helka"": ""82"", ""tatHelka"": ""37"", ""parcelNum"": ""1197-82-37"", ""scrapedAt"": ""2026-09-05T16:18:44.169Z""}"
sold,C:\Users\AVIV\gaba\gabay_pricing_core\tax_enriched_ashkelon_3room_36m.json,151,small_area_45_80,,2026-06-09,אשקלון,גן הורדים,הסוכנות היהודית 8,,3.0,71.0,,,6.0,דירה בבית קומות,,,14225.0,,,,"{""dedupeKey"": ""2391-14-15:2026-06-09:1010000"", ""dealDate"": ""2026-06-09"", ""dealAmount"": ""1010000"", ""pricePerSqm"": ""14225"", ""address"": ""הסוכנות היהודית 8"", ""cityName"": ""אשקלון"", ""neighborhoodName"": ""גן הורדים"", ""rooms"": ""3"", ""buildingFloors"": ""6"", ""area"": ""71"", ""yearBuilt"": ""1987"", ""propertyType"": ""דירה בבית קומות"", ""gush"": ""2391"", ""helka"": ""14"", ""tatHelka"": ""15"", ""parcelNum"": ""2391-14-15"", ""scrapedAt"": ""2026-09-05T16:18:44.169Z""}"
sold,C:\Users\AVIV\gaba\gabay_pricing_core\tax_enriched_ashkelon_3room_36m.json,152,small_area_45_80,,2026-06-08,אשקלון,,היינן 17,,3.0,80.0,,,8.0,דירה בבית קומות,,,21325.0,,,,"{""dedupeKey"": ""362-99-58:2026-06-08:1706000"", ""dealDate"": ""2026-06-08"", ""dealAmount"": ""1706000"", ""pricePerSqm"": ""21325"", ""address"": ""היינן 17"", ""cityName"": ""אשקלון"", ""rooms"": ""3"", ""floor"": ""חמישית"", ""buildingFloors"": ""8"", ""area"": ""80"", ""yearBuilt"": ""2023"", ""propertyType"": ""דירה בבית קומות"", ""gush"": ""362"", ""helka"": ""99"", ""tatHelka"": ""58"", ""parcelNum"": ""362-99-58"", ""assetId"": ""4970001"", ""scrapedAt"": ""2026-09-05T16:18:44.169Z""}"
sold,C:\Users\AVIV\gaba\gabay_pricing_core\tax_enriched_ashkelon_3room_36m.json,153,small_area_45_80,,2026-06-08,אשקלון,האגמים,נחל עירון 1,,3.0,71.0,,,4.0,דירה בבית קומות,,,20352.0,,,,"{""dedupeKey"": ""2882-8-19:2026-06-08:1445000"", ""dealDate"": ""2026-06-08"", ""dealAmount"": ""1445000"", ""pricePerSqm"": ""20352"", ""address"": ""נחל עירון 1"", ""cityName"": ""אשקלון"", ""neighborhoodName"": ""האגמים"", ""rooms"": ""3"", ""floor"": ""שניה"", ""buildingFloors"": ""4"", ""area"": ""71"", ""yearBuilt"": ""2019"", ""propertyType"": ""דירה בבית קומות"", ""gush"": ""2882"", ""helka"": ""8"", ""tatHelka"": ""19"", ""parcelNum"": ""2882-8-19"", ""assetId"": ""4833127"", ""scrapedAt"": ""2026-09-05T16:18:44.169Z""}"
sold,C:\Users\AVIV\gaba\gabay_pricing_core\tax_enriched_ashkelon_3room_36m.json,154,small_area_45_80,,2026-06-07,אשקלון,נאות אשקלון,יהדות בריטניה 12,,3.0,63.3,,,8.0,דירה בבית קומות,,,16272.0,,,,"{""dedupeKey"": ""1296-16-38:2026-06-07:1030000"", ""dealDate"": ""2026-06-07"", ""dealAmount"": ""1030000"", ""pricePerSqm"": ""16272"", ""address"": ""יהדות בריטניה 12"", ""cityName"": ""אשקלון"", ""neighborhoodName"": ""נאות אשקלון"", ""rooms"": ""3"", ""floor"": ""שניה"", ""buildingFloors"": ""8"", ""area"": ""63.3"", ""yearBuilt"": ""1990"", ""propertyType"": ""דירה בבית קומות"", ""gush"": ""1296"", ""helka"": ""16"", ""tatHelka"": ""38"", ""parcelNum"": ""1296-16-38"", ""assetId"": ""50013632"", ""scrapedAt"": ""2026-09-05T16:18:44.169Z""}"
sold,C:\Users\AVIV\gaba\gabay_pricing_core\tax_enriched_ashkelon_3room_36m.json,155,small_area_45_80,,2026-06-07,אשקלון,,היינן 17,,3.0,80.0,,,8.0,,True,,21337.0,,,,"{""dedupeKey"": ""362-99-57:2026-06-07:1706980"", ""dealDate"": ""2026-06-07"", ""dealAmount"": ""1706980"", ""pricePerSqm"": ""21337"", ""address"": ""היינן 17"", ""cityName"": ""אשקלון"", ""rooms"": ""3"", ""floor"": ""חמישית"", ""buildingFloors"": ""8"", ""area"": ""80"", ""yearBuilt"": ""2023"", ""isFirstHand"": ""True"", ""gush"": ""362"", ""helka"": ""99"", ""tatHelka"": ""57"", ""parcelNum"": ""362-99-57"", ""assetId"": ""4970001"", ""scrapedAt"": ""2026-09-05T16:18:44.169Z""}"
sold,C:\Users\AVIV\gaba\gabay_pricing_core\tax_enriched_ashkelon_3room_36m.json,157,small_area_45_80,,2026-06-05,אשקלון,אפרידר,דרום אפריקה 6,,3.0,76.0,,,,דירה בבית קומות,,,14211.0,,,,"{""dedupeKey"": ""1932-81-44:2026-06-05:1080000"", ""dealDate"": ""2026-06-05"", ""dealAmount"": ""1080000"", ""pricePerSqm"": ""14211"", ""address"": ""דרום אפריקה 6"", ""cityName"": ""אשקלון"", ""neighborhoodName"": ""אפרידר"", ""rooms"": ""3"", ""area"": ""76"", ""yearBuilt"": ""1960"", ""propertyType"": ""דירה בבית קומות"", ""gush"": ""1932"", ""helka"": ""81"", ""tatHelka"": ""44"", ""parcelNum"": ""1932-81-44"", ""scrapedAt"": ""2026-09-05T16:18:44.169Z""}"
sold,C:\Users\AVIV\gaba\gabay_pricing_core\tax_enriched_ashkelon_3room_36m.json,159,small_area_45_80,,2026-06-05,אשקלון,נאות אשקלון,אריה 16,,3.0,76.0,,,5.0,דירה בבית קומות,,,13684.0,,,,"{""dedupeKey"": ""1296-43-13:2026-06-05:1040000"", ""dealDate"": ""2026-06-05"", ""dealAmount"": ""1040000"", ""pricePerSqm"": ""13684"", ""address"": ""אריה 16"", ""cityName"": ""אשקלון"", ""neighborhoodName"": ""נאות אשקלון"", ""rooms"": ""3"", ""buildingFloors"": ""5"", ""area"": ""76"", ""yearBuilt"": ""1990"", ""propertyType"": ""דירה בבית קומות"", ""gush"": ""1296"", ""helka"": ""43"", ""tatHelka"": ""13"", ""parcelNum"": ""1296-43-13"", ""scrapedAt"": ""2026-09-05T16:18:44.169Z""}"
sold,C:\Users\AVIV\gaba\gabay_pricing_core\tax_enriched_ashkelon_3room_36m.json,161,small_area_45_80,,2026-06-04,אשקלון,,,,3.0,77.0,,,,דירה בבית קומות,,,23987.0,,,,"{""dedupeKey"": ""370-42-31:2026-06-04:1846980"", ""dealDate"": ""2026-06-04"", ""dealAmount"": ""1846980"", ""pricePerSqm"": ""23987"", ""cityName"": ""אשקלון"", ""rooms"": ""3"", ""area"": ""77"", ""yearBuilt"": ""2027"", ""propertyType"": ""דירה בבית קומות"", ""gush"": ""370"", ""helka"": ""42"", ""tatHelka"": ""31"", ""parcelNum"": ""370-42-31"", ""scrapedAt"": ""2026-09-05T16:18:44.169Z""}"
sold,C:\Users\AVIV\gaba\gabay_pricing_core\tax_enriched_ashkelon_3room_36m.json,163,small_area_45_80,,2026-06-03,אשקלון,מתחם מ-7,דוריף 31,,3.0,77.0,,,,,True,,23896.0,,,,"{""dedupeKey"": ""370-48-73:2026-06-03:1840000"", ""dealDate"": ""2026-06-03"", ""dealAmount"": ""1840000"", ""pricePerSqm"": ""23896"", ""address"": ""דוריף 31"", ""cityName"": ""אשקלון"", ""neighborhoodName"": ""מתחם מ-7"", ""rooms"": ""3"", ""floor"": ""שמינית"", ""area"": ""77"", ""isFirstHand"": ""True"", ""gush"": ""370"", ""helka"": ""48"", ""tatHelka"": ""73"", ""parcelNum"": ""370-48-73"", ""assetId"": ""4078121"", ""scrapedAt"": ""2026-09-05T16:18:44.169Z""}"
sold,C:\Users\AVIV\gaba\gabay_pricing_core\tax_enriched_ashkelon_3room_36m.json,164,small_area_45_80,,2026-06-03,אשקלון,,,,3.0,77.0,,,,דירה בבית קומות,,,11702.0,,,,"{""dedupeKey"": ""1197-82-20:2026-06-03:901077"", ""dealDate"": ""2026-06-03"", ""dealAmount"": ""901077"", ""pricePerSqm"": ""11702"", ""cityName"": ""אשקלון"", ""rooms"": ""3"", ""area"": ""77"", ""yearBuilt"": ""2029"", ""propertyType"": ""דירה בבית קומות"", ""gush"": ""1197"", ""helka"": ""82"", ""tatHelka"": ""20"", ""parcelNum"": ""1197-82-20"", ""scrapedAt"": ""2026-09-05T16:18:44.169Z""}"
sold,C:\Users\AVIV\gaba\gabay_pricing_core\tax_enriched_ashkelon_3room_36m.json,166,small_area_45_80,,2026-06-03,אשקלון,כוכב הצפון,רבי מאיר 6,,3.0,63.2,,,6.0,דירה בבית קומות,,,17857.0,,,,"{""dedupeKey"": ""1201-140-7:2026-06-03:1125000"", ""dealDate"": ""2026-06-03"", ""dealAmount"": ""1125000"", ""pricePerSqm"": ""17857"", ""address"": ""רבי מאיר 6"", ""cityName"": ""אשקלון"", ""neighborhoodName"": ""כוכב הצפון"", ""rooms"": ""3"", ""floor"": ""ראשונה"", ""buildingFloors"": ""6"", ""area"": ""63.2"", ""yearBuilt"": ""1995"", ""propertyType"": ""דירה בבית קומות"", ""gush"": ""1201"", ""helka"": ""140"", ""tatHelka"": ""7"", ""parcelNum"": ""1201-140-7"", ""assetId"": ""11352463740"", ""prevDeals"": ""[{\""dealDate\"": \""2017-11-05\"", \""dealAmount\"": 900000}]"", ""trend"": ""{\""ratePct\"": 2.6, \""years\"": 8.6}""}"
sold,C:\Users\AVIV\gaba\gabay_pricing_core\tax_enriched_ashkelon_3room_36m.json,170,small_area_45_80,,2026-06-02,אשקלון,גבעת ציון,חזון עובדיה 51,,3.0,79.0,,,,דירה בבית קומות,,,19324.0,,,,"{""dedupeKey"": ""1475-58-0:2026-06-02:1526577"", ""dealDate"": ""2026-06-02"", ""dealAmount"": ""1526577"", ""pricePerSqm"": ""19324"", ""address"": ""חזון עובדיה 51"", ""cityName"": ""אשקלון"", ""neighborhoodName"": ""גבעת ציון"", ""rooms"": ""3"", ""area"": ""79"", ""yearBuilt"": ""2024"", ""propertyType"": ""דירה בבית קומות"", ""gush"": ""1475"", ""helka"": ""58"", ""parcelNum"": ""1475-58-0"", ""scrapedAt"": ""2026-09-05T16:18:44.169Z""}"
sold,C:\Users\AVIV\gaba\gabay_pricing_core\tax_enriched_ashkelon_3room_36m.json,171,small_area_45_80,,2026-06-02,אשקלון,נאות אשקלון,איילה 15,,3.0,70.56,,,6.0,דירה בבית קומות,,,14314.0,,,,"{""dedupeKey"": ""1296-15-55:2026-06-02:1010000"", ""dealDate"": ""2026-06-02"", ""dealAmount"": ""1010000"", ""pricePerSqm"": ""14314"", ""address"": ""איילה 15"", ""cityName"": ""אשקלון"", ""neighborhoodName"": ""נאות אשקלון"", ""rooms"": ""3"", ""floor"": ""רביעית"", ""buildingFloors"": ""6"", ""area"": ""70.56"", ""yearBuilt"": ""1992"", ""propertyType"": ""דירה בבית קומות"", ""gush"": ""1296"", ""helka"": ""15"", ""tatHelka"": ""55"", ""parcelNum"": ""1296-15-55"", ""assetId"": ""50013583"", ""scrapedAt"": ""2026-09-05T16:18:44.169Z""}"
sold,C:\Users\AVIV\gaba\gabay_pricing_core\tax_enriched_ashkelon_3room_36m.json,172,small_area_45_80,,2026-06-01,אשקלון,אזור תעשיה צפוני,הרב יוסף שרביט 7,,3.0,75.0,,,8.0,דירה בבית קומות,,,21267.0,,,,"{""dedupeKey"": ""1197-87-74:2026-06-01:1595000"", ""dealDate"": ""2026-06-01"", ""dealAmount"": ""1595000"", ""pricePerSqm"": ""21267"", ""address"": ""הרב יוסף שרביט 7"", ""cityName"": ""אשקלון"", ""neighborhoodName"": ""אזור תעשיה צפוני"", ""rooms"": ""3"", ""floor"": ""ראשונה"", ""buildingFloors"": ""8"", ""area"": ""75"", ""yearBuilt"": ""2024"", ""propertyType"": ""דירה בבית קומות"", ""gush"": ""1197"", ""helka"": ""87"", ""tatHelka"": ""74"", ""parcelNum"": ""1197-87-74"", ""assetId"": ""11352332250"", ""scrapedAt"": ""2026-09-05T16:18:44.169Z""}"
sold,C:\Users\AVIV\gaba\gabay_pricing_core\tax_enriched_ashkelon_3room_36m.json,177,small_area_45_80,,2026-06-01,אשקלון,ז'בוטינסקי,גדוד הפורצים 4,,3.0,58.0,,,,דירה בבית קומות,,,17241.0,,,,"{""dedupeKey"": ""1998-23-10:2026-06-01:1000000"", ""dealDate"": ""2026-06-01"", ""dealAmount"": ""1000000"", ""pricePerSqm"": ""17241"", ""address"": ""גדוד הפורצים 4"", ""cityName"": ""אשקלון"", ""neighborhoodName"": ""ז'בוטינסקי"", ""rooms"": ""3"", ""area"": ""58"", ""yearBuilt"": ""1980"", ""propertyType"": ""דירה בבית קומות"", ""gush"": ""1998"", ""helka"": ""23"", ""tatHelka"": ""10"", ""parcelNum"": ""1998-23-10"", ""scrapedAt"": ""2026-09-05T16:18:44.169Z""}"
sold,C:\Users\AVIV\gaba\gabay_pricing_core\tax_enriched_ashkelon_3room_36m.json,179,small_area_45_80,,2026-06-01,אשקלון,גבעת ציון,עמק יזרעאל 99,,3.0,79.0,,,8.0,,True,,19241.0,,,,"{""dedupeKey"": ""1475-6-1:2026-06-01:1520000"", ""dealDate"": ""2026-06-01"", ""dealAmount"": ""1520000"", ""pricePerSqm"": ""19241"", ""address"": ""עמק יזרעאל 99"", ""cityName"": ""אשקלון"", ""neighborhoodName"": ""גבעת ציון"", ""rooms"": ""3"", ""floor"": ""שישית"", ""buildingFloors"": ""8"", ""area"": ""79"", ""isFirstHand"": ""True"", ""gush"": ""1475"", ""helka"": ""6"", ""tatHelka"": ""1"", ""parcelNum"": ""1475-6-1"", ""assetId"": ""11352540473"", ""scrapedAt"": ""2026-09-05T16:18:44.169Z""}"
sold,C:\Users\AVIV\gaba\gabay_pricing_core\tax_enriched_ashkelon_3room_36m.json,183,small_area_45_80,,2026-05-31,אשקלון,אזור תעשיה צפוני,הרב יוסף שרביט 7,,3.0,75.0,,,8.0,,True,,21267.0,,,,"{""dedupeKey"": ""1197-87-75:2026-05-31:1595000"", ""dealDate"": ""2026-05-31"", ""dealAmount"": ""1595000"", ""pricePerSqm"": ""21267"", ""address"": ""הרב יוסף שרביט 7"", ""cityName"": ""אשקלון"", ""neighborhoodName"": ""אזור תעשיה צפוני"", ""rooms"": ""3"", ""floor"": ""ראשונה"", ""buildingFloors"": ""8"", ""area"": ""75"", ""isFirstHand"": ""True"", ""gush"": ""1197"", ""helka"": ""87"", ""tatHelka"": ""75"", ""parcelNum"": ""1197-87-75"", ""assetId"": ""4971600"", ""scrapedAt"": ""2026-09-05T16:18:44.170Z""}"
sold,C:\Users\AVIV\gaba\gabay_pricing_core\tax_enriched_ashkelon_3room_36m.json,184,small_area_45_80,,2026-05-31,אשקלון,אפרידר,בר כוכבא 39,,3.0,69.0,,,5.0,דירה בבית קומות,,,17391.0,,,,"{""dedupeKey"": ""2871-99-24:2026-05-31:1200000"", ""dealDate"": ""2026-05-31"", ""dealAmount"": ""1200000"", ""pricePerSqm"": ""17391"", ""address"": ""בר כוכבא 39"", ""cityName"": ""אשקלון"", ""neighborhoodName"": ""אפרידר"", ""rooms"": ""3"", ""floor"": ""ראשונה"", ""buildingFloors"": ""5"", ""area"": ""69"", ""yearBuilt"": ""1970"", ""propertyType"": ""דירה בבית קומות"", ""gush"": ""2871"", ""helka"": ""99"", ""tatHelka"": ""24"", ""parcelNum"": ""2871-99-24"", ""assetId"": ""50086900"", ""scrapedAt"": ""2026-09-05T16:18:44.170Z""}"
sold,C:\Users\AVIV\gaba\gabay_pricing_core\tax_enriched_ashkelon_3room_36m.json,185,small_area_45_80,,2026-05-31,אשקלון,אזור תעשיה צפוני,הרב יוסף שרביט 5,,3.0,80.0,,,,דירה בבית קומות,,,11781.0,,,,"{""dedupeKey"": ""1197-93-28:2026-05-31:942459"", ""dealDate"": ""2026-05-31"", ""dealAmount"": ""942459"", ""pricePerSqm"": ""11781"", ""address"": ""הרב יוסף שרביט 5"", ""cityName"": ""אשקלון"", ""neighborhoodName"": ""אזור תעשיה צפוני"", ""rooms"": ""3"", ""area"": ""80"", ""yearBuilt"": ""2030"", ""propertyType"": ""דירה בבית קומות"", ""gush"": ""1197"", ""helka"": ""93"", ""tatHelka"": ""28"", ""parcelNum"": ""1197-93-28"", ""scrapedAt"": ""2026-09-05T16:18:44.170Z""}"
sold,C:\Users\AVIV\gaba\gabay_pricing_core\tax_enriched_ashkelon_3room_36m.json,188,small_area_45_80,,2026-05-30,אשקלון,אזור תעשיה צפוני,הרב יוסף שרביט 5,,3.0,80.0,,,,,True,,11781.0,,,,"{""dedupeKey"": ""1197-93-32:2026-05-30:942459"", ""dealDate"": ""2026-05-30"", ""dealAmount"": ""942459"", ""pricePerSqm"": ""11781"", ""address"": ""הרב יוסף שרביט 5"", ""cityName"": ""אשקלון"", ""neighborhoodName"": ""אזור תעשיה צפוני"", ""rooms"": ""3"", ""floor"": ""שישית"", ""area"": ""80"", ""isFirstHand"": ""True"", ""gush"": ""1197"", ""helka"": ""93"", ""tatHelka"": ""32"", ""parcelNum"": ""1197-93-32"", ""assetId"": ""4086155"", ""scrapedAt"": ""2026-09-05T16:18:44.170Z""}"
sold,C:\Users\AVIV\gaba\gabay_pricing_core\tax_enriched_ashkelon_3room_36m.json,189,small_area_45_80,,2026-05-29,אשקלון,,שפיה 17,,3.0,75.0,,,4.0,דירה בבית קומות,,,20000.0,,,,"{""dedupeKey"": ""369-67-8:2026-05-29:1500000"", ""dealDate"": ""2026-05-29"", ""dealAmount"": ""1500000"", ""pricePerSqm"": ""20000"", ""address"": ""שפיה 17"", ""cityName"": ""אשקלון"", ""rooms"": ""3"", ""floor"": ""רביעית"", ""buildingFloors"": ""4"", ""area"": ""75"", ""yearBuilt"": ""2024"", ""propertyType"": ""דירה בבית קומות"", ""gush"": ""369"", ""helka"": ""67"", ""tatHelka"": ""8"", ""parcelNum"": ""369-67-8"", ""assetId"": ""4921612"", ""scrapedAt"": ""2026-09-05T16:18:44.170Z""}"
sold,C:\Users\AVIV\gaba\gabay_pricing_core\tax_enriched_ashkelon_3room_36m.json,191,small_area_45_80,,2026-05-28,אשקלון,אזור תעשיה צפוני,ניר עוז 14,,3.0,78.0,,,,דירה בבית קומות,,,21038.0,,,,"{""dedupeKey"": ""1196-79-123:2026-05-28:1641000"", ""dealDate"": ""2026-05-28"", ""dealAmount"": ""1641000"", ""pricePerSqm"": ""21038"", ""address"": ""ניר עוז 14"", ""cityName"": ""אשקלון"", ""neighborhoodName"": ""אזור תעשיה צפוני"", ""rooms"": ""3"", ""floor"": ""חמישית"", ""area"": ""78"", ""propertyType"": ""דירה בבית קומות"", ""gush"": ""1196"", ""helka"": ""79"", ""tatHelka"": ""123"", ""parcelNum"": ""1196-79-123"", ""assetId"": ""11352074580"", ""scrapedAt"": ""2026-09-05T16:18:44.170Z""}"
sold,C:\Users\AVIV\gaba\gabay_pricing_core\tax_enriched_ashkelon_3room_36m.json,192,small_area_45_80,,2026-05-28,אשקלון,נאות אשקלון,איילה 31,,3.0,78.0,,,,דירה בבית קומות,,,13718.0,,,,"{""dedupeKey"": ""1296-7-31:2026-05-28:1070000"", ""dealDate"": ""2026-05-28"", ""dealAmount"": ""1070000"", ""pricePerSqm"": ""13718"", ""address"": ""איילה 31"", ""cityName"": ""אשקלון"", ""neighborhoodName"": ""נאות אשקלון"", ""rooms"": ""3"", ""area"": ""78"", ""yearBuilt"": ""1993"", ""propertyType"": ""דירה בבית קומות"", ""gush"": ""1296"", ""helka"": ""7"", ""tatHelka"": ""31"", ""parcelNum"": ""1296-7-31"", ""scrapedAt"": ""2026-09-05T16:18:44.170Z""}"
sold,C:\Users\AVIV\gaba\gabay_pricing_core\tax_enriched_ashkelon_3room_36m.json,193,small_area_45_80,,2026-05-28,אשקלון,אפרידר,הסנה 7,,3.0,66.7,,,3.0,דירה בבית קומות,,,17991.0,,,,"{""dedupeKey"": ""1942-94-8:2026-05-28:1200000"", ""dealDate"": ""2026-05-28"", ""dealAmount"": ""1200000"", ""pricePerSqm"": ""17991"", ""address"": ""הסנה 7"", ""cityName"": ""אשקלון"", ""neighborhoodName"": ""אפרידר"", ""rooms"": ""3"", ""floor"": ""שניה"", ""buildingFloors"": ""3"", ""area"": ""66.7"", ""yearBuilt"": ""1970"", ""propertyType"": ""דירה בבית קומות"", ""gush"": ""1942"", ""helka"": ""94"", ""tatHelka"": ""8"", ""parcelNum"": ""1942-94-8"", ""assetId"": ""50050957"", ""scrapedAt"": ""2026-09-05T16:18:44.170Z""}"
sold,C:\Users\AVIV\gaba\gabay_pricing_core\tax_enriched_ashkelon_3room_36m.json,201,small_area_45_80,,2026-05-27,אשקלון,אפרידר,בר כוכבא 33,,3.0,69.0,,,5.0,דירה בבית קומות,,,17391.0,,,,"{""dedupeKey"": ""2871-98-13:2026-05-27:1200000"", ""dealDate"": ""2026-05-27"", ""dealAmount"": ""1200000"", ""pricePerSqm"": ""17391"", ""address"": ""בר כוכבא 33"", ""cityName"": ""אשקלון"", ""neighborhoodName"": ""אפרידר"", ""rooms"": ""3"", ""floor"": ""רביעית"", ""buildingFloors"": ""5"", ""area"": ""69"", ""yearBuilt"": ""1970"", ""propertyType"": ""דירה בבית קומות"", ""gush"": ""2871"", ""helka"": ""98"", ""tatHelka"": ""13"", ""parcelNum"": ""2871-98-13"", ""assetId"": ""11351501460"", ""prevDeals"": ""[{\""dealDate\"": \""2022-03-09\"", \""dealAmount\"": 1120000}, {\""dealDate\"": \""2000-09-14\"", \""dealAmount\"": 310000}]"", ""trend"": ""{\""ratePct\"": 1.6, \""years\"": 4.2}""}"
sold,C:\Users\AVIV\gaba\gabay_pricing_core\tax_enriched_ashkelon_3room_36m.json,205,small_area_45_80,,2026-05-27,אשקלון,אזור תעשיה צפוני,ניר עוז 14,,3.0,78.0,,,,,True,,11421.0,,,,"{""dedupeKey"": ""1196-79-120:2026-05-27:890828"", ""dealDate"": ""2026-05-27"", ""dealAmount"": ""890828"", ""pricePerSqm"": ""11421"", ""address"": ""ניר עוז 14"", ""cityName"": ""אשקלון"", ""neighborhoodName"": ""אזור תעשיה צפוני"", ""rooms"": ""3"", ""floor"": ""חמישית"", ""area"": ""78"", ""isFirstHand"": ""True"", ""gush"": ""1196"", ""helka"": ""79"", ""tatHelka"": ""120"", ""parcelNum"": ""1196-79-120"", ""assetId"": ""11352529642"", ""scrapedAt"": ""2026-09-05T16:18:44.170Z""}"
sold,C:\Users\AVIV\gaba\gabay_pricing_core\tax_enriched_ashkelon_3room_36m.json,206,small_area_45_80,,2026-05-27,אשקלון,גני ברנע,מונטיפיורי 18,,3.0,59.0,,,4.0,דירה בבית קומות,,,18644.0,,,,"{""dedupeKey"": ""2878-4-20:2026-05-27:1100000"", ""dealDate"": ""2026-05-27"", ""dealAmount"": ""1100000"", ""pricePerSqm"": ""18644"", ""address"": ""מונטיפיורי 18"", ""cityName"": ""אשקלון"", ""neighborhoodName"": ""גני ברנע"", ""rooms"": ""3"", ""buildingFloors"": ""4"", ""area"": ""59"", ""yearBuilt"": ""1970"", ""propertyType"": ""דירה בבית קומות"", ""gush"": ""2878"", ""helka"": ""4"", ""tatHelka"": ""20"", ""parcelNum"": ""2878-4-20"", ""scrapedAt"": ""2026-09-05T16:18:44.170Z""}"
sold,C:\Users\AVIV\gaba\gabay_pricing_core\tax_enriched_ashkelon_3room_36m.json,207,small_area_45_80,,2026-05-27,אשקלון,נוה דקלים,עשרת השבטים 8,,3.0,66.67,,,,דירה בבית קומות,,,17121.0,,,,"{""dedupeKey"": ""3050-45-167:2026-05-27:1130000"", ""dealDate"": ""2026-05-27"", ""dealAmount"": ""1130000"", ""pricePerSqm"": ""17121"", ""address"": ""עשרת השבטים 8"", ""cityName"": ""אשקלון"", ""neighborhoodName"": ""נוה דקלים"", ""rooms"": ""3"", ""floor"": ""רביעית"", ""area"": ""66.67"", ""yearBuilt"": ""2000"", ""propertyType"": ""דירה בבית קומות"", ""gush"": ""3050"", ""helka"": ""45"", ""tatHelka"": ""167"", ""parcelNum"": ""3050-45-167"", ""assetId"": ""50099658"", ""prevDeals"": ""[{\""dealDate\"": \""2008-07-13\"", \""dealAmount\"": 422000}]"", ""trend"": ""{\""ratePct\"": 5.7, \""years\"": 17.9}"", ""scrapedAt"": ""2026-09-05T16:18:44.170Z""}"
sold,C:\Users\AVIV\gaba\gabay_pricing_core\tax_enriched_ashkelon_3room_36m.json,215,small_area_45_80,,2026-05-26,אשקלון,אזור תעשיה צפוני,הרב יוסף שרביט 5,,3.0,80.0,,,,דירה בבית קומות,,,11584.0,,,,"{""dedupeKey"": ""1197-93-33:2026-05-26:926695"", ""dealDate"": ""2026-05-26"", ""dealAmount"": ""926695"", ""pricePerSqm"": ""11584"", ""address"": ""הרב יוסף שרביט 5"", ""cityName"": ""אשקלון"", ""neighborhoodName"": ""אזור תעשיה צפוני"", ""rooms"": ""3"", ""area"": ""80"", ""yearBuilt"": ""2030"", ""propertyType"": ""דירה בבית קומות"", ""gush"": ""1197"", ""helka"": ""93"", ""tatHelka"": ""33"", ""parcelNum"": ""1197-93-33"", ""scrapedAt"": ""2026-09-05T16:18:44.170Z""}"
sold,C:\Users\AVIV\gaba\gabay_pricing_core\tax_enriched_ashkelon_3room_36m.json,216,small_area_45_80,,2026-05-26,אשקלון,,שפיה 15,,3.0,75.0,,,3.0,דירה בבית קומות,,,20267.0,,,,"{""dedupeKey"": ""369-66-7:2026-05-26:1520000"", ""dealDate"": ""2026-05-26"", ""dealAmount"": ""1520000"", ""pricePerSqm"": ""20267"", ""address"": ""שפיה 15"", ""cityName"": ""אשקלון"", ""rooms"": ""3"", ""floor"": ""חמישית"", ""buildingFloors"": ""3"", ""area"": ""75"", ""yearBuilt"": ""2024"", ""propertyType"": ""דירה בבית קומות"", ""gush"": ""369"", ""helka"": ""66"", ""tatHelka"": ""7"", ""parcelNum"": ""369-66-7"", ""assetId"": ""4922112"", ""scrapedAt"": ""2026-09-05T16:18:44.170Z""}"
sold,C:\Users\AVIV\gaba\gabay_pricing_core\tax_enriched_ashkelon_3room_36m.json,229,small_area_45_80,,2026-05-26,אשקלון,אזור תעשיה צפוני,,,3.0,77.0,,,,דירה בבית קומות,,,11584.0,,,,"{""dedupeKey"": ""1197-82-56:2026-05-26:892000"", ""dealDate"": ""2026-05-26"", ""dealAmount"": ""892000"", ""pricePerSqm"": ""11584"", ""cityName"": ""אשקלון"", ""neighborhoodName"": ""אזור תעשיה צפוני"", ""rooms"": ""3"", ""floor"": ""רביעית"", ""area"": ""77"", ""yearBuilt"": ""2029"", ""propertyType"": ""דירה בבית קומות"", ""gush"": ""1197"", ""helka"": ""82"", ""tatHelka"": ""56"", ""parcelNum"": ""1197-82-56"", ""assetId"": ""11351592000"", ""scrapedAt"": ""2026-09-05T16:18:44.170Z""}"
sold,C:\Users\AVIV\gaba\gabay_pricing_core\tax_enriched_ashkelon_3room_36m.json,234,small_area_45_80,,2026-05-25,אשקלון,אזור תעשיה צפוני,,,3.0,78.0,,,,דירה בבית קומות,,,20513.0,,,,"{""dedupeKey"": ""1197-86-53:2026-05-25:1600000"", ""dealDate"": ""2026-05-25"", ""dealAmount"": ""1600000"", ""pricePerSqm"": ""20513"", ""cityName"": ""אשקלון"", ""neighborhoodName"": ""אזור תעשיה צפוני"", ""rooms"": ""3"", ""floor"": ""שישית"", ""area"": ""78"", ""propertyType"": ""דירה בבית קומות"", ""gush"": ""1197"", ""helka"": ""86"", ""tatHelka"": ""53"", ""parcelNum"": ""1197-86-53"", ""assetId"": ""4086269"", ""scrapedAt"": ""2026-09-05T16:18:44.170Z""}"
sold,C:\Users\AVIV\gaba\gabay_pricing_core\tax_enriched_ashkelon_3room_36m.json,239,small_area_45_80,,2026-05-25,אשקלון,אזור תעשיה צפוני,,,3.0,77.0,,,,,True,,11585.0,,,,"{""dedupeKey"": ""1197-82-55:2026-05-25:892021"", ""dealDate"": ""2026-05-25"", ""dealAmount"": ""892021"", ""pricePerSqm"": ""11585"", ""cityName"": ""אשקלון"", ""neighborhoodName"": ""אזור תעשיה צפוני"", ""rooms"": ""3"", ""floor"": ""רביעית"", ""area"": ""77"", ""isFirstHand"": ""True"", ""gush"": ""1197"", ""helka"": ""82"", ""tatHelka"": ""55"", ""parcelNum"": ""1197-82-55"", ""assetId"": ""11352530185"", ""scrapedAt"": ""2026-09-05T16:18:44.170Z""}"
sold,C:\Users\AVIV\gaba\gabay_pricing_core\tax_enriched_ashkelon_3room_36m.json,252,small_area_45_80,,2026-05-25,אשקלון,אזור תעשיה צפוני,הרב יוסף שרביט 5,,3.0,80.0,,,,,True,,11584.0,,,,"{""dedupeKey"": ""1197-93-17:2026-05-25:926695"", ""dealDate"": ""2026-05-25"", ""dealAmount"": ""926695"", ""pricePerSqm"": ""11584"", ""address"": ""הרב יוסף שרביט 5"", ""cityName"": ""אשקלון"", ""neighborhoodName"": ""אזור תעשיה צפוני"", ""rooms"": ""3"", ""floor"": ""שביעית"", ""area"": ""80"", ""isFirstHand"": ""True"", ""gush"": ""1197"", ""helka"": ""93"", ""tatHelka"": ""17"", ""parcelNum"": ""1197-93-17"", ""assetId"": ""4086226"", ""scrapedAt"": ""2026-09-05T16:18:44.170Z""}"
sold,C:\Users\AVIV\gaba\gabay_pricing_core\tax_enriched_ashkelon_3room_36m.json,257,small_area_45_80,,2026-05-24,אשקלון,אזור תעשיה צפוני,,,3.0,78.0,,,,,True,,20513.0,,,,"{""dedupeKey"": ""1197-86-39:2026-05-24:1600000"", ""dealDate"": ""2026-05-24"", ""dealAmount"": ""1600000"", ""pricePerSqm"": ""20513"", ""cityName"": ""אשקלון"", ""neighborhoodName"": ""אזור תעשיה צפוני"", ""rooms"": ""3"", ""floor"": ""שישית"", ""area"": ""78"", ""isFirstHand"": ""True"", ""gush"": ""1197"", ""helka"": ""86"", ""tatHelka"": ""39"", ""parcelNum"": ""1197-86-39"", ""assetId"": ""4086278"", ""scrapedAt"": ""2026-09-05T16:18:44.170Z""}"
sold,C:\Users\AVIV\gaba\gabay_pricing_core\tax_enriched_ashkelon_3room_36m.json,258,small_area_45_80,,2026-05-24,אשקלון,אזור תעשיה צפוני,הרב יוסף שרביט 5,,3.0,80.0,,,,,True,,11327.0,,,,"{""dedupeKey"": ""1197-93-7:2026-05-24:906170"", ""dealDate"": ""2026-05-24"", ""dealAmount"": ""906170"", ""pricePerSqm"": ""11327"", ""address"": ""הרב יוסף שרביט 5"", ""cityName"": ""אשקלון"", ""neighborhoodName"": ""אזור תעשיה צפוני"", ""rooms"": ""3"", ""floor"": ""חמישית"", ""area"": ""80"", ""isFirstHand"": ""True"", ""gush"": ""1197"", ""helka"": ""93"", ""tatHelka"": ""7"", ""parcelNum"": ""1197-93-7"", ""assetId"": ""4086008"", ""scrapedAt"": ""2026-09-05T16:18:44.170Z""}"
sold,C:\Users\AVIV\gaba\gabay_pricing_core\tax_enriched_ashkelon_3room_36m.json,264,small_area_45_80,,2026-05-24,אשקלון,אפרידר,הסנה 10,,3.0,66.0,,,9.0,דירה בבית קומות,,,19470.0,,,,"{""dedupeKey"": ""1942-158-14:2026-05-24:1285000"", ""dealDate"": ""2026-05-24"", ""dealAmount"": ""1285000"", ""pricePerSqm"": ""19470"", ""address"": ""הסנה 10"", ""cityName"": ""אשקלון"", ""neighborhoodName"": ""אפרידר"", ""rooms"": ""3"", ""floor"": ""רביעית"", ""buildingFloors"": ""9"", ""area"": ""66"", ""yearBuilt"": ""2000"", ""propertyType"": ""דירה בבית קומות"", ""gush"": ""1942"", ""helka"": ""158"", ""tatHelka"": ""14"", ""parcelNum"": ""1942-158-14"", ""assetId"": ""50051582"", ""scrapedAt"": ""2026-09-05T16:18:44.170Z""}"
sold,C:\Users\AVIV\gaba\gabay_pricing_core\tax_enriched_ashkelon_3room_36m.json,265,small_area_45_80,,2026-05-24,אשקלון,,,,3.0,76.0,,,,דירה בבית קומות,,,11461.0,,,,"{""dedupeKey"": ""1197-78-29:2026-05-24:871000"", ""dealDate"": ""2026-05-24"", ""dealAmount"": ""871000"", ""pricePerSqm"": ""11461"", ""cityName"": ""אשקלון"", ""rooms"": ""3"", ""floor"": ""שניה"", ""area"": ""76"", ""yearBuilt"": ""2029"", ""propertyType"": ""דירה בבית קומות"", ""gush"": ""1197"", ""helka"": ""78"", ""tatHelka"": ""29"", ""parcelNum"": ""1197-78-29"", ""assetId"": ""11351597310"", ""scrapedAt"": ""2026-09-05T16:18:44.170Z""}"
sold,C:\Users\AVIV\gaba\gabay_pricing_core\tax_enriched_ashkelon_3room_36m.json,266,small_area_45_80,,2026-05-23,אשקלון,,,,3.0,76.0,,,,,True,,11462.0,,,,"{""dedupeKey"": ""1197-78-28:2026-05-23:871077"", ""dealDate"": ""2026-05-23"", ""dealAmount"": ""871077"", ""pricePerSqm"": ""11462"", ""cityName"": ""אשקלון"", ""rooms"": ""3"", ""floor"": ""שניה"", ""area"": ""76"", ""isFirstHand"": ""True"", ""gush"": ""1197"", ""helka"": ""78"", ""tatHelka"": ""28"", ""parcelNum"": ""1197-78-28"", ""assetId"": ""11352530133"", ""scrapedAt"": ""2026-09-05T16:18:44.170Z""}"
sold,C:\Users\AVIV\gaba\gabay_pricing_core\tax_enriched_ashkelon_3room_36m.json,268,small_area_45_80,,2026-05-20,אשקלון,נווה אלונים,שפירא 25,,3.0,63.0,,,,דירה בבית קומות,,,15238.0,,,,"{""dedupeKey"": ""3020-5-21:2026-05-20:960000"", ""dealDate"": ""2026-05-20"", ""dealAmount"": ""960000"", ""pricePerSqm"": ""15238"", ""address"": ""שפירא 25"", ""cityName"": ""אשקלון"", ""neighborhoodName"": ""נווה אלונים"", ""rooms"": ""3"", ""area"": ""63"", ""yearBuilt"": ""1970"", ""propertyType"": ""דירה בבית קומות"", ""gush"": ""3020"", ""helka"": ""5"", ""tatHelka"": ""21"", ""parcelNum"": ""3020-5-21"", ""scrapedAt"": ""2026-09-05T16:18:44.170Z""}"
sold,C:\Users\AVIV\gaba\gabay_pricing_core\tax_enriched_ashkelon_3room_36m.json,270,small_area_45_80,,2026-05-19,אשקלון,אזור תעשיה צפוני,,,3.0,77.0,,,,דירה בבית קומות,,,11558.0,,,,"{""dedupeKey"": ""1197-82-59:2026-05-19:890000"", ""dealDate"": ""2026-05-19"", ""dealAmount"": ""890000"", ""pricePerSqm"": ""11558"", ""cityName"": ""אשקלון"", ""neighborhoodName"": ""אזור תעשיה צפוני"", ""rooms"": ""3"", ""floor"": ""רביעית"", ""area"": ""77"", ""yearBuilt"": ""2029"", ""propertyType"": ""דירה בבית קומות"", ""gush"": ""1197"", ""helka"": ""82"", ""tatHelka"": ""59"", ""parcelNum"": ""1197-82-59"", ""assetId"": ""11351589120"", ""scrapedAt"": ""2026-09-05T16:18:44.170Z""}"
sold,C:\Users\AVIV\gaba\gabay_pricing_core\tax_enriched_ashkelon_3room_36m.json,271,small_area_45_80,,2026-05-19,אשקלון,,,,3.0,76.0,,,,דירה בבית קומות,,,11566.0,,,,"{""dedupeKey"": ""1197-78-30:2026-05-19:879000"", ""dealDate"": ""2026-05-19"", ""dealAmount"": ""879000"", ""pricePerSqm"": ""11566"", ""cityName"": ""אשקלון"", ""rooms"": ""3"", ""floor"": ""רביעית"", ""area"": ""76"", ""yearBuilt"": ""2029"", ""propertyType"": ""דירה בבית קומות"", ""gush"": ""1197"", ""helka"": ""78"", ""tatHelka"": ""30"", ""parcelNum"": ""1197-78-30"", ""assetId"": ""11351593620"", ""scrapedAt"": ""2026-09-05T16:18:44.170Z""}"
sold,C:\Users\AVIV\gaba\gabay_pricing_core\tax_enriched_ashkelon_3room_36m.json,273,small_area_45_80,,2026-05-18,אשקלון,,,,3.0,76.0,,,,,True,,11578.0,,,,"{""dedupeKey"": ""1197-78-27:2026-05-18:879965"", ""dealDate"": ""2026-05-18"", ""dealAmount"": ""879965"", ""pricePerSqm"": ""11578"", ""cityName"": ""אשקלון"", ""rooms"": ""3"", ""floor"": ""רביעית"", ""area"": ""76"", ""isFirstHand"": ""True"", ""gush"": ""1197"", ""helka"": ""78"", ""tatHelka"": ""27"", ""parcelNum"": ""1197-78-27"", ""assetId"": ""11352530132"", ""scrapedAt"": ""2026-09-05T16:18:44.170Z""}"
sold,C:\Users\AVIV\gaba\gabay_pricing_core\tax_enriched_ashkelon_3room_36m.json,274,small_area_45_80,,2026-05-18,אשקלון,אזור תעשיה צפוני,,,3.0,77.0,,,,,True,,11568.0,,,,"{""dedupeKey"": ""1197-82-52:2026-05-18:890751"", ""dealDate"": ""2026-05-18"", ""dealAmount"": ""890751"", ""pricePerSqm"": ""11568"", ""cityName"": ""אשקלון"", ""neighborhoodName"": ""אזור תעשיה צפוני"", ""rooms"": ""3"", ""floor"": ""רביעית"", ""area"": ""77"", ""isFirstHand"": ""True"", ""gush"": ""1197"", ""helka"": ""82"", ""tatHelka"": ""52"", ""parcelNum"": ""1197-82-52"", ""assetId"": ""11352530182"", ""scrapedAt"": ""2026-09-05T16:18:44.170Z""}"
sold,C:\Users\AVIV\gaba\gabay_pricing_core\tax_enriched_ashkelon_3room_36m.json,278,small_area_45_80,,2026-05-17,אשקלון,אזור תעשיה צפוני,,,3.0,77.0,,,,דירה בבית קומות,,,11753.0,,,,"{""dedupeKey"": ""1197-82-60:2026-05-17:905000"", ""dealDate"": ""2026-05-17"", ""dealAmount"": ""905000"", ""pricePerSqm"": ""11753"", ""cityName"": ""אשקלון"", ""neighborhoodName"": ""אזור תעשיה צפוני"", ""rooms"": ""3"", ""floor"": ""שביעית"", ""area"": ""77"", ""propertyType"": ""דירה בבית קומות"", ""gush"": ""1197"", ""helka"": ""82"", ""tatHelka"": ""60"", ""parcelNum"": ""1197-82-60"", ""assetId"": ""11351595780"", ""scrapedAt"": ""2026-09-05T16:18:44.170Z""}"
sold,C:\Users\AVIV\gaba\gabay_pricing_core\tax_enriched_ashkelon_3room_36m.json,280,small_area_45_80,,2026-05-16,אשקלון,אזור תעשיה צפוני,,,3.0,77.0,,,,,True,,11761.0,,,,"{""dedupeKey"": ""1197-82-51:2026-05-16:905605"", ""dealDate"": ""2026-05-16"", ""dealAmount"": ""905605"", ""pricePerSqm"": ""11761"", ""cityName"": ""אשקלון"", ""neighborhoodName"": ""אזור תעשיה צפוני"", ""rooms"": ""3"", ""floor"": ""שביעית"", ""area"": ""77"", ""isFirstHand"": ""True"", ""gush"": ""1197"", ""helka"": ""82"", ""tatHelka"": ""51"", ""parcelNum"": ""1197-82-51"", ""assetId"": ""11352530181"", ""scrapedAt"": ""2026-09-05T16:18:44.170Z""}"
sold,C:\Users\AVIV\gaba\gabay_pricing_core\tax_enriched_ashkelon_3room_36m.json,281,small_area_45_80,,2026-05-16,אשקלון,אזור תעשיה צפוני,,,3.0,75.0,,,,,True,,21467.0,,,,"{""dedupeKey"": ""1197-90-50:2026-05-16:1610000"", ""dealDate"": ""2026-05-16"", ""dealAmount"": ""1610000"", ""pricePerSqm"": ""21467"", ""cityName"": ""אשקלון"", ""neighborhoodName"": ""אזור תעשיה צפוני"", ""rooms"": ""3"", ""floor"": ""רביעית"", ""area"": ""75"", ""isFirstHand"": ""True"", ""gush"": ""1197"", ""helka"": ""90"", ""tatHelka"": ""50"", ""parcelNum"": ""1197-90-50"", ""assetId"": ""11352530341"", ""scrapedAt"": ""2026-09-05T16:18:44.170Z""}"
sold,C:\Users\AVIV\gaba\gabay_pricing_core\tax_enriched_ashkelon_3room_36m.json,284,small_area_45_80,,2026-05-14,אשקלון,נווה אלונים,שפירא 3,,3.0,61.0,,,4.0,דירה בבית קומות,,,14918.0,,,,"{""dedupeKey"": ""3019-54-29:2026-05-14:910000"", ""dealDate"": ""2026-05-14"", ""dealAmount"": ""910000"", ""pricePerSqm"": ""14918"", ""address"": ""שפירא 3"", ""cityName"": ""אשקלון"", ""neighborhoodName"": ""נווה אלונים"", ""rooms"": ""3"", ""floor"": ""רביעית"", ""buildingFloors"": ""4"", ""area"": ""61"", ""yearBuilt"": ""1970"", ""propertyType"": ""דירה בבית קומות"", ""gush"": ""3019"", ""helka"": ""54"", ""tatHelka"": ""29"", ""parcelNum"": ""3019-54-29"", ""assetId"": ""11350890270"", ""prevDeals"": ""[{\""dealDate\"": \""2001-06-10\"", \""dealAmount\"": 254000}]"", ""trend"": ""{\""ratePct\"": 5.3, \""years\"": 24.9}""}"
sold,C:\Users\AVIV\gaba\gabay_pricing_core\tax_enriched_ashkelon_3room_36m.json,287,small_area_45_80,,2026-05-13,אשקלון,נווה אלונים,שפירא 5,,3.0,61.0,,,4.0,דירה בבית קומות,,,15574.0,,,,"{""dedupeKey"": ""3019-55-32:2026-05-13:950000"", ""dealDate"": ""2026-05-13"", ""dealAmount"": ""950000"", ""pricePerSqm"": ""15574"", ""address"": ""שפירא 5"", ""cityName"": ""אשקלון"", ""neighborhoodName"": ""נווה אלונים"", ""rooms"": ""3"", ""floor"": ""רביעית"", ""buildingFloors"": ""4"", ""area"": ""61"", ""yearBuilt"": ""1970"", ""propertyType"": ""דירה בבית קומות"", ""gush"": ""3019"", ""helka"": ""55"", ""tatHelka"": ""32"", ""parcelNum"": ""3019-55-32"", ""assetId"": ""11350278540"", ""prevDeals"": ""[{\""dealDate\"": \""2011-04-06\"", \""dealAmount\"": 427000}]"", ""trend"": ""{\""ratePct\"": 5.4, \""years\"": 15.1}""}"
sold,C:\Users\AVIV\gaba\gabay_pricing_core\tax_enriched_ashkelon_3room_36m.json,291,small_area_45_80,,2026-05-13,אשקלון,,,,3.0,76.0,,,,דירה בבית קומות,,,11632.0,,,,"{""dedupeKey"": ""1197-78-31:2026-05-13:884000"", ""dealDate"": ""2026-05-13"", ""dealAmount"": ""884000"", ""pricePerSqm"": ""11632"", ""cityName"": ""אשקלון"", ""rooms"": ""3"", ""floor"": ""שמינית"", ""area"": ""76"", ""propertyType"": ""דירה בבית קומות"", ""gush"": ""1197"", ""helka"": ""78"", ""tatHelka"": ""31"", ""parcelNum"": ""1197-78-31"", ""assetId"": ""11351009160"", ""scrapedAt"": ""2026-09-05T16:18:44.170Z""}"
sold,C:\Users\AVIV\gaba\gabay_pricing_core\tax_enriched_ashkelon_3room_36m.json,292,small_area_45_80,,2026-05-13,אשקלון,נווה הדרים,אנה פרנק 17,,3.0,70.6,,,3.0,דירה בבית קומות,,,13456.0,,,,"{""dedupeKey"": ""1353-42-8:2026-05-13:950000"", ""dealDate"": ""2026-05-13"", ""dealAmount"": ""950000"", ""pricePerSqm"": ""13456"", ""address"": ""אנה פרנק 17"", ""cityName"": ""אשקלון"", ""neighborhoodName"": ""נווה הדרים"", ""rooms"": ""3"", ""floor"": ""שלישית"", ""buildingFloors"": ""3"", ""area"": ""70.6"", ""yearBuilt"": ""1992"", ""propertyType"": ""דירה בבית קומות"", ""gush"": ""1353"", ""helka"": ""42"", ""tatHelka"": ""8"", ""parcelNum"": ""1353-42-8"", ""assetId"": ""11350430820"", ""scrapedAt"": ""2026-09-05T16:18:44.170Z""}"
sold,C:\Users\AVIV\gaba\gabay_pricing_core\tax_enriched_ashkelon_3room_36m.json,293,small_area_45_80,,2026-05-12,אשקלון,,,,3.0,76.0,,,,,True,,11637.0,,,,"{""dedupeKey"": ""1197-78-10:2026-05-12:884410"", ""dealDate"": ""2026-05-12"", ""dealAmount"": ""884410"", ""pricePerSqm"": ""11637"", ""cityName"": ""אשקלון"", ""rooms"": ""3"", ""floor"": ""חמישית"", ""area"": ""76"", ""isFirstHand"": ""True"", ""gush"": ""1197"", ""helka"": ""78"", ""tatHelka"": ""10"", ""parcelNum"": ""1197-78-10"", ""assetId"": ""11352530114"", ""scrapedAt"": ""2026-09-05T16:18:44.170Z""}"
sold,C:\Users\AVIV\gaba\gabay_pricing_core\tax_enriched_ashkelon_3room_36m.json,294,small_area_45_80,,2026-05-11,אשקלון,נווה ים,"ש""י עגנון 12",,3.0,69.66,,,8.0,דירה בבית קומות,,,14068.0,,,,"{""dedupeKey"": ""3017-18-29:2026-05-11:980000"", ""dealDate"": ""2026-05-11"", ""dealAmount"": ""980000"", ""pricePerSqm"": ""14068"", ""address"": ""ש\""י עגנון 12"", ""cityName"": ""אשקלון"", ""neighborhoodName"": ""נווה ים"", ""rooms"": ""3"", ""floor"": ""שמינית"", ""buildingFloors"": ""8"", ""area"": ""69.66"", ""yearBuilt"": ""1980"", ""propertyType"": ""דירה בבית קומות"", ""gush"": ""3017"", ""helka"": ""18"", ""tatHelka"": ""29"", ""parcelNum"": ""3017-18-29"", ""assetId"": ""11351411640"", ""scrapedAt"": ""2026-09-05T16:18:44.170Z""}"
sold,C:\Users\AVIV\gaba\gabay_pricing_core\tax_enriched_ashkelon_3room_36m.json,295,small_area_45_80,,2026-05-11,אשקלון,גן הורדים,הצופים 10,,3.0,63.3,,,2.0,דירה בבית קומות,,,16508.0,,,,"{""dedupeKey"": ""2390-45-9:2026-05-11:1040000"", ""dealDate"": ""2026-05-11"", ""dealAmount"": ""1040000"", ""pricePerSqm"": ""16508"", ""address"": ""הצופים 10"", ""cityName"": ""אשקלון"", ""neighborhoodName"": ""גן הורדים"", ""rooms"": ""3"", ""floor"": ""שניה"", ""buildingFloors"": ""2"", ""area"": ""63.3"", ""yearBuilt"": ""1992"", ""propertyType"": ""דירה בבית קומות"", ""gush"": ""2390"", ""helka"": ""45"", ""tatHelka"": ""9"", ""parcelNum"": ""2390-45-9"", ""assetId"": ""11350161270"", ""prevDeals"": ""[{\""dealDate\"": \""2021-02-14\"", \""dealAmount\"": 720000}]"", ""trend"": ""{\""ratePct\"": 7.3, \""years\"": 5.2}""}"
sold,C:\Users\AVIV\gaba\gabay_pricing_core\tax_enriched_ashkelon_3room_36m.json,298,small_area_45_80,,2026-05-11,אשקלון,אזור תעשיה צפוני,ניר עוז 14,,3.0,78.0,,,,דירה בבית קומות,,,10590.0,,,,"{""dedupeKey"": ""1196-79-132:2026-05-11:826000"", ""dealDate"": ""2026-05-11"", ""dealAmount"": ""826000"", ""pricePerSqm"": ""10590"", ""address"": ""ניר עוז 14"", ""cityName"": ""אשקלון"", ""neighborhoodName"": ""אזור תעשיה צפוני"", ""rooms"": ""3"", ""floor"": ""ראשונה"", ""area"": ""78"", ""yearBuilt"": ""2026"", ""propertyType"": ""דירה בבית קומות"", ""gush"": ""1196"", ""helka"": ""79"", ""tatHelka"": ""132"", ""parcelNum"": ""1196-79-132"", ""assetId"": ""11350076580"", ""scrapedAt"": ""2026-09-05T16:18:44.170Z""}"
sold,C:\Users\AVIV\gaba\gabay_pricing_core\tax_enriched_ashkelon_3room_36m.json,299,small_area_45_80,,2026-05-10,אשקלון,אזור תעשיה צפוני,ניר עוז 14,,3.0,78.0,,,,,True,,10598.0,,,,"{""dedupeKey"": ""1196-79-113:2026-05-10:826662"", ""dealDate"": ""2026-05-10"", ""dealAmount"": ""826662"", ""pricePerSqm"": ""10598"", ""address"": ""ניר עוז 14"", ""cityName"": ""אשקלון"", ""neighborhoodName"": ""אזור תעשיה צפוני"", ""rooms"": ""3"", ""floor"": ""ראשונה"", ""area"": ""78"", ""isFirstHand"": ""True"", ""gush"": ""1196"", ""helka"": ""79"", ""tatHelka"": ""113"", ""parcelNum"": ""1196-79-113"", ""assetId"": ""11352529634"", ""scrapedAt"": ""2026-09-05T16:18:44.170Z""}"
sold,C:\Users\AVIV\gaba\gabay_pricing_core\tax_enriched_ashkelon_3room_36m.json,300,small_area_45_80,,2026-05-10,אשקלון,אזור תעשיה צפוני,ניר עוז 14,,3.0,78.0,,,,דירה בבית קומות,,,11256.0,,,,"{""dedupeKey"": ""1196-79-133:2026-05-10:878000"", ""dealDate"": ""2026-05-10"", ""dealAmount"": ""878000"", ""pricePerSqm"": ""11256"", ""address"": ""ניר עוז 14"", ""cityName"": ""אשקלון"", ""neighborhoodName"": ""אזור תעשיה צפוני"", ""rooms"": ""3"", ""floor"": ""שניה"", ""area"": ""78"", ""yearBuilt"": ""2029"", ""propertyType"": ""דירה בבית קומות"", ""gush"": ""1196"", ""helka"": ""79"", ""tatHelka"": ""133"", ""parcelNum"": ""1196-79-133"", ""assetId"": ""11350300140"", ""scrapedAt"": ""2026-09-05T16:18:44.170Z""}"
sold,C:\Users\AVIV\gaba\gabay_pricing_core\tax_enriched_ashkelon_3room_36m.json,302,small_area_45_80,,2026-05-10,אשקלון,בן גוריון,ביאליק 36,,3.0,46.0,,,2.0,דירה בבית קומות,,,18043.0,,,,"{""dedupeKey"": ""1964-104-16:2026-05-10:830000"", ""dealDate"": ""2026-05-10"", ""dealAmount"": ""830000"", ""pricePerSqm"": ""18043"", ""address"": ""ביאליק 36"", ""cityName"": ""אשקלון"", ""neighborhoodName"": ""בן גוריון"", ""rooms"": ""3"", ""floor"": ""ראשונה"", ""buildingFloors"": ""2"", ""area"": ""46"", ""yearBuilt"": ""1960"", ""propertyType"": ""דירה בבית קומות"", ""gush"": ""1964"", ""helka"": ""104"", ""tatHelka"": ""16"", ""parcelNum"": ""1964-104-16"", ""assetId"": ""11350231830"", ""prevDeals"": ""[{\""dealDate\"": \""2023-12-15\"", \""dealAmount\"": 830000}]"", ""scrapedAt"": ""2026-09-05T16:18:44.170Z""}"
sold,C:\Users\AVIV\gaba\gabay_pricing_core\tax_enriched_ashkelon_3room_36m.json,304,small_area_45_80,,2026-05-09,אשקלון,אזור תעשיה צפוני,ניר עוז 14,,3.0,78.0,,,,,True,,11264.0,,,,"{""dedupeKey"": ""1196-79-112:2026-05-09:878561"", ""dealDate"": ""2026-05-09"", ""dealAmount"": ""878561"", ""pricePerSqm"": ""11264"", ""address"": ""ניר עוז 14"", ""cityName"": ""אשקלון"", ""neighborhoodName"": ""אזור תעשיה צפוני"", ""rooms"": ""3"", ""floor"": ""שניה"", ""area"": ""78"", ""isFirstHand"": ""True"", ""gush"": ""1196"", ""helka"": ""79"", ""tatHelka"": ""112"", ""parcelNum"": ""1196-79-112"", ""assetId"": ""11352529633"", ""scrapedAt"": ""2026-09-05T16:18:44.170Z""}"
sold,C:\Users\AVIV\gaba\gabay_pricing_core\tax_enriched_ashkelon_3room_36m.json,305,small_area_45_80,,2026-05-07,אשקלון,אזור תעשיה צפוני,ניר עוז 14,,3.0,78.0,,,,,True,,20641.0,,,,"{""dedupeKey"": ""1196-79-111:2026-05-07:1610000"", ""dealDate"": ""2026-05-07"", ""dealAmount"": ""1610000"", ""pricePerSqm"": ""20641"", ""address"": ""ניר עוז 14"", ""cityName"": ""אשקלון"", ""neighborhoodName"": ""אזור תעשיה צפוני"", ""rooms"": ""3"", ""floor"": ""תשיעית"", ""area"": ""78"", ""isFirstHand"": ""True"", ""gush"": ""1196"", ""helka"": ""79"", ""tatHelka"": ""111"", ""parcelNum"": ""1196-79-111"", ""assetId"": ""11352529632"", ""scrapedAt"": ""2026-09-05T16:18:44.170Z""}"
sold,C:\Users\AVIV\gaba\gabay_pricing_core\tax_enriched_ashkelon_3room_36m.json,306,small_area_45_80,,2026-05-07,אשקלון,נאות אשקלון,נווה שלום 10,,3.0,75.45,,,5.0,דירה בבית קומות,,,14778.0,,,,"{""dedupeKey"": ""1296-13-14:2026-05-07:1115000"", ""dealDate"": ""2026-05-07"", ""dealAmount"": ""1115000"", ""pricePerSqm"": ""14778"", ""address"": ""נווה שלום 10"", ""cityName"": ""אשקלון"", ""neighborhoodName"": ""נאות אשקלון"", ""rooms"": ""3"", ""floor"": ""רביעית"", ""buildingFloors"": ""5"", ""area"": ""75.45"", ""yearBuilt"": ""1970"", ""propertyType"": ""דירה בבית קומות"", ""gush"": ""1296"", ""helka"": ""13"", ""tatHelka"": ""14"", ""parcelNum"": ""1296-13-14"", ""assetId"": ""11350108530"", ""scrapedAt"": ""2026-09-05T16:18:44.170Z""}"
sold,C:\Users\AVIV\gaba\gabay_pricing_core\tax_enriched_ashkelon_3room_36m.json,308,small_area_45_80,,2026-05-07,אשקלון,אזור תעשיה צפוני,,,3.0,77.0,,,,דירה בבית קומות,,,11740.0,,,,"{""dedupeKey"": ""1197-82-62:2026-05-07:904000"", ""dealDate"": ""2026-05-07"", ""dealAmount"": ""904000"", ""pricePerSqm"": ""11740"", ""cityName"": ""אשקלון"", ""neighborhoodName"": ""אזור תעשיה צפוני"", ""rooms"": ""3"", ""floor"": ""רביעית"", ""area"": ""77"", ""propertyType"": ""דירה בבית קומות"", ""gush"": ""1197"", ""helka"": ""82"", ""tatHelka"": ""62"", ""parcelNum"": ""1197-82-62"", ""assetId"": ""11350687590"", ""prevDeals"": ""[{\""dealDate\"": \""2026-05-07\"", \""dealAmount\"": 899000}, {\""dealDate\"": \""2026-05-07\"", \""dealAmount\"": 908000}, {\""dealDate\"": \""2026-05-07\"", \""dealAmount\"": 1471000}, {\""dealDate\"": \""2026-05-07\"", \""dealAmount\"": 1236000}, {\""dealDate\"": \""2026-05-07\"", \""dealAmount\"": 913000}, {\""dealDate\"": \""2026-05-07\"", \""dealAmount\"": 905000..."", ""scrapedAt"": ""2026-09-05T16:18:44.170Z""}"
sold,C:\Users\AVIV\gaba\gabay_pricing_core\tax_enriched_ashkelon_3room_36m.json,315,small_area_45_80,,2026-05-07,אשקלון,אזור תעשיה צפוני,ניר עוז 14,,3.0,78.0,,,,דירה בבית קומות,,,11577.0,,,,"{""dedupeKey"": ""1196-79-134:2026-05-07:903000"", ""dealDate"": ""2026-05-07"", ""dealAmount"": ""903000"", ""pricePerSqm"": ""11577"", ""address"": ""ניר עוז 14"", ""cityName"": ""אשקלון"", ""neighborhoodName"": ""אזור תעשיה צפוני"", ""rooms"": ""3"", ""floor"": ""שביעית"", ""area"": ""78"", ""yearBuilt"": ""2029"", ""propertyType"": ""דירה בבית קומות"", ""gush"": ""1196"", ""helka"": ""79"", ""tatHelka"": ""134"", ""parcelNum"": ""1196-79-134"", ""assetId"": ""11350304550"", ""prevDeals"": ""[{\""dealDate\"": \""2026-05-07\"", \""dealAmount\"": 890000}]"", ""scrapedAt"": ""2026-09-05T16:18:44.170Z""}"
sold,C:\Users\AVIV\gaba\gabay_pricing_core\tax_enriched_ashkelon_3room_36m.json,327,small_area_45_80,,2026-05-06,אשקלון,אזור תעשיה צפוני,,,3.0,77.0,,,,דירה בבית קומות,,,11803.0,,,,"{""dedupeKey"": ""1197-82-70:2026-05-06:908837"", ""dealDate"": ""2026-05-06"", ""dealAmount"": ""908837"", ""pricePerSqm"": ""11803"", ""cityName"": ""אשקלון"", ""neighborhoodName"": ""אזור תעשיה צפוני"", ""rooms"": ""3"", ""floor"": ""שמינית"", ""area"": ""77"", ""propertyType"": ""דירה בבית קומות"", ""gush"": ""1197"", ""helka"": ""82"", ""tatHelka"": ""70"", ""parcelNum"": ""1197-82-70"", ""assetId"": ""11350363770"", ""scrapedAt"": ""2026-09-05T16:18:44.170Z""}"
sold,C:\Users\AVIV\gaba\gabay_pricing_core\tax_enriched_ashkelon_3room_36m.json,328,small_area_45_80,,2026-05-06,אשקלון,אזור תעשיה צפוני,,,3.0,77.0,,,,,True,,11728.0,,,,"{""dedupeKey"": ""1196-100-35:2026-05-06:903078"", ""dealDate"": ""2026-05-06"", ""dealAmount"": ""903078"", ""pricePerSqm"": ""11728"", ""cityName"": ""אשקלון"", ""neighborhoodName"": ""אזור תעשיה צפוני"", ""rooms"": ""3"", ""floor"": ""רביעית"", ""area"": ""77"", ""isFirstHand"": ""True"", ""gush"": ""1196"", ""helka"": ""100"", ""tatHelka"": ""35"", ""parcelNum"": ""1196-100-35"", ""assetId"": ""11352529570"", ""scrapedAt"": ""2026-09-05T16:18:44.170Z""}"
sold,C:\Users\AVIV\gaba\gabay_pricing_core\tax_enriched_ashkelon_3room_36m.json,334,small_area_45_80,,2026-05-06,אשקלון,,,,3.0,76.0,,,,דירה בבית קומות,,,11632.0,,,,"{""dedupeKey"": ""1197-78-37:2026-05-06:884000"", ""dealDate"": ""2026-05-06"", ""dealAmount"": ""884000"", ""pricePerSqm"": ""11632"", ""cityName"": ""אשקלון"", ""rooms"": ""3"", ""floor"": ""שלישית"", ""area"": ""76"", ""propertyType"": ""דירה בבית קומות"", ""gush"": ""1197"", ""helka"": ""78"", ""tatHelka"": ""37"", ""parcelNum"": ""1197-78-37"", ""assetId"": ""11350685520"", ""scrapedAt"": ""2026-09-05T16:18:44.170Z""}"
sold,C:\Users\AVIV\gaba\gabay_pricing_core\tax_enriched_ashkelon_3room_36m.json,335,small_area_45_80,,2026-05-06,אשקלון,אזור תעשיה צפוני,ניר עוז 14,,3.0,78.0,,,,,True,,11419.0,,,,"{""dedupeKey"": ""1196-79-108:2026-05-06:890705"", ""dealDate"": ""2026-05-06"", ""dealAmount"": ""890705"", ""pricePerSqm"": ""11419"", ""address"": ""ניר עוז 14"", ""cityName"": ""אשקלון"", ""neighborhoodName"": ""אזור תעשיה צפוני"", ""rooms"": ""3"", ""floor"": ""חמישית"", ""area"": ""78"", ""isFirstHand"": ""True"", ""gush"": ""1196"", ""helka"": ""79"", ""tatHelka"": ""108"", ""parcelNum"": ""1196-79-108"", ""assetId"": ""11352529628"", ""scrapedAt"": ""2026-09-05T16:18:44.170Z""}"
sold,C:\Users\AVIV\gaba\gabay_pricing_core\tax_enriched_ashkelon_3room_36m.json,336,small_area_45_80,,2026-05-06,אשקלון,,נחלה 7,,3.0,80.0,,,10.0,דירה בבית קומות,,,21875.0,,,,"{""dedupeKey"": ""1200-72-19:2026-05-06:1750000"", ""dealDate"": ""2026-05-06"", ""dealAmount"": ""1750000"", ""pricePerSqm"": ""21875"", ""address"": ""נחלה 7"", ""cityName"": ""אשקלון"", ""rooms"": ""3"", ""floor"": ""תשיעית"", ""buildingFloors"": ""10"", ""area"": ""80"", ""yearBuilt"": ""2027"", ""propertyType"": ""דירה בבית קומות"", ""gush"": ""1200"", ""helka"": ""72"", ""tatHelka"": ""19"", ""parcelNum"": ""1200-72-19"", ""assetId"": ""11349838890"", ""scrapedAt"": ""2026-09-05T16:18:44.170Z""}"
sold,C:\Users\AVIV\gaba\gabay_pricing_core\tax_enriched_ashkelon_3room_36m.json,343,small_area_45_80,,2026-05-05,אשקלון,,נחלה 7,,3.0,80.0,,,10.0,,True,,21875.0,,,,"{""dedupeKey"": ""1200-72-18:2026-05-05:1750000"", ""dealDate"": ""2026-05-05"", ""dealAmount"": ""1750000"", ""pricePerSqm"": ""21875"", ""address"": ""נחלה 7"", ""cityName"": ""אשקלון"", ""rooms"": ""3"", ""floor"": ""תשיעית"", ""buildingFloors"": ""10"", ""area"": ""80"", ""isFirstHand"": ""True"", ""gush"": ""1200"", ""helka"": ""72"", ""tatHelka"": ""18"", ""parcelNum"": ""1200-72-18"", ""assetId"": ""11352531740"", ""scrapedAt"": ""2026-09-05T16:18:44.170Z""}"
sold,C:\Users\AVIV\gaba\gabay_pricing_core\tax_enriched_ashkelon_3room_36m.json,344,small_area_45_80,,2026-05-05,אשקלון,נווה ים,"ש""י עגנון 4",,3.0,63.8,,,4.0,דירה בבית קומות,,,15556.0,,,,"{""dedupeKey"": ""3017-16-38:2026-05-05:980000"", ""dealDate"": ""2026-05-05"", ""dealAmount"": ""980000"", ""pricePerSqm"": ""15556"", ""address"": ""ש\""י עגנון 4"", ""cityName"": ""אשקלון"", ""neighborhoodName"": ""נווה ים"", ""rooms"": ""3"", ""floor"": ""שניה"", ""buildingFloors"": ""4"", ""area"": ""63.8"", ""yearBuilt"": ""1970"", ""propertyType"": ""דירה בבית קומות"", ""gush"": ""3017"", ""helka"": ""16"", ""tatHelka"": ""38"", ""parcelNum"": ""3017-16-38"", ""assetId"": ""11350356300"", ""prevDeals"": ""[{\""dealDate\"": \""2012-05-16\"", \""dealAmount\"": 410000}, {\""dealDate\"": \""2011-10-11\"", \""dealAmount\"": 378000}, {\""dealDate\"": \""2008-08-10\"", \""dealAmount\"": 203000}]"", ""trend"": ""{\""ratePct\"": 6.4, \""years\"": 14}""}"
sold,C:\Users\AVIV\gaba\gabay_pricing_core\tax_enriched_ashkelon_3room_36m.json,349,small_area_45_80,,2026-05-05,אשקלון,,,,3.0,76.0,,,,,True,,11637.0,,,,"{""dedupeKey"": ""1197-78-4:2026-05-05:884410"", ""dealDate"": ""2026-05-05"", ""dealAmount"": ""884410"", ""pricePerSqm"": ""11637"", ""cityName"": ""אשקלון"", ""rooms"": ""3"", ""floor"": ""חמישית"", ""area"": ""76"", ""isFirstHand"": ""True"", ""gush"": ""1197"", ""helka"": ""78"", ""tatHelka"": ""4"", ""parcelNum"": ""1197-78-4"", ""assetId"": ""11352530135"", ""scrapedAt"": ""2026-09-05T16:18:44.171Z""}"
sold,C:\Users\AVIV\gaba\gabay_pricing_core\tax_enriched_ashkelon_3room_36m.json,351,small_area_45_80,,2026-05-05,אשקלון,גבעת ציון,"עין הנצי""ב 6",,3.0,78.0,,,8.0,דירה בבית קומות,,,20513.0,,,,"{""dedupeKey"": ""1475-1-226:2026-05-05:1600000"", ""dealDate"": ""2026-05-05"", ""dealAmount"": ""1600000"", ""pricePerSqm"": ""20513"", ""address"": ""עין הנצי\""ב 6"", ""cityName"": ""אשקלון"", ""neighborhoodName"": ""גבעת ציון"", ""rooms"": ""3"", ""floor"": ""שישית"", ""buildingFloors"": ""8"", ""area"": ""78"", ""yearBuilt"": ""2024"", ""propertyType"": ""דירה בבית קומות"", ""gush"": ""1475"", ""helka"": ""1"", ""tatHelka"": ""226"", ""parcelNum"": ""1475-1-226"", ""assetId"": ""11350031310"", ""scrapedAt"": ""2026-09-05T16:18:44.171Z""}"
sold,C:\Users\AVIV\gaba\gabay_pricing_core\tax_enriched_ashkelon_3room_36m.json,353,small_area_45_80,,2026-05-04,אשקלון,אזור תעשיה צפוני,,,3.0,77.0,,,,דירה בבית קומות,,,11740.0,,,,"{""dedupeKey"": ""1197-82-74:2026-05-04:904000"", ""dealDate"": ""2026-05-04"", ""dealAmount"": ""904000"", ""pricePerSqm"": ""11740"", ""cityName"": ""אשקלון"", ""neighborhoodName"": ""אזור תעשיה צפוני"", ""rooms"": ""3"", ""floor"": ""שביעית"", ""area"": ""77"", ""propertyType"": ""דירה בבית קומות"", ""gush"": ""1197"", ""helka"": ""82"", ""tatHelka"": ""74"", ""parcelNum"": ""1197-82-74"", ""assetId"": ""11350355580"", ""scrapedAt"": ""2026-09-05T16:18:44.171Z""}"
sold,C:\Users\AVIV\gaba\gabay_pricing_core\tax_enriched_ashkelon_3room_36m.json,354,small_area_45_80,,2026-05-04,אשקלון,,,,3.0,78.0,,,,דירה בבית קומות,,,11487.0,,,,"{""dedupeKey"": ""1197-78-42:2026-05-04:896000"", ""dealDate"": ""2026-05-04"", ""dealAmount"": ""896000"", ""pricePerSqm"": ""11487"", ""cityName"": ""אשקלון"", ""rooms"": ""3"", ""floor"": ""רביעית"", ""area"": ""78"", ""propertyType"": ""דירה בבית קומות"", ""gush"": ""1197"", ""helka"": ""78"", ""tatHelka"": ""42"", ""parcelNum"": ""1197-78-42"", ""assetId"": ""11350669770"", ""scrapedAt"": ""2026-09-05T16:18:44.171Z""}"
sold,C:\Users\AVIV\gaba\gabay_pricing_core\tax_enriched_ashkelon_3room_36m.json,358,small_area_45_80,,2026-05-03,אשקלון,,,,3.0,78.0,,,,,True,,11558.0,,,,"{""dedupeKey"": ""1197-78-1:2026-05-03:901507"", ""dealDate"": ""2026-05-03"", ""dealAmount"": ""901507"", ""pricePerSqm"": ""11558"", ""cityName"": ""אשקלון"", ""rooms"": ""3"", ""floor"": ""שלישית"", ""area"": ""78"", ""isFirstHand"": ""True"", ""gush"": ""1197"", ""helka"": ""78"", ""tatHelka"": ""1"", ""parcelNum"": ""1197-78-1"", ""assetId"": ""11352530113"", ""scrapedAt"": ""2026-09-05T16:18:44.171Z""}"
sold,C:\Users\AVIV\gaba\gabay_pricing_core\tax_enriched_ashkelon_3room_36m.json,365,small_area_45_80,,2026-04-29,אשקלון,אפרידר,בר כוכבא 33,,3.0,69.0,,,5.0,דירה בבית קומות,,,13768.0,,,,"{""dedupeKey"": ""2871-98-6:2026-04-29:950000"", ""dealDate"": ""2026-04-29"", ""dealAmount"": ""950000"", ""pricePerSqm"": ""13768"", ""address"": ""בר כוכבא 33"", ""cityName"": ""אשקלון"", ""neighborhoodName"": ""אפרידר"", ""rooms"": ""3"", ""floor"": ""שניה"", ""buildingFloors"": ""5"", ""area"": ""69"", ""yearBuilt"": ""1970"", ""propertyType"": ""דירה בבית קומות"", ""gush"": ""2871"", ""helka"": ""98"", ""tatHelka"": ""6"", ""parcelNum"": ""2871-98-6"", ""assetId"": ""11349486900"", ""scrapedAt"": ""2026-09-05T16:18:44.171Z""}"
sold,C:\Users\AVIV\gaba\gabay_pricing_core\tax_enriched_ashkelon_3room_36m.json,367,small_area_45_80,,2026-04-29,אשקלון,אפרידר,הנשיא 37,,3.0,47.2,,,1.0,קוטג' דו משפחתי,,,70213.0,,,,"{""dedupeKey"": ""1961-6-2:2026-04-29:3300000"", ""dealDate"": ""2026-04-29"", ""dealAmount"": ""3300000"", ""pricePerSqm"": ""70213"", ""address"": ""הנשיא 37"", ""cityName"": ""אשקלון"", ""neighborhoodName"": ""אפרידר"", ""rooms"": ""3"", ""floor"": ""ראשונה"", ""buildingFloors"": ""1"", ""area"": ""47.2"", ""yearBuilt"": ""1950"", ""propertyType"": ""קוטג' דו משפחתי"", ""gush"": ""1961"", ""helka"": ""6"", ""tatHelka"": ""2"", ""parcelNum"": ""1961-6-2"", ""assetId"": ""11349260640"", ""prevDeals"": ""[{\""dealDate\"": \""2020-11-02\"", \""dealAmount\"": 2050000}]"", ""trend"": ""{\""ratePct\"": 9, \""years\"": 5.5}""}"
sold,C:\Users\AVIV\gaba\gabay_pricing_core\tax_enriched_ashkelon_3room_36m.json,370,small_area_45_80,,2026-04-29,אשקלון,,נחלה 7,,3.0,80.0,,,10.0,דירה בבית קומות,,,21875.0,,,,"{""dedupeKey"": ""1200-72-20:2026-04-29:1750000"", ""dealDate"": ""2026-04-29"", ""dealAmount"": ""1750000"", ""pricePerSqm"": ""21875"", ""address"": ""נחלה 7"", ""cityName"": ""אשקלון"", ""rooms"": ""3"", ""floor"": ""עשירית"", ""buildingFloors"": ""10"", ""area"": ""80"", ""yearBuilt"": ""2027"", ""propertyType"": ""דירה בבית קומות"", ""gush"": ""1200"", ""helka"": ""72"", ""tatHelka"": ""20"", ""parcelNum"": ""1200-72-20"", ""assetId"": ""11349281340"", ""scrapedAt"": ""2026-09-05T16:18:44.171Z""}"
sold,C:\Users\AVIV\gaba\gabay_pricing_core\tax_enriched_ashkelon_3room_36m.json,371,small_area_45_80,,2026-04-28,אשקלון,אזור תעשיה צפוני,הרב יוסף שרביט 7,,3.0,75.0,,,8.0,,True,,21467.0,,,,"{""dedupeKey"": ""1197-87-57:2026-04-28:1610000"", ""dealDate"": ""2026-04-28"", ""dealAmount"": ""1610000"", ""pricePerSqm"": ""21467"", ""address"": ""הרב יוסף שרביט 7"", ""cityName"": ""אשקלון"", ""neighborhoodName"": ""אזור תעשיה צפוני"", ""rooms"": ""3"", ""floor"": ""רביעית"", ""buildingFloors"": ""8"", ""area"": ""75"", ""isFirstHand"": ""True"", ""gush"": ""1197"", ""helka"": ""87"", ""tatHelka"": ""57"", ""parcelNum"": ""1197-87-57"", ""assetId"": ""11352530278"", ""scrapedAt"": ""2026-09-05T16:18:44.171Z""}"
sold,C:\Users\AVIV\gaba\gabay_pricing_core\tax_enriched_ashkelon_3room_36m.json,373,small_area_45_80,,2026-04-28,אשקלון,אזור תעשיה צפוני,ניר עוז 14,,3.0,78.0,,,,דירה בבית קומות,,,11577.0,,,,"{""dedupeKey"": ""1196-79-138:2026-04-28:903000"", ""dealDate"": ""2026-04-28"", ""dealAmount"": ""903000"", ""pricePerSqm"": ""11577"", ""address"": ""ניר עוז 14"", ""cityName"": ""אשקלון"", ""neighborhoodName"": ""אזור תעשיה צפוני"", ""rooms"": ""3"", ""floor"": ""שביעית"", ""area"": ""78"", ""yearBuilt"": ""2029"", ""propertyType"": ""דירה בבית קומות"", ""gush"": ""1196"", ""helka"": ""79"", ""tatHelka"": ""138"", ""parcelNum"": ""1196-79-138"", ""assetId"": ""11349521100"", ""scrapedAt"": ""2026-09-05T16:18:44.171Z""}"
sold,C:\Users\AVIV\gaba\gabay_pricing_core\tax_enriched_ashkelon_3room_36m.json,375,small_area_45_80,,2026-04-27,אשקלון,אזור תעשיה צפוני,ניר עוז 14,,3.0,78.0,,,,,True,,11581.0,,,,"{""dedupeKey"": ""1196-79-105:2026-04-27:903327"", ""dealDate"": ""2026-04-27"", ""dealAmount"": ""903327"", ""pricePerSqm"": ""11581"", ""address"": ""ניר עוז 14"", ""cityName"": ""אשקלון"", ""neighborhoodName"": ""אזור תעשיה צפוני"", ""rooms"": ""3"", ""floor"": ""שביעית"", ""area"": ""78"", ""isFirstHand"": ""True"", ""gush"": ""1196"", ""helka"": ""79"", ""tatHelka"": ""105"", ""parcelNum"": ""1196-79-105"", ""assetId"": ""11352529625"", ""scrapedAt"": ""2026-09-05T16:18:44.171Z""}"
sold,C:\Users\AVIV\gaba\gabay_pricing_core\tax_enriched_ashkelon_3room_36m.json,376,small_area_45_80,,2026-04-26,אשקלון,נווה הדרים,העונות 2,,3.0,67.5,,,10.0,דירה בבית קומות,,,20149.0,,,,"{""dedupeKey"": ""2856-42-48:2026-04-26:1350000"", ""dealDate"": ""2026-04-26"", ""dealAmount"": ""1350000"", ""pricePerSqm"": ""20149"", ""address"": ""העונות 2"", ""cityName"": ""אשקלון"", ""neighborhoodName"": ""נווה הדרים"", ""rooms"": ""3"", ""floor"": ""שישית"", ""buildingFloors"": ""10"", ""area"": ""67.5"", ""yearBuilt"": ""2010"", ""propertyType"": ""דירה בבית קומות"", ""gush"": ""2856"", ""helka"": ""42"", ""tatHelka"": ""48"", ""parcelNum"": ""2856-42-48"", ""assetId"": ""11349066780"", ""prevDeals"": ""[{\""dealDate\"": \""2017-09-18\"", \""dealAmount\"": 1070000}, {\""dealDate\"": \""2016-12-07\"", \""dealAmount\"": 1055000}, {\""dealDate\"": \""2014-07-21\"", \""dealAmount\"": 775000}, {\""dealDate\"": \""2010-11-21\"", \""dealAmount\"": 633000}]"", ""trend"": ""{\""ratePct\"": 2.7, \""years\"": 8.6}""}"
sold,C:\Users\AVIV\gaba\gabay_pricing_core\tax_enriched_ashkelon_3room_36m.json,384,small_area_45_80,,2026-04-23,אשקלון,נוה דקלים,אקסודוס 41,,3.0,60.9,,,2.0,דירה בבית קומות,,,18062.0,,,,"{""dedupeKey"": ""3042-49-3:2026-04-23:1100000"", ""dealDate"": ""2026-04-23"", ""dealAmount"": ""1100000"", ""pricePerSqm"": ""18062"", ""address"": ""אקסודוס 41"", ""cityName"": ""אשקלון"", ""neighborhoodName"": ""נוה דקלים"", ""rooms"": ""3"", ""floor"": ""ראשונה"", ""buildingFloors"": ""2"", ""area"": ""60.9"", ""yearBuilt"": ""1990"", ""propertyType"": ""דירה בבית קומות"", ""gush"": ""3042"", ""helka"": ""49"", ""tatHelka"": ""3"", ""parcelNum"": ""3042-49-3"", ""assetId"": ""11348562600"", ""scrapedAt"": ""2026-09-05T16:18:44.171Z""}"
sold,C:\Users\AVIV\gaba\gabay_pricing_core\tax_enriched_ashkelon_3room_36m.json,385,small_area_45_80,,2026-04-23,אשקלון,אזור תעשיה צפוני,ניר עוז 14,,3.0,78.0,,,,דירה בבית קומות,,,10705.0,,,,"{""dedupeKey"": ""1196-79-139:2026-04-23:835000"", ""dealDate"": ""2026-04-23"", ""dealAmount"": ""835000"", ""pricePerSqm"": ""10705"", ""address"": ""ניר עוז 14"", ""cityName"": ""אשקלון"", ""neighborhoodName"": ""אזור תעשיה צפוני"", ""rooms"": ""3"", ""floor"": ""שלישית"", ""area"": ""78"", ""yearBuilt"": ""2026"", ""propertyType"": ""דירה בבית קומות"", ""gush"": ""1196"", ""helka"": ""79"", ""tatHelka"": ""139"", ""parcelNum"": ""1196-79-139"", ""assetId"": ""11349544140"", ""prevDeals"": ""[{\""dealDate\"": \""2026-04-23\"", \""dealAmount\"": 826000}]"", ""scrapedAt"": ""2026-09-05T16:18:44.171Z""}"
sold,C:\Users\AVIV\gaba\gabay_pricing_core\tax_enriched_ashkelon_3room_36m.json,388,small_area_45_80,,2026-04-22,אשקלון,אזור תעשיה צפוני,ניר עוז 14,,3.0,78.0,,,,,True,,10598.0,,,,"{""dedupeKey"": ""1196-79-103:2026-04-22:826662"", ""dealDate"": ""2026-04-22"", ""dealAmount"": ""826662"", ""pricePerSqm"": ""10598"", ""address"": ""ניר עוז 14"", ""cityName"": ""אשקלון"", ""neighborhoodName"": ""אזור תעשיה צפוני"", ""rooms"": ""3"", ""floor"": ""ראשונה"", ""area"": ""78"", ""isFirstHand"": ""True"", ""gush"": ""1196"", ""helka"": ""79"", ""tatHelka"": ""103"", ""parcelNum"": ""1196-79-103"", ""assetId"": ""11352529623"", ""scrapedAt"": ""2026-09-05T16:18:44.171Z""}"
sold,C:\Users\AVIV\gaba\gabay_pricing_core\tax_enriched_ashkelon_3room_36m.json,390,small_area_45_80,,2026-04-21,אשקלון,אזור תעשיה צפוני,,,3.0,77.0,,,,דירה בבית קומות,,,11442.0,,,,"{""dedupeKey"": ""1196-100-45:2026-04-21:881000"", ""dealDate"": ""2026-04-21"", ""dealAmount"": ""881000"", ""pricePerSqm"": ""11442"", ""cityName"": ""אשקלון"", ""neighborhoodName"": ""אזור תעשיה צפוני"", ""rooms"": ""3"", ""floor"": ""שמינית"", ""area"": ""77"", ""propertyType"": ""דירה בבית קומות"", ""gush"": ""1196"", ""helka"": ""100"", ""tatHelka"": ""45"", ""parcelNum"": ""1196-100-45"", ""assetId"": ""11349040680"", ""scrapedAt"": ""2026-09-05T16:18:44.171Z""}"
sold,C:\Users\AVIV\gaba\gabay_pricing_core\tax_enriched_ashkelon_3room_36m.json,391,small_area_45_80,,2026-04-20,אשקלון,אזור תעשיה צפוני,,,3.0,77.0,,,,דירה בבית קומות,,,11403.0,,,,"{""dedupeKey"": ""1196-100-48:2026-04-20:878000"", ""dealDate"": ""2026-04-20"", ""dealAmount"": ""878000"", ""pricePerSqm"": ""11403"", ""cityName"": ""אשקלון"", ""neighborhoodName"": ""אזור תעשיה צפוני"", ""rooms"": ""3"", ""floor"": ""שניה"", ""area"": ""77"", ""propertyType"": ""דירה בבית קומות"", ""gush"": ""1196"", ""helka"": ""100"", ""tatHelka"": ""48"", ""parcelNum"": ""1196-100-48"", ""assetId"": ""11349707490"", ""scrapedAt"": ""2026-09-05T16:18:44.171Z""}"
sold,C:\Users\AVIV\gaba\gabay_pricing_core\tax_enriched_ashkelon_3room_36m.json,395,small_area_45_80,,2026-04-20,אשקלון,אזור תעשיה צפוני,,,3.0,77.0,,,,,True,,11444.0,,,,"{""dedupeKey"": ""1196-100-29:2026-04-20:881153"", ""dealDate"": ""2026-04-20"", ""dealAmount"": ""881153"", ""pricePerSqm"": ""11444"", ""cityName"": ""אשקלון"", ""neighborhoodName"": ""אזור תעשיה צפוני"", ""rooms"": ""3"", ""floor"": ""שישית"", ""area"": ""77"", ""isFirstHand"": ""True"", ""gush"": ""1196"", ""helka"": ""100"", ""tatHelka"": ""29"", ""parcelNum"": ""1196-100-29"", ""assetId"": ""11352529564"", ""scrapedAt"": ""2026-09-05T16:18:44.171Z""}"
sold,C:\Users\AVIV\gaba\gabay_pricing_core\tax_enriched_ashkelon_3room_36m.json,398,small_area_45_80,,2026-04-19,אשקלון,אזור תעשיה צפוני,,,3.0,77.0,,,,דירה בבית קומות,,,11434.0,,,,"{""dedupeKey"": ""1196-100-56:2026-04-19:880417"", ""dealDate"": ""2026-04-19"", ""dealAmount"": ""880417"", ""pricePerSqm"": ""11434"", ""cityName"": ""אשקלון"", ""neighborhoodName"": ""אזור תעשיה צפוני"", ""rooms"": ""3"", ""floor"": ""שניה"", ""area"": ""77"", ""propertyType"": ""דירה בבית קומות"", ""gush"": ""1196"", ""helka"": ""100"", ""tatHelka"": ""56"", ""parcelNum"": ""1196-100-56"", ""assetId"": ""11349204840"", ""prevDeals"": ""[{\""dealDate\"": \""2026-04-19\"", \""dealAmount\"": 900829}, {\""dealDate\"": \""2026-04-19\"", \""dealAmount\"": 1173000}, {\""dealDate\"": \""2026-04-19\"", \""dealAmount\"": 1418365}, {\""dealDate\"": \""2026-04-19\"", \""dealAmount\"": 1181000}, {\""dealDate\"": \""2026-04-19\"", \""dealAmount\"": 1177000}, {\""dealDate\"": \""2026-04-19\"", \""dealAmount\"": 9030..."", ""scrapedAt"": ""2026-09-05T16:18:44.171Z""}"
sold,C:\Users\AVIV\gaba\gabay_pricing_core\tax_enriched_ashkelon_3room_36m.json,406,small_area_45_80,,2026-04-19,אשקלון,אזור תעשיה צפוני,,,3.0,77.0,,,,,True,,11415.0,,,,"{""dedupeKey"": ""1196-100-22:2026-04-19:878985"", ""dealDate"": ""2026-04-19"", ""dealAmount"": ""878985"", ""pricePerSqm"": ""11415"", ""cityName"": ""אשקלון"", ""neighborhoodName"": ""אזור תעשיה צפוני"", ""rooms"": ""3"", ""floor"": ""שמינית"", ""area"": ""77"", ""isFirstHand"": ""True"", ""gush"": ""1196"", ""helka"": ""100"", ""tatHelka"": ""22"", ""parcelNum"": ""1196-100-22"", ""assetId"": ""11352529560"", ""scrapedAt"": ""2026-09-05T16:18:44.171Z""}"
sold,C:\Users\AVIV\gaba\gabay_pricing_core\tax_enriched_ashkelon_3room_36m.json,413,small_area_45_80,,2026-04-18,אשקלון,אזור תעשיה צפוני,,,3.0,77.0,,,,,True,,11728.0,,,,"{""dedupeKey"": ""1196-100-16:2026-04-18:903078"", ""dealDate"": ""2026-04-18"", ""dealAmount"": ""903078"", ""pricePerSqm"": ""11728"", ""cityName"": ""אשקלון"", ""neighborhoodName"": ""אזור תעשיה צפוני"", ""rooms"": ""3"", ""floor"": ""חמישית"", ""area"": ""77"", ""isFirstHand"": ""True"", ""gush"": ""1196"", ""helka"": ""100"", ""tatHelka"": ""16"", ""parcelNum"": ""1196-100-16"", ""assetId"": ""11352529553"", ""scrapedAt"": ""2026-09-05T16:18:44.171Z""}"
sold,C:\Users\AVIV\gaba\gabay_pricing_core\tax_enriched_ashkelon_3room_36m.json,421,small_area_45_80,,2026-04-17,אשקלון,נווה הדרים,העונות 2,,3.0,67.5,,,10.0,דירה בבית קומות,,,20000.0,,,,"{""dedupeKey"": ""2856-42-220:2026-04-17:1350000"", ""dealDate"": ""2026-04-17"", ""dealAmount"": ""1350000"", ""pricePerSqm"": ""20000"", ""address"": ""העונות 2"", ""cityName"": ""אשקלון"", ""neighborhoodName"": ""נווה הדרים"", ""rooms"": ""3"", ""floor"": ""שישית"", ""buildingFloors"": ""10"", ""area"": ""67.5"", ""yearBuilt"": ""2010"", ""propertyType"": ""דירה בבית קומות"", ""gush"": ""2856"", ""helka"": ""42"", ""tatHelka"": ""220"", ""parcelNum"": ""2856-42-220"", ""assetId"": ""11348799570"", ""scrapedAt"": ""2026-09-05T16:18:44.171Z""}"
sold,C:\Users\AVIV\gaba\gabay_pricing_core\tax_enriched_ashkelon_3room_36m.json,422,small_area_45_80,,2026-04-16,אשקלון,אזור תעשיה צפוני,,,3.0,77.0,,,,דירה בבית קומות,,,11675.0,,,,"{""dedupeKey"": ""1196-100-64:2026-04-16:899000"", ""dealDate"": ""2026-04-16"", ""dealAmount"": ""899000"", ""pricePerSqm"": ""11675"", ""cityName"": ""אשקלון"", ""neighborhoodName"": ""אזור תעשיה צפוני"", ""rooms"": ""3"", ""floor"": ""שניה"", ""area"": ""77"", ""propertyType"": ""דירה בבית קומות"", ""gush"": ""1196"", ""helka"": ""100"", ""tatHelka"": ""64"", ""parcelNum"": ""1196-100-64"", ""assetId"": ""11349698580"", ""scrapedAt"": ""2026-09-05T16:18:44.171Z""}"
sold,C:\Users\AVIV\gaba\gabay_pricing_core\tax_enriched_ashkelon_3room_36m.json,424,small_area_45_80,,2026-04-16,אשקלון,נווה הדרים,העונות 2,,3.0,67.5,,,10.0,דירה בבית קומות,,,19627.0,,,,"{""dedupeKey"": ""2856-42-240:2026-04-16:1315000"", ""dealDate"": ""2026-04-16"", ""dealAmount"": ""1315000"", ""pricePerSqm"": ""19627"", ""address"": ""העונות 2"", ""cityName"": ""אשקלון"", ""neighborhoodName"": ""נווה הדרים"", ""rooms"": ""3"", ""floor"": ""שמינית"", ""buildingFloors"": ""10"", ""area"": ""67.5"", ""yearBuilt"": ""2010"", ""propertyType"": ""דירה בבית קומות"", ""gush"": ""2856"", ""helka"": ""42"", ""tatHelka"": ""240"", ""parcelNum"": ""2856-42-240"", ""assetId"": ""11349108990"", ""prevDeals"": ""[{\""dealDate\"": \""2021-08-02\"", \""dealAmount\"": 1170000}, {\""dealDate\"": \""2010-12-22\"", \""dealAmount\"": 665000}]"", ""trend"": ""{\""ratePct\"": 2.5, \""years\"": 4.7}""}"
sold,C:\Users\AVIV\gaba\gabay_pricing_core\tax_enriched_ashkelon_3room_36m.json,431,small_area_45_80,,2026-04-15,אשקלון,אזור תעשיה צפוני,,,3.0,77.0,,,,,True,,11444.0,,,,"{""dedupeKey"": ""1196-100-8:2026-04-15:881153"", ""dealDate"": ""2026-04-15"", ""dealAmount"": ""881153"", ""pricePerSqm"": ""11444"", ""cityName"": ""אשקלון"", ""neighborhoodName"": ""אזור תעשיה צפוני"", ""rooms"": ""3"", ""floor"": ""שביעית"", ""area"": ""77"", ""isFirstHand"": ""True"", ""gush"": ""1196"", ""helka"": ""100"", ""tatHelka"": ""8"", ""parcelNum"": ""1196-100-8"", ""assetId"": ""11352529577"", ""scrapedAt"": ""2026-09-05T16:18:44.171Z""}"
sold,C:\Users\AVIV\gaba\gabay_pricing_core\tax_enriched_ashkelon_3room_36m.json,434,small_area_45_80,,2026-04-15,אשקלון,נווה אילן,לכיש 3,,3.0,67.2,,,5.0,דירה בבית קומות,False,,18806.0,,,,"{""dedupeKey"": ""2508-21-36:2026-04-15:1260000"", ""dealDate"": ""2026-04-15"", ""dealAmount"": ""1260000"", ""pricePerSqm"": ""18806"", ""address"": ""לכיש 3"", ""cityName"": ""אשקלון"", ""neighborhoodName"": ""נווה אילן"", ""rooms"": ""3"", ""floor"": ""שניה"", ""buildingFloors"": ""5"", ""area"": ""67.2"", ""yearBuilt"": ""1998"", ""propertyType"": ""דירה בבית קומות"", ""isFirstHand"": ""False"", ""gush"": ""2508"", ""helka"": ""21"", ""tatHelka"": ""36"", ""parcelNum"": ""2508-21-36"", ""assetId"": ""11348031780"", ""prevDeals"": ""[{\""dealDate\"": \""2019-12-30\"", \""dealAmount\"": 850000}, {\""dealDate\"": \""2002-02-15\"", \""dealAmount\"": 416000}]""}"
sold,C:\Users\AVIV\gaba\gabay_pricing_core\tax_enriched_ashkelon_3room_36m.json,439,small_area_45_80,,2026-04-15,אשקלון,אזור תעשיה צפוני,,,3.0,77.0,,,,דירה בבית קומות,,,11679.0,,,,"{""dedupeKey"": ""1196-100-72:2026-04-15:899274"", ""dealDate"": ""2026-04-15"", ""dealAmount"": ""899274"", ""pricePerSqm"": ""11679"", ""cityName"": ""אשקלון"", ""neighborhoodName"": ""אזור תעשיה צפוני"", ""rooms"": ""3"", ""floor"": ""ראשונה"", ""area"": ""77"", ""propertyType"": ""דירה בבית קומות"", ""gush"": ""1196"", ""helka"": ""100"", ""tatHelka"": ""72"", ""parcelNum"": ""1196-100-72"", ""assetId"": ""11349036270"", ""scrapedAt"": ""2026-09-05T16:18:44.171Z""}"
sold,C:\Users\AVIV\gaba\gabay_pricing_core\tax_enriched_ashkelon_3room_36m.json,440,small_area_45_80,,2026-04-15,אשקלון,אזור תעשיה צפוני,,,3.0,75.0,,,,,True,,24333.0,,,,"{""dedupeKey"": ""1197-90-48:2026-04-15:1825000"", ""dealDate"": ""2026-04-15"", ""dealAmount"": ""1825000"", ""pricePerSqm"": ""24333"", ""cityName"": ""אשקלון"", ""neighborhoodName"": ""אזור תעשיה צפוני"", ""rooms"": ""3"", ""area"": ""75"", ""isFirstHand"": ""True"", ""gush"": ""1197"", ""helka"": ""90"", ""tatHelka"": ""48"", ""parcelNum"": ""1197-90-48"", ""assetId"": ""11352530338"", ""scrapedAt"": ""2026-09-05T16:18:44.171Z""}"
sold,C:\Users\AVIV\gaba\gabay_pricing_core\tax_enriched_ashkelon_3room_36m.json,442,small_area_45_80,,2026-04-14,אשקלון,גולדה,אליעזר בן יהודה 2,,3.0,68.5,,,5.0,דירה בבית קומות,,,17794.0,,,,"{""dedupeKey"": ""2843-27-18:2026-04-14:1210000"", ""dealDate"": ""2026-04-14"", ""dealAmount"": ""1210000"", ""pricePerSqm"": ""17794"", ""address"": ""אליעזר בן יהודה 2"", ""cityName"": ""אשקלון"", ""neighborhoodName"": ""גולדה"", ""rooms"": ""3"", ""floor"": ""שלישית"", ""buildingFloors"": ""5"", ""area"": ""68.5"", ""yearBuilt"": ""1999"", ""propertyType"": ""דירה בבית קומות"", ""gush"": ""2843"", ""helka"": ""27"", ""tatHelka"": ""18"", ""parcelNum"": ""2843-27-18"", ""assetId"": ""11348170020"", ""prevDeals"": ""[{\""dealDate\"": \""2017-02-15\"", \""dealAmount\"": 850000}, {\""dealDate\"": \""1999-05-02\"", \""dealAmount\"": 381000}]"", ""trend"": ""{\""ratePct\"": 3.9, \""years\"": 9.2}""}"
sold,C:\Users\AVIV\gaba\gabay_pricing_core\tax_enriched_ashkelon_3room_36m.json,446,small_area_45_80,,2026-04-14,אשקלון,אזור תעשיה צפוני,,,3.0,77.0,,,,,True,,11680.0,,,,"{""dedupeKey"": ""1196-100-2:2026-04-14:899376"", ""dealDate"": ""2026-04-14"", ""dealAmount"": ""899376"", ""pricePerSqm"": ""11680"", ""cityName"": ""אשקלון"", ""neighborhoodName"": ""אזור תעשיה צפוני"", ""rooms"": ""3"", ""floor"": ""ראשונה"", ""area"": ""77"", ""isFirstHand"": ""True"", ""gush"": ""1196"", ""helka"": ""100"", ""tatHelka"": ""2"", ""parcelNum"": ""1196-100-2"", ""assetId"": ""11352529557"", ""scrapedAt"": ""2026-09-05T16:18:44.171Z""}"
sold,C:\Users\AVIV\gaba\gabay_pricing_core\tax_enriched_ashkelon_3room_36m.json,447,small_area_45_80,,2026-04-14,אשקלון,,,,3.0,78.0,,,,דירה בבית קומות,,,11487.0,,,,"{""dedupeKey"": ""1197-78-45:2026-04-14:896000"", ""dealDate"": ""2026-04-14"", ""dealAmount"": ""896000"", ""pricePerSqm"": ""11487"", ""cityName"": ""אשקלון"", ""rooms"": ""3"", ""floor"": ""שניה"", ""area"": ""78"", ""propertyType"": ""דירה בבית קומות"", ""gush"": ""1197"", ""helka"": ""78"", ""tatHelka"": ""45"", ""parcelNum"": ""1197-78-45"", ""assetId"": ""11349289530"", ""scrapedAt"": ""2026-09-05T16:18:44.171Z""}"
sold,C:\Users\AVIV\gaba\gabay_pricing_core\tax_enriched_ashkelon_3room_36m.json,464,small_area_45_80,,2026-04-14,אשקלון,,,,3.0,76.0,,,,דירה בבית קומות,,,11566.0,,,,"{""dedupeKey"": ""1197-78-45:2026-04-14:879000"", ""dealDate"": ""2026-04-14"", ""dealAmount"": ""879000"", ""pricePerSqm"": ""11566"", ""cityName"": ""אשקלון"", ""rooms"": ""3"", ""floor"": ""שניה"", ""area"": ""76"", ""propertyType"": ""דירה בבית קומות"", ""gush"": ""1197"", ""helka"": ""78"", ""tatHelka"": ""45"", ""parcelNum"": ""1197-78-45"", ""assetId"": ""11349368100"", ""scrapedAt"": ""2026-09-05T16:18:44.171Z""}"
sold,C:\Users\AVIV\gaba\gabay_pricing_core\tax_enriched_ashkelon_3room_36m.json,466,small_area_45_80,,2026-04-13,אשקלון,,,,3.0,78.0,,,,,True,,11558.0,,,,"{""dedupeKey"": ""1197-78-14:2026-04-13:901507"", ""dealDate"": ""2026-04-13"", ""dealAmount"": ""901507"", ""pricePerSqm"": ""11558"", ""cityName"": ""אשקלון"", ""rooms"": ""3"", ""floor"": ""שלישית"", ""area"": ""78"", ""isFirstHand"": ""True"", ""gush"": ""1197"", ""helka"": ""78"", ""tatHelka"": ""14"", ""parcelNum"": ""1197-78-14"", ""assetId"": ""11352530118"", ""scrapedAt"": ""2026-09-05T16:18:44.171Z""}"
sold,C:\Users\AVIV\gaba\gabay_pricing_core\tax_enriched_ashkelon_3room_36m.json,467,small_area_45_80,,2026-04-13,אשקלון,אזור תעשיה צפוני,,,3.0,77.0,,,,דירה בבית קומות,,,11740.0,,,,"{""dedupeKey"": ""1197-82-79:2026-04-13:904000"", ""dealDate"": ""2026-04-13"", ""dealAmount"": ""904000"", ""pricePerSqm"": ""11740"", ""cityName"": ""אשקלון"", ""neighborhoodName"": ""אזור תעשיה צפוני"", ""rooms"": ""3"", ""floor"": ""שניה"", ""area"": ""77"", ""propertyType"": ""דירה בבית קומות"", ""gush"": ""1197"", ""helka"": ""82"", ""tatHelka"": ""79"", ""parcelNum"": ""1197-82-79"", ""assetId"": ""11349210780"", ""scrapedAt"": ""2026-09-05T16:18:44.171Z""}"
sold,C:\Users\AVIV\gaba\gabay_pricing_core\tax_enriched_ashkelon_3room_36m.json,471,small_area_45_80,,2026-04-13,אשקלון,מגדל,,,3.0,71.0,,,,דירה בבית קומות,,,15775.0,,,,"{""dedupeKey"": ""1246-6-16:2026-04-13:1120000"", ""dealDate"": ""2026-04-13"", ""dealAmount"": ""1120000"", ""pricePerSqm"": ""15775"", ""cityName"": ""אשקלון"", ""neighborhoodName"": ""מגדל"", ""rooms"": ""3"", ""floor"": ""שביעית"", ""area"": ""71"", ""propertyType"": ""דירה בבית קומות"", ""gush"": ""1246"", ""helka"": ""6"", ""tatHelka"": ""16"", ""parcelNum"": ""1246-6-16"", ""assetId"": ""11349885060"", ""scrapedAt"": ""2026-09-05T16:18:44.171Z""}"
sold,C:\Users\AVIV\gaba\gabay_pricing_core\tax_enriched_ashkelon_3room_36m.json,472,small_area_45_80,,2026-04-13,אשקלון,,,,3.0,76.0,,,,,True,,11578.0,,,,"{""dedupeKey"": ""1197-78-16:2026-04-13:879965"", ""dealDate"": ""2026-04-13"", ""dealAmount"": ""879965"", ""pricePerSqm"": ""11578"", ""cityName"": ""אשקלון"", ""rooms"": ""3"", ""floor"": ""רביעית"", ""area"": ""76"", ""isFirstHand"": ""True"", ""gush"": ""1197"", ""helka"": ""78"", ""tatHelka"": ""16"", ""parcelNum"": ""1197-78-16"", ""assetId"": ""11352530120"", ""scrapedAt"": ""2026-09-05T16:18:44.171Z""}"
sold,C:\Users\AVIV\gaba\gabay_pricing_core\tax_enriched_ashkelon_3room_36m.json,474,small_area_45_80,,2026-04-12,אשקלון,גני ברנע,מונטיפיורי 18,,3.0,59.5,,,4.0,דירה בבית קומות,,,17983.0,,,,"{""dedupeKey"": ""2878-4-10:2026-04-12:1070000"", ""dealDate"": ""2026-04-12"", ""dealAmount"": ""1070000"", ""pricePerSqm"": ""17983"", ""address"": ""מונטיפיורי 18"", ""cityName"": ""אשקלון"", ""neighborhoodName"": ""גני ברנע"", ""rooms"": ""3"", ""floor"": ""שלישית"", ""buildingFloors"": ""4"", ""area"": ""59.5"", ""yearBuilt"": ""1970"", ""propertyType"": ""דירה בבית קומות"", ""gush"": ""2878"", ""helka"": ""4"", ""tatHelka"": ""10"", ""parcelNum"": ""2878-4-10"", ""assetId"": ""11348413470"", ""scrapedAt"": ""2026-09-05T16:18:44.171Z""}"
sold,C:\Users\AVIV\gaba\gabay_pricing_core\tax_enriched_ashkelon_3room_36m.json,475,small_area_45_80,,2026-04-12,אשקלון,נאות אשקלון,נווה שלום 6,,3.0,71.4,,,5.0,דירה בבית קומות,False,,16831.0,,,,"{""dedupeKey"": ""1296-13-63:2026-04-12:1195000"", ""dealDate"": ""2026-04-12"", ""dealAmount"": ""1195000"", ""pricePerSqm"": ""16831"", ""address"": ""נווה שלום 6"", ""cityName"": ""אשקלון"", ""neighborhoodName"": ""נאות אשקלון"", ""rooms"": ""3"", ""floor"": ""חמישית"", ""buildingFloors"": ""5"", ""area"": ""71.4"", ""yearBuilt"": ""1992"", ""propertyType"": ""דירה בבית קומות"", ""isFirstHand"": ""False"", ""gush"": ""1296"", ""helka"": ""13"", ""tatHelka"": ""63"", ""parcelNum"": ""1296-13-63"", ""assetId"": ""11348572410"", ""prevDeals"": ""[{\""dealDate\"": \""2014-12-22\"", \""dealAmount\"": 680000}, {\""dealDate\"": \""2000-02-14\"", \""dealAmount\"": 453000}]""}"
sold,C:\Users\AVIV\gaba\gabay_pricing_core\tax_enriched_ashkelon_3room_36m.json,479,small_area_45_80,,2026-04-12,אשקלון,גולדה,שפירא 50,,3.0,61.6,,,4.0,דירה בבית קומות,,,13799.0,,,,"{""dedupeKey"": ""3012-42-16:2026-04-12:850000"", ""dealDate"": ""2026-04-12"", ""dealAmount"": ""850000"", ""pricePerSqm"": ""13799"", ""address"": ""שפירא 50"", ""cityName"": ""אשקלון"", ""neighborhoodName"": ""גולדה"", ""rooms"": ""3"", ""floor"": ""רביעית"", ""buildingFloors"": ""4"", ""area"": ""61.6"", ""yearBuilt"": ""1960"", ""propertyType"": ""דירה בבית קומות"", ""gush"": ""3012"", ""helka"": ""42"", ""tatHelka"": ""16"", ""parcelNum"": ""3012-42-16"", ""assetId"": ""11348418690"", ""scrapedAt"": ""2026-09-05T16:18:44.171Z""}"
sold,C:\Users\AVIV\gaba\gabay_pricing_core\tax_enriched_ashkelon_3room_36m.json,480,small_area_45_80,,2026-04-12,אשקלון,אזור תעשיה צפוני,,,3.0,77.0,,,,דירה בבית קומות,True,,11686.0,,,,"{""dedupeKey"": ""1197-82-30:2026-04-12:899794"", ""dealDate"": ""2026-04-12"", ""dealAmount"": ""899794"", ""pricePerSqm"": ""11686"", ""cityName"": ""אשקלון"", ""neighborhoodName"": ""אזור תעשיה צפוני"", ""rooms"": ""3"", ""floor"": ""שישית"", ""area"": ""77"", ""propertyType"": ""דירה בבית קומות"", ""isFirstHand"": ""True"", ""gush"": ""1197"", ""helka"": ""82"", ""tatHelka"": ""30"", ""parcelNum"": ""1197-82-30"", ""assetId"": ""4082125"", ""scrapedAt"": ""2026-09-05T16:18:44.171Z""}"
sold,C:\Users\AVIV\gaba\gabay_pricing_core\tax_enriched_ashkelon_3room_36m.json,482,small_area_45_80,,2026-04-12,אשקלון,אזור תעשיה צפוני,,,3.0,77.0,,,,,True,,11803.0,,,,"{""dedupeKey"": ""1197-82-28:2026-04-12:908837"", ""dealDate"": ""2026-04-12"", ""dealAmount"": ""908837"", ""pricePerSqm"": ""11803"", ""cityName"": ""אשקלון"", ""neighborhoodName"": ""אזור תעשיה צפוני"", ""rooms"": ""3"", ""floor"": ""שמינית"", ""area"": ""77"", ""isFirstHand"": ""True"", ""gush"": ""1197"", ""helka"": ""82"", ""tatHelka"": ""28"", ""parcelNum"": ""1197-82-28"", ""assetId"": ""11352530164"", ""scrapedAt"": ""2026-09-05T16:18:44.171Z""}"
sold,C:\Users\AVIV\gaba\gabay_pricing_core\tax_enriched_ashkelon_3room_36m.json,488,small_area_45_80,,2026-04-12,אשקלון,אזור תעשיה צפוני,ניר עוז 14,,3.0,78.0,,,,דירה בבית קומות,,,11359.0,,,,"{""dedupeKey"": ""1196-79-146:2026-04-12:886000"", ""dealDate"": ""2026-04-12"", ""dealAmount"": ""886000"", ""pricePerSqm"": ""11359"", ""address"": ""ניר עוז 14"", ""cityName"": ""אשקלון"", ""neighborhoodName"": ""אזור תעשיה צפוני"", ""rooms"": ""3"", ""floor"": ""רביעית"", ""area"": ""78"", ""yearBuilt"": ""2029"", ""propertyType"": ""דירה בבית קומות"", ""gush"": ""1196"", ""helka"": ""79"", ""tatHelka"": ""146"", ""parcelNum"": ""1196-79-146"", ""assetId"": ""11347857990"", ""scrapedAt"": ""2026-09-05T16:18:44.171Z""}"
sold,C:\Users\AVIV\gaba\gabay_pricing_core\tax_enriched_ashkelon_3room_36m.json,491,small_area_45_80,,2026-04-11,אשקלון,אזור תעשיה צפוני,ניר עוז 14,,3.0,79.0,,,,,True,,11226.0,,,,"{""dedupeKey"": ""1196-79-97:2026-04-11:886880"", ""dealDate"": ""2026-04-11"", ""dealAmount"": ""886880"", ""pricePerSqm"": ""11226"", ""address"": ""ניר עוז 14"", ""cityName"": ""אשקלון"", ""neighborhoodName"": ""אזור תעשיה צפוני"", ""rooms"": ""3"", ""floor"": ""רביעית"", ""area"": ""79"", ""isFirstHand"": ""True"", ""gush"": ""1196"", ""helka"": ""79"", ""tatHelka"": ""97"", ""parcelNum"": ""1196-79-97"", ""assetId"": ""11352529732"", ""scrapedAt"": ""2026-09-05T16:18:44.171Z""}"
sold,C:\Users\AVIV\gaba\gabay_pricing_core\tax_enriched_ashkelon_3room_36m.json,492,small_area_45_80,,2026-04-09,אשקלון,נווה ים,שפירא 20,,3.0,63.5,,,4.0,דירה בבית קומות,,,15873.0,,,,"{""dedupeKey"": ""3015-6-31:2026-04-09:1000000"", ""dealDate"": ""2026-04-09"", ""dealAmount"": ""1000000"", ""pricePerSqm"": ""15873"", ""address"": ""שפירא 20"", ""cityName"": ""אשקלון"", ""neighborhoodName"": ""נווה ים"", ""rooms"": ""3"", ""floor"": ""רביעית"", ""buildingFloors"": ""4"", ""area"": ""63.5"", ""yearBuilt"": ""1970"", ""propertyType"": ""דירה בבית קומות"", ""gush"": ""3015"", ""helka"": ""6"", ""tatHelka"": ""31"", ""parcelNum"": ""3015-6-31"", ""assetId"": ""11347789050"", ""prevDeals"": ""[{\""dealDate\"": \""2023-05-11\"", \""dealAmount\"": 800000}, {\""dealDate\"": \""2011-03-09\"", \""dealAmount\"": 390000}]"", ""trend"": ""{\""ratePct\"": 8, \""years\"": 2.9}""}"
sold,C:\Users\AVIV\gaba\gabay_pricing_core\tax_enriched_ashkelon_3room_36m.json,496,small_area_45_80,,2026-04-05,אשקלון,אזור תעשיה צפוני,הרב יוסף שרביט 7,,3.0,75.0,,,8.0,דירה בבית קומות,,,23987.0,,,,"{""dedupeKey"": ""1197-87-77:2026-04-05:1799000"", ""dealDate"": ""2026-04-05"", ""dealAmount"": ""1799000"", ""pricePerSqm"": ""23987"", ""address"": ""הרב יוסף שרביט 7"", ""cityName"": ""אשקלון"", ""neighborhoodName"": ""אזור תעשיה צפוני"", ""rooms"": ""3"", ""buildingFloors"": ""8"", ""area"": ""75"", ""yearBuilt"": ""2024"", ""propertyType"": ""דירה בבית קומות"", ""gush"": ""1197"", ""helka"": ""87"", ""tatHelka"": ""77"", ""parcelNum"": ""1197-87-77"", ""assetId"": ""11348918280"", ""scrapedAt"": ""2026-09-05T16:18:44.171Z""}"
sold,C:\Users\AVIV\gaba\gabay_pricing_core\tax_enriched_ashkelon_3room_36m.json,497,small_area_45_80,,2026-04-05,אשקלון,גן הורדים,הסוכנות היהודית 8,,3.0,62.6,,,6.0,דירה בבית קומות,,,18233.0,,,,"{""dedupeKey"": ""2391-14-13:2026-04-05:1141400"", ""dealDate"": ""2026-04-05"", ""dealAmount"": ""1141400"", ""pricePerSqm"": ""18233"", ""address"": ""הסוכנות היהודית 8"", ""cityName"": ""אשקלון"", ""neighborhoodName"": ""גן הורדים"", ""rooms"": ""3"", ""floor"": ""רביעית"", ""buildingFloors"": ""6"", ""area"": ""62.6"", ""yearBuilt"": ""1995"", ""propertyType"": ""דירה בבית קומות"", ""gush"": ""2391"", ""helka"": ""14"", ""tatHelka"": ""13"", ""parcelNum"": ""2391-14-13"", ""assetId"": ""11347506090"", ""scrapedAt"": ""2026-09-05T16:18:44.171Z""}"
sold,C:\Users\AVIV\gaba\gabay_pricing_core\tax_enriched_ashkelon_3room_36m.json,498,small_area_45_80,,2026-04-04,אשקלון,אזור תעשיה צפוני,הרב יוסף שרביט 7,,3.0,75.0,,,8.0,,True,,23987.0,,,,"{""dedupeKey"": ""1197-87-15:2026-04-04:1799000"", ""dealDate"": ""2026-04-04"", ""dealAmount"": ""1799000"", ""pricePerSqm"": ""23987"", ""address"": ""הרב יוסף שרביט 7"", ""cityName"": ""אשקלון"", ""neighborhoodName"": ""אזור תעשיה צפוני"", ""rooms"": ""3"", ""buildingFloors"": ""8"", ""area"": ""75"", ""isFirstHand"": ""True"", ""gush"": ""1197"", ""helka"": ""87"", ""tatHelka"": ""15"", ""parcelNum"": ""1197-87-15"", ""assetId"": ""11352530234"", ""scrapedAt"": ""2026-09-05T16:18:44.171Z""}"
sold,C:\Users\AVIV\gaba\gabay_pricing_core\tax_enriched_ashkelon_3room_36m.json,499,small_area_45_80,,2026-03-31,אשקלון,מתחם מ-7,שירת היין 3,,3.0,78.0,,,,דירה בבית קומות,,,22436.0,,,,"{""dedupeKey"": ""1199-67-72:2026-03-31:1750000"", ""dealDate"": ""2026-03-31"", ""dealAmount"": ""1750000"", ""pricePerSqm"": ""22436"", ""address"": ""שירת היין 3"", ""cityName"": ""אשקלון"", ""neighborhoodName"": ""מתחם מ-7"", ""rooms"": ""3"", ""floor"": ""שניה"", ""area"": ""78"", ""yearBuilt"": ""2029"", ""propertyType"": ""דירה בבית קומות"", ""gush"": ""1199"", ""helka"": ""67"", ""tatHelka"": ""72"", ""parcelNum"": ""1199-67-72"", ""assetId"": ""11349098640"", ""scrapedAt"": ""2026-09-05T16:18:44.171Z""}"
sold,C:\Users\AVIV\gaba\gabay_pricing_core\tax_enriched_ashkelon_3room_36m.json,502,small_area_45_80,,2026-03-30,אשקלון,שקמים,יוספטל 5,,3.0,49.5,,,4.0,דירה בבית קומות,,,15714.0,,,,"{""dedupeKey"": ""1965-21-3:2026-03-30:770000"", ""dealDate"": ""2026-03-30"", ""dealAmount"": ""770000"", ""pricePerSqm"": ""15714"", ""address"": ""יוספטל 5"", ""cityName"": ""אשקלון"", ""neighborhoodName"": ""שקמים"", ""rooms"": ""3"", ""floor"": ""ראשונה"", ""buildingFloors"": ""4"", ""area"": ""49.5"", ""yearBuilt"": ""1960"", ""propertyType"": ""דירה בבית קומות"", ""gush"": ""1965"", ""helka"": ""21"", ""tatHelka"": ""3"", ""parcelNum"": ""1965-21-3"", ""assetId"": ""11348666640"", ""prevDeals"": ""[{\""dealDate\"": \""2020-06-16\"", \""dealAmount\"": 700000}, {\""dealDate\"": \""2017-11-08\"", \""dealAmount\"": 670000}]"", ""trend"": ""{\""ratePct\"": 1.7, \""years\"": 5.8}""}"
sold,C:\Users\AVIV\gaba\gabay_pricing_core\tax_enriched_ashkelon_3room_36m.json,507,small_area_45_80,,2026-03-30,אשקלון,מתחם מ-7,שירת היין 3,,3.0,78.0,,,,,True,,22436.0,,,,"{""dedupeKey"": ""1199-67-70:2026-03-30:1750000"", ""dealDate"": ""2026-03-30"", ""dealAmount"": ""1750000"", ""pricePerSqm"": ""22436"", ""address"": ""שירת היין 3"", ""cityName"": ""אשקלון"", ""neighborhoodName"": ""מתחם מ-7"", ""rooms"": ""3"", ""floor"": ""שניה"", ""area"": ""78"", ""isFirstHand"": ""True"", ""gush"": ""1199"", ""helka"": ""67"", ""tatHelka"": ""70"", ""parcelNum"": ""1199-67-70"", ""assetId"": ""11352530870"", ""scrapedAt"": ""2026-09-05T16:18:44.171Z""}"
sold,C:\Users\AVIV\gaba\gabay_pricing_core\tax_enriched_ashkelon_3room_36m.json,508,small_area_45_80,,2026-03-29,אשקלון,ז'בוטינסקי,ז'בוטינסקי 5,,3.0,50.1,,,4.0,דירה בבית קומות,,,18000.0,,,,"{""dedupeKey"": ""1996-39-12:2026-03-29:900000"", ""dealDate"": ""2026-03-29"", ""dealAmount"": ""900000"", ""pricePerSqm"": ""18000"", ""address"": ""ז'בוטינסקי 5"", ""cityName"": ""אשקלון"", ""neighborhoodName"": ""ז'בוטינסקי"", ""rooms"": ""3"", ""floor"": ""שניה"", ""buildingFloors"": ""4"", ""area"": ""50.1"", ""yearBuilt"": ""1970"", ""propertyType"": ""דירה בבית קומות"", ""gush"": ""1996"", ""helka"": ""39"", ""tatHelka"": ""12"", ""parcelNum"": ""1996-39-12"", ""assetId"": ""11347544070"", ""prevDeals"": ""[{\""dealDate\"": \""2021-08-25\"", \""dealAmount\"": 750000}, {\""dealDate\"": \""2019-11-28\"", \""dealAmount\"": 720000}, {\""dealDate\"": \""2019-09-29\"", \""dealAmount\"": 575000}]"", ""trend"": ""{\""ratePct\"": 4, \""years\"": 4.6}""}"
sold,C:\Users\AVIV\gaba\gabay_pricing_core\tax_enriched_ashkelon_3room_36m.json,516,small_area_45_80,,2026-03-28,אשקלון,אזור תעשיה צפוני,ניר עוז 14,,3.0,78.0,,,,,True,,10707.0,,,,"{""dedupeKey"": ""1196-79-95:2026-03-28:835184"", ""dealDate"": ""2026-03-28"", ""dealAmount"": ""835184"", ""pricePerSqm"": ""10707"", ""address"": ""ניר עוז 14"", ""cityName"": ""אשקלון"", ""neighborhoodName"": ""אזור תעשיה צפוני"", ""rooms"": ""3"", ""floor"": ""שלישית"", ""area"": ""78"", ""isFirstHand"": ""True"", ""gush"": ""1196"", ""helka"": ""79"", ""tatHelka"": ""95"", ""parcelNum"": ""1196-79-95"", ""assetId"": ""11352529730"", ""scrapedAt"": ""2026-09-05T16:18:44.172Z""}"
sold,C:\Users\AVIV\gaba\gabay_pricing_core\tax_enriched_ashkelon_3room_36m.json,524,small_area_45_80,,2026-03-25,אשקלון,אזור תעשיה צפוני,הרב יוסף שרביט 7,,3.0,75.0,,,8.0,דירה בבית קומות,,,21467.0,,,,"{""dedupeKey"": ""1197-87-79:2026-03-25:1610000"", ""dealDate"": ""2026-03-25"", ""dealAmount"": ""1610000"", ""pricePerSqm"": ""21467"", ""address"": ""הרב יוסף שרביט 7"", ""cityName"": ""אשקלון"", ""neighborhoodName"": ""אזור תעשיה צפוני"", ""rooms"": ""3"", ""floor"": ""חמישית"", ""buildingFloors"": ""8"", ""area"": ""75"", ""yearBuilt"": ""2024"", ""propertyType"": ""דירה בבית קומות"", ""gush"": ""1197"", ""helka"": ""87"", ""tatHelka"": ""79"", ""parcelNum"": ""1197-87-79"", ""assetId"": ""11347925490"", ""scrapedAt"": ""2026-09-05T16:18:44.172Z""}"
sold,C:\Users\AVIV\gaba\gabay_pricing_core\tax_enriched_ashkelon_3room_36m.json,525,small_area_45_80,,2026-03-25,אשקלון,ז'בוטינסקי,הרב פינטו 4,,3.0,58.0,,,4.0,דירה בבית קומות,,,14483.0,,,,"{""dedupeKey"": ""1996-87-28:2026-03-25:840000"", ""dealDate"": ""2026-03-25"", ""dealAmount"": ""840000"", ""pricePerSqm"": ""14483"", ""address"": ""הרב פינטו 4"", ""cityName"": ""אשקלון"", ""neighborhoodName"": ""ז'בוטינסקי"", ""rooms"": ""3"", ""floor"": ""שניה"", ""buildingFloors"": ""4"", ""area"": ""58"", ""yearBuilt"": ""1960"", ""propertyType"": ""דירה בבית קומות"", ""gush"": ""1996"", ""helka"": ""87"", ""tatHelka"": ""28"", ""parcelNum"": ""1996-87-28"", ""assetId"": ""11347379190"", ""prevDeals"": ""[{\""dealDate\"": \""2020-05-17\"", \""dealAmount\"": 256488}]"", ""trend"": ""{\""ratePct\"": 22.3, \""years\"": 5.9}""}"
sold,C:\Users\AVIV\gaba\gabay_pricing_core\tax_enriched_ashkelon_3room_36m.json,528,small_area_45_80,,2026-03-24,אשקלון,ז'בוטינסקי,גדוד הפורצים 5,,3.0,60.0,,,4.0,דירה בבית קומות,,,19167.0,,,,"{""dedupeKey"": ""1998-19-15:2026-03-24:1150000"", ""dealDate"": ""2026-03-24"", ""dealAmount"": ""1150000"", ""pricePerSqm"": ""19167"", ""address"": ""גדוד הפורצים 5"", ""cityName"": ""אשקלון"", ""neighborhoodName"": ""ז'בוטינסקי"", ""rooms"": ""3"", ""floor"": ""רביעית"", ""buildingFloors"": ""4"", ""area"": ""60"", ""yearBuilt"": ""1970"", ""propertyType"": ""דירה בבית קומות"", ""gush"": ""1998"", ""helka"": ""19"", ""tatHelka"": ""15"", ""parcelNum"": ""1998-19-15"", ""assetId"": ""11348994240"", ""prevDeals"": ""[{\""dealDate\"": \""2014-12-10\"", \""dealAmount\"": 370000}, {\""dealDate\"": \""2009-07-22\"", \""dealAmount\"": 257000}]"", ""trend"": ""{\""ratePct\"": 10.6, \""years\"": 11.3}""}"
sold,C:\Users\AVIV\gaba\gabay_pricing_core\tax_enriched_ashkelon_3room_36m.json,532,small_area_45_80,,2026-03-24,אשקלון,בן גוריון,יהודה הלוי 11,,3.0,50.0,,,3.0,דירה בבית קומות,,,18000.0,,,,"{""dedupeKey"": ""1964-38-1:2026-03-24:900000"", ""dealDate"": ""2026-03-24"", ""dealAmount"": ""900000"", ""pricePerSqm"": ""18000"", ""address"": ""יהודה הלוי 11"", ""cityName"": ""אשקלון"", ""neighborhoodName"": ""בן גוריון"", ""rooms"": ""3"", ""floor"": ""ראשונה"", ""buildingFloors"": ""3"", ""area"": ""50"", ""yearBuilt"": ""1970"", ""propertyType"": ""דירה בבית קומות"", ""gush"": ""1964"", ""helka"": ""38"", ""tatHelka"": ""1"", ""parcelNum"": ""1964-38-1"", ""assetId"": ""11347686540"", ""prevDeals"": ""[{\""dealDate\"": \""1998-10-15\"", \""dealAmount\"": 173000}]"", ""trend"": ""{\""ratePct\"": 6.2, \""years\"": 27.5}""}"
sold,C:\Users\AVIV\gaba\gabay_pricing_core\tax_enriched_ashkelon_3room_36m.json,535,small_area_45_80,,2026-03-24,אשקלון,נוה דקלים,הבשן 16,,3.0,60.0,,,,דירה בבית קומות,,,30500.0,,,,"{""dedupeKey"": ""3041-88-2:2026-03-24:1830000"", ""dealDate"": ""2026-03-24"", ""dealAmount"": ""1830000"", ""pricePerSqm"": ""30500"", ""address"": ""הבשן 16"", ""cityName"": ""אשקלון"", ""neighborhoodName"": ""נוה דקלים"", ""rooms"": ""3"", ""area"": ""60"", ""yearBuilt"": ""1989"", ""propertyType"": ""דירה בבית קומות"", ""gush"": ""3041"", ""helka"": ""88"", ""tatHelka"": ""2"", ""parcelNum"": ""3041-88-2"", ""assetId"": ""11347127370"", ""scrapedAt"": ""2026-09-05T16:18:44.172Z""}"
sold,C:\Users\AVIV\gaba\gabay_pricing_core\tax_enriched_ashkelon_3room_36m.json,536,small_area_45_80,,2026-03-24,אשקלון,מרינה,,,3.0,59.0,,,,דירה בבית קומות,,,28814.0,,,,"{""dedupeKey"": ""1938-32-167:2026-03-24:1700000"", ""dealDate"": ""2026-03-24"", ""dealAmount"": ""1700000"", ""pricePerSqm"": ""28814"", ""cityName"": ""אשקלון"", ""neighborhoodName"": ""מרינה"", ""rooms"": ""3"", ""floor"": ""שניה"", ""area"": ""59"", ""propertyType"": ""דירה בבית קומות"", ""gush"": ""1938"", ""helka"": ""32"", ""tatHelka"": ""167"", ""parcelNum"": ""1938-32-167"", ""assetId"": ""4012905"", ""scrapedAt"": ""2026-09-05T16:18:44.172Z""}"
sold,C:\Users\AVIV\gaba\gabay_pricing_core\tax_enriched_ashkelon_3room_36m.json,537,small_area_45_80,,2026-03-24,אשקלון,נווה אלונים,משה יוליש 12,,3.0,70.0,,,4.0,דירה בבית קומות,,,13143.0,,,,"{""dedupeKey"": ""3019-4-14:2026-03-24:920000"", ""dealDate"": ""2026-03-24"", ""dealAmount"": ""920000"", ""pricePerSqm"": ""13143"", ""address"": ""משה יוליש 12"", ""cityName"": ""אשקלון"", ""neighborhoodName"": ""נווה אלונים"", ""rooms"": ""3"", ""floor"": ""רביעית"", ""buildingFloors"": ""4"", ""area"": ""70"", ""yearBuilt"": ""1970"", ""propertyType"": ""דירה בבית קומות"", ""gush"": ""3019"", ""helka"": ""4"", ""tatHelka"": ""14"", ""parcelNum"": ""3019-4-14"", ""assetId"": ""11347130430"", ""prevDeals"": ""[{\""dealDate\"": \""2016-12-12\"", \""dealAmount\"": 600000}, {\""dealDate\"": \""2012-01-04\"", \""dealAmount\"": 380000}, {\""dealDate\"": \""2011-08-01\"", \""dealAmount\"": 370000}, {\""dealDate\"": \""2010-04-21\"", \""dealAmount\"": 260000}]"", ""trend"": ""{\""ratePct\"": 4.7, \""years\"": 9.3}""}"
sold,C:\Users\AVIV\gaba\gabay_pricing_core\tax_enriched_ashkelon_3room_36m.json,544,small_area_45_80,,2026-03-23,אשקלון,נווה אילן,דוד רמז 3,,3.0,80.0,,1.0,,דירה בבית קומות,,,15000.0,,,,"{""dedupeKey"": ""1228-98-5:2026-03-23:1200000"", ""dealDate"": ""2026-03-23"", ""dealAmount"": ""1200000"", ""pricePerSqm"": ""15000"", ""address"": ""דוד רמז 3"", ""cityName"": ""אשקלון"", ""neighborhoodName"": ""נווה אילן"", ""rooms"": ""3"", ""floor"": ""קומה ‎1‏"", ""area"": ""80"", ""propertyType"": ""דירה בבית קומות"", ""gush"": ""1228"", ""helka"": ""98"", ""tatHelka"": ""5"", ""parcelNum"": ""1228-98-5"", ""assetId"": ""11347352460"", ""scrapedAt"": ""2026-09-05T16:18:44.172Z""}"
sold,C:\Users\AVIV\gaba\gabay_pricing_core\tax_enriched_ashkelon_3room_36m.json,545,small_area_45_80,,2026-03-22,אשקלון,שקמים,אפרים צור 17,,3.0,53.0,,,,דירה בבית קומות,,,15755.0,,,,"{""dedupeKey"": ""1965-54-10:2026-03-22:835000"", ""dealDate"": ""2026-03-22"", ""dealAmount"": ""835000"", ""pricePerSqm"": ""15755"", ""address"": ""אפרים צור 17"", ""cityName"": ""אשקלון"", ""neighborhoodName"": ""שקמים"", ""rooms"": ""3"", ""floor"": ""שניה"", ""area"": ""53"", ""propertyType"": ""דירה בבית קומות"", ""gush"": ""1965"", ""helka"": ""54"", ""tatHelka"": ""10"", ""parcelNum"": ""1965-54-10"", ""assetId"": ""11347373340"", ""scrapedAt"": ""2026-09-05T16:18:44.172Z""}"
sold,C:\Users\AVIV\gaba\gabay_pricing_core\tax_enriched_ashkelon_3room_36m.json,546,small_area_45_80,,2026-03-22,אשקלון,,ארגמן 55,,3.0,80.0,,,,דירה בבית קומות,,,20625.0,,,,"{""dedupeKey"": ""388-27-277:2026-03-22:1650000"", ""dealDate"": ""2026-03-22"", ""dealAmount"": ""1650000"", ""pricePerSqm"": ""20625"", ""address"": ""ארגמן 55"", ""cityName"": ""אשקלון"", ""rooms"": ""3"", ""floor"": ""שישית"", ""area"": ""80"", ""propertyType"": ""דירה בבית קומות"", ""gush"": ""388"", ""helka"": ""27"", ""tatHelka"": ""277"", ""parcelNum"": ""388-27-277"", ""assetId"": ""11347094070"", ""scrapedAt"": ""2026-09-05T16:18:44.172Z""}"
sold,C:\Users\AVIV\gaba\gabay_pricing_core\tax_enriched_ashkelon_3room_36m.json,548,small_area_45_80,,2026-03-19,אשקלון,נווה אילן,פקיעין 6,,3.0,70.0,,,,דירה בבית קומות,False,,19143.0,,,,"{""dedupeKey"": ""2507-16-76:2026-03-19:1340000"", ""dealDate"": ""2026-03-19"", ""dealAmount"": ""1340000"", ""pricePerSqm"": ""19143"", ""address"": ""פקיעין 6"", ""cityName"": ""אשקלון"", ""neighborhoodName"": ""נווה אילן"", ""rooms"": ""3"", ""floor"": ""רביעית"", ""area"": ""70"", ""propertyType"": ""דירה בבית קומות"", ""isFirstHand"": ""False"", ""gush"": ""2507"", ""helka"": ""16"", ""tatHelka"": ""76"", ""parcelNum"": ""2507-16-76"", ""assetId"": ""11347027920"", ""scrapedAt"": ""2026-09-05T16:18:44.172Z""}"
sold,C:\Users\AVIV\gaba\gabay_pricing_core\tax_enriched_ashkelon_3room_36m.json,549,small_area_45_80,,2026-03-19,אשקלון,נווה אלונים,"ש""י עגנון 170",,3.0,66.0,,,,דירה בבית קומות,,,16667.0,,,,"{""dedupeKey"": ""1944-203-114:2026-03-19:1100000"", ""dealDate"": ""2026-03-19"", ""dealAmount"": ""1100000"", ""pricePerSqm"": ""16667"", ""address"": ""ש\""י עגנון 170"", ""cityName"": ""אשקלון"", ""neighborhoodName"": ""נווה אלונים"", ""rooms"": ""3"", ""floor"": ""תשיעית"", ""area"": ""66"", ""propertyType"": ""דירה בבית קומות"", ""gush"": ""1944"", ""helka"": ""203"", ""tatHelka"": ""114"", ""parcelNum"": ""1944-203-114"", ""assetId"": ""11348022150"", ""scrapedAt"": ""2026-09-05T16:18:44.172Z""}"
sold,C:\Users\AVIV\gaba\gabay_pricing_core\tax_enriched_ashkelon_3room_36m.json,550,small_area_45_80,,2026-03-18,אשקלון,נווה ים,שפירא 14,,3.0,63.0,,,,דירה בבית קומות,,,17143.0,,,,"{""dedupeKey"": ""3015-3-19:2026-03-18:1080000"", ""dealDate"": ""2026-03-18"", ""dealAmount"": ""1080000"", ""pricePerSqm"": ""17143"", ""address"": ""שפירא 14"", ""cityName"": ""אשקלון"", ""neighborhoodName"": ""נווה ים"", ""rooms"": ""3"", ""floor"": ""ראשונה"", ""area"": ""63"", ""propertyType"": ""דירה בבית קומות"", ""gush"": ""3015"", ""helka"": ""3"", ""tatHelka"": ""19"", ""parcelNum"": ""3015-3-19"", ""assetId"": ""11347085160"", ""scrapedAt"": ""2026-09-05T16:18:44.172Z""}"
sold,C:\Users\AVIV\gaba\gabay_pricing_core\tax_enriched_ashkelon_3room_36m.json,551,small_area_45_80,,2026-03-18,אשקלון,נווה ים,"ש""י עגנון 2",,3.0,73.0,,,,דירה בבית קומות,,,13014.0,,,,"{""dedupeKey"": ""3017-15-26:2026-03-18:950000"", ""dealDate"": ""2026-03-18"", ""dealAmount"": ""950000"", ""pricePerSqm"": ""13014"", ""address"": ""ש\""י עגנון 2"", ""cityName"": ""אשקלון"", ""neighborhoodName"": ""נווה ים"", ""rooms"": ""3"", ""floor"": ""שביעית"", ""area"": ""73"", ""propertyType"": ""דירה בבית קומות"", ""gush"": ""3017"", ""helka"": ""15"", ""tatHelka"": ""26"", ""parcelNum"": ""3017-15-26"", ""assetId"": ""11347548480"", ""scrapedAt"": ""2026-09-05T16:18:44.172Z""}"
sold,C:\Users\AVIV\gaba\gabay_pricing_core\tax_enriched_ashkelon_3room_36m.json,553,small_area_45_80,,2026-03-17,אשקלון,אזור תעשיה צפוני,ניר עוז 14,,3.0,78.0,,,,דירה בבית קומות,,,20910.0,,,,"{""dedupeKey"": ""1196-79-152:2026-03-17:1631000"", ""dealDate"": ""2026-03-17"", ""dealAmount"": ""1631000"", ""pricePerSqm"": ""20910"", ""address"": ""ניר עוז 14"", ""cityName"": ""אשקלון"", ""neighborhoodName"": ""אזור תעשיה צפוני"", ""rooms"": ""3"", ""floor"": ""שביעית"", ""area"": ""78"", ""propertyType"": ""דירה בבית קומות"", ""gush"": ""1196"", ""helka"": ""79"", ""tatHelka"": ""152"", ""parcelNum"": ""1196-79-152"", ""assetId"": ""11347598250"", ""scrapedAt"": ""2026-09-05T16:18:44.172Z""}"
sold,C:\Users\AVIV\gaba\gabay_pricing_core\tax_enriched_ashkelon_3room_36m.json,556,small_area_45_80,,2026-03-16,אשקלון,אזור תעשיה צפוני,ניר עוז 14,,3.0,78.0,,,,,,,20923.0,,,,"{""dedupeKey"": ""1196-79-91:2026-03-16:1631980"", ""dealDate"": ""2026-03-16"", ""dealAmount"": ""1631980"", ""pricePerSqm"": ""20923"", ""address"": ""ניר עוז 14"", ""cityName"": ""אשקלון"", ""neighborhoodName"": ""אזור תעשיה צפוני"", ""rooms"": ""3"", ""floor"": ""שביעית"", ""area"": ""78"", ""gush"": ""1196"", ""helka"": ""79"", ""tatHelka"": ""91"", ""parcelNum"": ""1196-79-91"", ""assetId"": ""11352529727"", ""scrapedAt"": ""2026-09-05T16:18:44.172Z""}"
sold,C:\Users\AVIV\gaba\gabay_pricing_core\tax_enriched_ashkelon_3room_36m.json,557,small_area_45_80,,2026-03-15,אשקלון,אזור תעשיה צפוני,ניר עוז 14,,3.0,78.0,,,,דירה בבית קומות,,,11436.0,,,,"{""dedupeKey"": ""1196-79-153:2026-03-15:892000"", ""dealDate"": ""2026-03-15"", ""dealAmount"": ""892000"", ""pricePerSqm"": ""11436"", ""address"": ""ניר עוז 14"", ""cityName"": ""אשקלון"", ""neighborhoodName"": ""אזור תעשיה צפוני"", ""rooms"": ""3"", ""floor"": ""רביעית"", ""area"": ""78"", ""propertyType"": ""דירה בבית קומות"", ""gush"": ""1196"", ""helka"": ""79"", ""tatHelka"": ""153"", ""parcelNum"": ""1196-79-153"", ""assetId"": ""11346257250"", ""scrapedAt"": ""2026-09-05T16:18:44.172Z""}"
sold,C:\Users\AVIV\gaba\gabay_pricing_core\tax_enriched_ashkelon_3room_36m.json,559,small_area_45_80,,2026-03-14,אשקלון,אזור תעשיה צפוני,ניר עוז 14,,3.0,78.0,,,,,,,11444.0,,,,"{""dedupeKey"": ""1196-79-89:2026-03-14:892642"", ""dealDate"": ""2026-03-14"", ""dealAmount"": ""892642"", ""pricePerSqm"": ""11444"", ""address"": ""ניר עוז 14"", ""cityName"": ""אשקלון"", ""neighborhoodName"": ""אזור תעשיה צפוני"", ""rooms"": ""3"", ""floor"": ""חמישית"", ""area"": ""78"", ""gush"": ""1196"", ""helka"": ""79"", ""tatHelka"": ""89"", ""parcelNum"": ""1196-79-89"", ""assetId"": ""11352529724"", ""scrapedAt"": ""2026-09-05T16:18:44.172Z""}"
sold,C:\Users\AVIV\gaba\gabay_pricing_core\tax_enriched_ashkelon_3room_36m.json,560,small_area_45_80,,2026-03-13,אשקלון,נוה דקלים,הכורמים 8,,3.0,71.0,,,,דירה בבית קומות,,,22394.0,,,,"{""dedupeKey"": ""1203-14-4:2026-03-13:1590000"", ""dealDate"": ""2026-03-13"", ""dealAmount"": ""1590000"", ""pricePerSqm"": ""22394"", ""address"": ""הכורמים 8"", ""cityName"": ""אשקלון"", ""neighborhoodName"": ""נוה דקלים"", ""rooms"": ""3"", ""floor"": ""חמישית"", ""area"": ""71"", ""propertyType"": ""דירה בבית קומות"", ""gush"": ""1203"", ""helka"": ""14"", ""tatHelka"": ""4"", ""parcelNum"": ""1203-14-4"", ""assetId"": ""11346206040"", ""scrapedAt"": ""2026-09-05T16:18:44.172Z""}"
sold,C:\Users\AVIV\gaba\gabay_pricing_core\tax_enriched_ashkelon_3room_36m.json,561,small_area_45_80,,2026-03-13,אשקלון,כוכב הצפון,משה קול 1,,3.0,66.0,,,,דירה בבית קומות,,,18636.0,,,,"{""dedupeKey"": ""2880-14-5:2026-03-13:1230000"", ""dealDate"": ""2026-03-13"", ""dealAmount"": ""1230000"", ""pricePerSqm"": ""18636"", ""address"": ""משה קול 1"", ""cityName"": ""אשקלון"", ""neighborhoodName"": ""כוכב הצפון"", ""rooms"": ""3"", ""floor"": ""שלישית"", ""area"": ""66"", ""propertyType"": ""דירה בבית קומות"", ""gush"": ""2880"", ""helka"": ""14"", ""tatHelka"": ""5"", ""parcelNum"": ""2880-14-5"", ""assetId"": ""11346171120"", ""scrapedAt"": ""2026-09-05T16:18:44.172Z""}"
sold,C:\Users\AVIV\gaba\gabay_pricing_core\tax_enriched_ashkelon_3room_36m.json,562,small_area_45_80,,2026-03-12,אשקלון,אזור תעשיה צפוני,ניר עוז 14,,3.0,78.0,,,,דירה בבית קומות,,,11474.0,,,,"{""dedupeKey"": ""1196-79-155:2026-03-12:895000"", ""dealDate"": ""2026-03-12"", ""dealAmount"": ""895000"", ""pricePerSqm"": ""11474"", ""address"": ""ניר עוז 14"", ""cityName"": ""אשקלון"", ""neighborhoodName"": ""אזור תעשיה צפוני"", ""rooms"": ""3"", ""floor"": ""רביעית"", ""area"": ""78"", ""propertyType"": ""דירה בבית קומות"", ""gush"": ""1196"", ""helka"": ""79"", ""tatHelka"": ""155"", ""parcelNum"": ""1196-79-155"", ""assetId"": ""11346237090"", ""scrapedAt"": ""2026-09-05T16:18:44.172Z""}"
sold,C:\Users\AVIV\gaba\gabay_pricing_core\tax_enriched_ashkelon_3room_36m.json,563,small_area_45_80,,2026-03-12,אשקלון,,היינן 17,,3.0,80.0,,,,דירה בבית קומות,,,21075.0,,,,"{""dedupeKey"": ""362-99-56:2026-03-12:1686000"", ""dealDate"": ""2026-03-12"", ""dealAmount"": ""1686000"", ""pricePerSqm"": ""21075"", ""address"": ""היינן 17"", ""cityName"": ""אשקלון"", ""rooms"": ""3"", ""floor"": ""שישית"", ""area"": ""80"", ""propertyType"": ""דירה בבית קומות"", ""gush"": ""362"", ""helka"": ""99"", ""tatHelka"": ""56"", ""parcelNum"": ""362-99-56"", ""assetId"": ""11347469910"", ""scrapedAt"": ""2026-09-05T16:18:44.172Z""}"
sold,C:\Users\AVIV\gaba\gabay_pricing_core\tax_enriched_ashkelon_3room_36m.json,564,small_area_45_80,,2026-03-12,אשקלון,גולדה,עולי הגרדום 22,,3.0,68.0,,,,דירה בבית קומות,,,16912.0,,,,"{""dedupeKey"": ""3012-14-3:2026-03-12:1150000"", ""dealDate"": ""2026-03-12"", ""dealAmount"": ""1150000"", ""pricePerSqm"": ""16912"", ""address"": ""עולי הגרדום 22"", ""cityName"": ""אשקלון"", ""neighborhoodName"": ""גולדה"", ""rooms"": ""3"", ""floor"": ""קרקע"", ""area"": ""68"", ""propertyType"": ""דירה בבית קומות"", ""gush"": ""3012"", ""helka"": ""14"", ""tatHelka"": ""3"", ""parcelNum"": ""3012-14-3"", ""assetId"": ""11346171840"", ""scrapedAt"": ""2026-09-05T16:18:44.172Z""}"
sold,C:\Users\AVIV\gaba\gabay_pricing_core\tax_enriched_ashkelon_3room_36m.json,566,small_area_45_80,,2026-03-11,אשקלון,,היינן 17,,3.0,80.0,,,,,,,21087.0,,,,"{""dedupeKey"": ""362-99-55:2026-03-11:1686980"", ""dealDate"": ""2026-03-11"", ""dealAmount"": ""1686980"", ""pricePerSqm"": ""21087"", ""address"": ""היינן 17"", ""cityName"": ""אשקלון"", ""rooms"": ""3"", ""floor"": ""שישית"", ""area"": ""80"", ""gush"": ""362"", ""helka"": ""99"", ""tatHelka"": ""55"", ""parcelNum"": ""362-99-55"", ""assetId"": ""11352605532"", ""scrapedAt"": ""2026-09-05T16:18:44.172Z""}"
sold,C:\Users\AVIV\gaba\gabay_pricing_core\tax_enriched_ashkelon_3room_36m.json,567,small_area_45_80,,2026-03-11,אשקלון,נווה אלונים,שפירא 19,,3.0,63.0,,,,דירה בבית קומות,,,14286.0,,,,"{""dedupeKey"": ""3020-2-2:2026-03-11:900000"", ""dealDate"": ""2026-03-11"", ""dealAmount"": ""900000"", ""pricePerSqm"": ""14286"", ""address"": ""שפירא 19"", ""cityName"": ""אשקלון"", ""neighborhoodName"": ""נווה אלונים"", ""rooms"": ""3"", ""floor"": ""ראשונה"", ""area"": ""63"", ""propertyType"": ""דירה בבית קומות"", ""gush"": ""3020"", ""helka"": ""2"", ""tatHelka"": ""2"", ""parcelNum"": ""3020-2-2"", ""assetId"": ""11346547500"", ""scrapedAt"": ""2026-09-05T16:18:44.172Z""}"
sold,C:\Users\AVIV\gaba\gabay_pricing_core\tax_enriched_ashkelon_3room_36m.json,569,small_area_45_80,,2026-03-11,אשקלון,אזור תעשיה צפוני,ניר עוז 14,,3.0,78.0,,,,,,,11483.0,,,,"{""dedupeKey"": ""1196-79-84:2026-03-11:895682"", ""dealDate"": ""2026-03-11"", ""dealAmount"": ""895682"", ""pricePerSqm"": ""11483"", ""address"": ""ניר עוז 14"", ""cityName"": ""אשקלון"", ""neighborhoodName"": ""אזור תעשיה צפוני"", ""rooms"": ""3"", ""floor"": ""שישית"", ""area"": ""78"", ""gush"": ""1196"", ""helka"": ""79"", ""tatHelka"": ""84"", ""parcelNum"": ""1196-79-84"", ""assetId"": ""11352529719"", ""scrapedAt"": ""2026-09-05T16:18:44.172Z""}"
sold,C:\Users\AVIV\gaba\gabay_pricing_core\tax_enriched_ashkelon_3room_36m.json,570,small_area_45_80,,2026-03-11,אשקלון,מתחם מ-7,דוריף 8,,3.0,80.0,,,,דירה בבית קומות,,,20375.0,,,,"{""dedupeKey"": ""1199-77-6:2026-03-11:1630000"", ""dealDate"": ""2026-03-11"", ""dealAmount"": ""1630000"", ""pricePerSqm"": ""20375"", ""address"": ""דוריף 8"", ""cityName"": ""אשקלון"", ""neighborhoodName"": ""מתחם מ-7"", ""rooms"": ""3"", ""floor"": ""שלישית"", ""area"": ""80"", ""propertyType"": ""דירה בבית קומות"", ""gush"": ""1199"", ""helka"": ""77"", ""tatHelka"": ""6"", ""parcelNum"": ""1199-77-6"", ""assetId"": ""11346113250"", ""scrapedAt"": ""2026-09-05T16:18:44.172Z""}"
sold,C:\Users\AVIV\gaba\gabay_pricing_core\tax_enriched_ashkelon_3room_36m.json,571,small_area_45_80,,2026-03-11,אשקלון,אזור תעשיה צפוני,ניר עוז 14,,3.0,78.0,,,,דירה בבית קומות,,,11410.0,,,,"{""dedupeKey"": ""1196-79-161:2026-03-11:890000"", ""dealDate"": ""2026-03-11"", ""dealAmount"": ""890000"", ""pricePerSqm"": ""11410"", ""address"": ""ניר עוז 14"", ""cityName"": ""אשקלון"", ""neighborhoodName"": ""אזור תעשיה צפוני"", ""rooms"": ""3"", ""floor"": ""חמישית"", ""area"": ""78"", ""propertyType"": ""דירה בבית קומות"", ""gush"": ""1196"", ""helka"": ""79"", ""tatHelka"": ""161"", ""parcelNum"": ""1196-79-161"", ""assetId"": ""11346090930"", ""scrapedAt"": ""2026-09-05T16:18:44.172Z""}"
sold,C:\Users\AVIV\gaba\gabay_pricing_core\tax_enriched_ashkelon_3room_36m.json,572,small_area_45_80,,2026-03-10,אשקלון,גולדה,אבשלום חביב 7,,3.0,69.0,,,,דירה בבית קומות,,,14058.0,,,,"{""dedupeKey"": ""3013-2-11:2026-03-10:970000"", ""dealDate"": ""2026-03-10"", ""dealAmount"": ""970000"", ""pricePerSqm"": ""14058"", ""address"": ""אבשלום חביב 7"", ""cityName"": ""אשקלון"", ""neighborhoodName"": ""גולדה"", ""rooms"": ""3"", ""floor"": ""שלישית"", ""area"": ""69"", ""propertyType"": ""דירה בבית קומות"", ""gush"": ""3013"", ""helka"": ""2"", ""tatHelka"": ""11"", ""parcelNum"": ""3013-2-11"", ""assetId"": ""11346135300"", ""scrapedAt"": ""2026-09-05T16:18:44.172Z""}"
sold,C:\Users\AVIV\gaba\gabay_pricing_core\tax_enriched_ashkelon_3room_36m.json,573,small_area_45_80,,2026-03-10,אשקלון,רמת אשכול,דוד רזיאל 16,,3.0,63.0,,,,דירה בבית קומות,,,13492.0,,,,"{""dedupeKey"": ""2383-44-4:2026-03-10:850000"", ""dealDate"": ""2026-03-10"", ""dealAmount"": ""850000"", ""pricePerSqm"": ""13492"", ""address"": ""דוד רזיאל 16"", ""cityName"": ""אשקלון"", ""neighborhoodName"": ""רמת אשכול"", ""rooms"": ""3"", ""floor"": ""ראשונה"", ""area"": ""63"", ""propertyType"": ""דירה בבית קומות"", ""gush"": ""2383"", ""helka"": ""44"", ""tatHelka"": ""4"", ""parcelNum"": ""2383-44-4"", ""assetId"": ""11349014670"", ""scrapedAt"": ""2026-09-05T16:18:44.172Z""}"
sold,C:\Users\AVIV\gaba\gabay_pricing_core\tax_enriched_ashkelon_3room_36m.json,574,small_area_45_80,,2026-03-10,אשקלון,אזור תעשיה צפוני,ניר עוז 14,,3.0,78.0,,,,דירה בבית קומות,,,10808.0,,,,"{""dedupeKey"": ""1196-79-164:2026-03-10:843000"", ""dealDate"": ""2026-03-10"", ""dealAmount"": ""843000"", ""pricePerSqm"": ""10808"", ""address"": ""ניר עוז 14"", ""cityName"": ""אשקלון"", ""neighborhoodName"": ""אזור תעשיה צפוני"", ""rooms"": ""3"", ""floor"": ""חמישית"", ""area"": ""78"", ""propertyType"": ""דירה בבית קומות"", ""gush"": ""1196"", ""helka"": ""79"", ""tatHelka"": ""164"", ""parcelNum"": ""1196-79-164"", ""assetId"": ""11347505370"", ""scrapedAt"": ""2026-09-05T16:18:44.172Z""}"
sold,C:\Users\AVIV\gaba\gabay_pricing_core\tax_enriched_ashkelon_3room_36m.json,576,small_area_45_80,,2026-03-10,אשקלון,אזור תעשיה צפוני,ניר עוז 14,,3.0,78.0,,,,,,,11419.0,,,,"{""dedupeKey"": ""1196-79-81:2026-03-10:890664"", ""dealDate"": ""2026-03-10"", ""dealAmount"": ""890664"", ""pricePerSqm"": ""11419"", ""address"": ""ניר עוז 14"", ""cityName"": ""אשקלון"", ""neighborhoodName"": ""אזור תעשיה צפוני"", ""rooms"": ""3"", ""floor"": ""חמישית"", ""area"": ""78"", ""gush"": ""1196"", ""helka"": ""79"", ""tatHelka"": ""81"", ""parcelNum"": ""1196-79-81"", ""assetId"": ""11352529716"", ""scrapedAt"": ""2026-09-05T16:18:44.172Z""}"
sold,C:\Users\AVIV\gaba\gabay_pricing_core\tax_enriched_ashkelon_3room_36m.json,580,small_area_45_80,,2026-03-09,אשקלון,אזור תעשיה צפוני,ניר עוז 14,,3.0,78.0,,,,דירה בבית קומות,,,11500.0,,,,"{""dedupeKey"": ""1196-79-167:2026-03-09:897000"", ""dealDate"": ""2026-03-09"", ""dealAmount"": ""897000"", ""pricePerSqm"": ""11500"", ""address"": ""ניר עוז 14"", ""cityName"": ""אשקלון"", ""neighborhoodName"": ""אזור תעשיה צפוני"", ""rooms"": ""3"", ""floor"": ""ראשונה"", ""area"": ""78"", ""propertyType"": ""דירה בבית קומות"", ""gush"": ""1196"", ""helka"": ""79"", ""tatHelka"": ""167"", ""parcelNum"": ""1196-79-167"", ""assetId"": ""11346160590"", ""scrapedAt"": ""2026-09-05T16:18:44.172Z""}"
sold,C:\Users\AVIV\gaba\gabay_pricing_core\tax_enriched_ashkelon_3room_36m.json,581,small_area_45_80,,2026-03-09,אשקלון,אזור תעשיה צפוני,ניר עוז 14,,3.0,79.0,,,,דירה בבית קומות,,,11278.0,,,,"{""dedupeKey"": ""1196-79-167:2026-03-09:891000"", ""dealDate"": ""2026-03-09"", ""dealAmount"": ""891000"", ""pricePerSqm"": ""11278"", ""address"": ""ניר עוז 14"", ""cityName"": ""אשקלון"", ""neighborhoodName"": ""אזור תעשיה צפוני"", ""rooms"": ""3"", ""floor"": ""ראשונה"", ""area"": ""79"", ""propertyType"": ""דירה בבית קומות"", ""gush"": ""1196"", ""helka"": ""79"", ""tatHelka"": ""167"", ""parcelNum"": ""1196-79-167"", ""assetId"": ""11346162210"", ""scrapedAt"": ""2026-09-05T16:18:44.172Z""}"
sold,C:\Users\AVIV\gaba\gabay_pricing_core\tax_enriched_ashkelon_3room_36m.json,586,small_area_45_80,,2026-03-09,אשקלון,אזור תעשיה צפוני,ניר עוז 14,,3.0,78.0,,,,,,,10787.0,,,,"{""dedupeKey"": ""1196-79-78:2026-03-09:841405"", ""dealDate"": ""2026-03-09"", ""dealAmount"": ""841405"", ""pricePerSqm"": ""10787"", ""address"": ""ניר עוז 14"", ""cityName"": ""אשקלון"", ""neighborhoodName"": ""אזור תעשיה צפוני"", ""rooms"": ""3"", ""floor"": ""שניה"", ""area"": ""78"", ""gush"": ""1196"", ""helka"": ""79"", ""tatHelka"": ""78"", ""parcelNum"": ""1196-79-78"", ""assetId"": ""11352529712"", ""scrapedAt"": ""2026-09-05T16:18:44.172Z""}"
sold,C:\Users\AVIV\gaba\gabay_pricing_core\tax_enriched_ashkelon_3room_36m.json,591,small_area_45_80,,2026-03-08,אשקלון,אזור תעשיה צפוני,ניר עוז 14,,3.0,78.0,,,,,,,11637.0,,,,"{""dedupeKey"": ""1196-79-64:2026-03-08:907678"", ""dealDate"": ""2026-03-08"", ""dealAmount"": ""907678"", ""pricePerSqm"": ""11637"", ""address"": ""ניר עוז 14"", ""cityName"": ""אשקלון"", ""neighborhoodName"": ""אזור תעשיה צפוני"", ""rooms"": ""3"", ""floor"": ""שמינית"", ""area"": ""78"", ""gush"": ""1196"", ""helka"": ""79"", ""tatHelka"": ""64"", ""parcelNum"": ""1196-79-64"", ""assetId"": ""11352529698"", ""scrapedAt"": ""2026-09-05T16:18:44.172Z""}"
sold,C:\Users\AVIV\gaba\gabay_pricing_core\tax_enriched_ashkelon_3room_36m.json,592,small_area_45_80,,2026-03-08,אשקלון,נווה ים,שפירא 20,,3.0,70.0,,,,דירה בבית קומות,,,14286.0,,,,"{""dedupeKey"": ""3015-6-12:2026-03-08:1000000"", ""dealDate"": ""2026-03-08"", ""dealAmount"": ""1000000"", ""pricePerSqm"": ""14286"", ""address"": ""שפירא 20"", ""cityName"": ""אשקלון"", ""neighborhoodName"": ""נווה ים"", ""rooms"": ""3"", ""floor"": ""שלישית"", ""area"": ""70"", ""propertyType"": ""דירה בבית קומות"", ""gush"": ""3015"", ""helka"": ""6"", ""tatHelka"": ""12"", ""parcelNum"": ""3015-6-12"", ""assetId"": ""11347090290"", ""scrapedAt"": ""2026-09-05T16:18:44.172Z""}"
sold,C:\Users\AVIV\gaba\gabay_pricing_core\tax_enriched_ashkelon_3room_36m.json,596,small_area_45_80,,2026-03-08,אשקלון,בן גוריון,בן גוריון 32,,3.0,59.0,,,,דירה בבית קומות,,,17627.0,,,,"{""dedupeKey"": ""1963-81-64:2026-03-08:1040000"", ""dealDate"": ""2026-03-08"", ""dealAmount"": ""1040000"", ""pricePerSqm"": ""17627"", ""address"": ""בן גוריון 32"", ""cityName"": ""אשקלון"", ""neighborhoodName"": ""בן גוריון"", ""rooms"": ""3"", ""floor"": ""שלישית"", ""area"": ""59"", ""propertyType"": ""דירה בבית קומות"", ""gush"": ""1963"", ""helka"": ""81"", ""tatHelka"": ""64"", ""parcelNum"": ""1963-81-64"", ""assetId"": ""11346201630"", ""scrapedAt"": ""2026-09-05T16:18:44.172Z""}"
sold,C:\Users\AVIV\gaba\gabay_pricing_core\tax_enriched_ashkelon_3room_36m.json,598,small_area_45_80,,2026-03-08,אשקלון,אזור תעשיה צפוני,ניר עוז 14,,3.0,79.0,,,,,,,11325.0,,,,"{""dedupeKey"": ""1196-79-60:2026-03-08:894657"", ""dealDate"": ""2026-03-08"", ""dealAmount"": ""894657"", ""pricePerSqm"": ""11325"", ""address"": ""ניר עוז 14"", ""cityName"": ""אשקלון"", ""neighborhoodName"": ""אזור תעשיה צפוני"", ""rooms"": ""3"", ""floor"": ""שישית"", ""area"": ""79"", ""gush"": ""1196"", ""helka"": ""79"", ""tatHelka"": ""60"", ""parcelNum"": ""1196-79-60"", ""assetId"": ""11352529695"", ""scrapedAt"": ""2026-09-05T16:18:44.172Z""}"
sold,C:\Users\AVIV\gaba\gabay_pricing_core\tax_enriched_ashkelon_3room_36m.json,600,small_area_45_80,,2026-03-08,אשקלון,גבעת ציון,חזון עובדיה 51,,3.0,76.0,,,,דירה בבית קומות,,,19737.0,,,,"{""dedupeKey"": ""1475-58-98:2026-03-08:1500000"", ""dealDate"": ""2026-03-08"", ""dealAmount"": ""1500000"", ""pricePerSqm"": ""19737"", ""address"": ""חזון עובדיה 51"", ""cityName"": ""אשקלון"", ""neighborhoodName"": ""גבעת ציון"", ""rooms"": ""3"", ""floor"": ""שישית"", ""area"": ""76"", ""propertyType"": ""דירה בבית קומות"", ""gush"": ""1475"", ""helka"": ""58"", ""tatHelka"": ""98"", ""parcelNum"": ""1475-58-98"", ""assetId"": ""11346790410"", ""scrapedAt"": ""2026-09-05T16:18:44.172Z""}"
sold,C:\Users\AVIV\gaba\gabay_pricing_core\tax_enriched_ashkelon_3room_36m.json,603,small_area_45_80,,2026-03-07,אשקלון,גבעת ציון,חזון עובדיה 51,,3.0,76.0,,,,,,,19737.0,,,,"{""dedupeKey"": ""1475-58-96:2026-03-07:1500000"", ""dealDate"": ""2026-03-07"", ""dealAmount"": ""1500000"", ""pricePerSqm"": ""19737"", ""address"": ""חזון עובדיה 51"", ""cityName"": ""אשקלון"", ""neighborhoodName"": ""גבעת ציון"", ""rooms"": ""3"", ""floor"": ""שישית"", ""area"": ""76"", ""gush"": ""1475"", ""helka"": ""58"", ""tatHelka"": ""96"", ""parcelNum"": ""1475-58-96"", ""assetId"": ""11352540472"", ""scrapedAt"": ""2026-09-05T16:18:44.172Z""}"
sold,C:\Users\AVIV\gaba\gabay_pricing_core\tax_enriched_ashkelon_3room_36m.json,604,small_area_45_80,,2026-03-05,אשקלון,בן גוריון,יהודה הלוי 32,,3.0,68.0,,,,דירה בבית קומות,,,16176.0,,,,"{""dedupeKey"": ""1962-144-49:2026-03-05:1100000"", ""dealDate"": ""2026-03-05"", ""dealAmount"": ""1100000"", ""pricePerSqm"": ""16176"", ""address"": ""יהודה הלוי 32"", ""cityName"": ""אשקלון"", ""neighborhoodName"": ""בן גוריון"", ""rooms"": ""3"", ""floor"": ""ראשונה"", ""area"": ""68"", ""propertyType"": ""דירה בבית קומות"", ""gush"": ""1962"", ""helka"": ""144"", ""tatHelka"": ""49"", ""parcelNum"": ""1962-144-49"", ""assetId"": ""11346956640"", ""scrapedAt"": ""2026-09-05T16:18:44.172Z""}"
sold,C:\Users\AVIV\gaba\gabay_pricing_core\tax_enriched_ashkelon_3room_36m.json,606,small_area_45_80,,2026-03-04,אשקלון,גן הורדים,השומר הצעיר 12,,3.0,79.0,,,,דירה בבית קומות,,,11835.0,,,,"{""dedupeKey"": ""2391-13-20:2026-03-04:935000"", ""dealDate"": ""2026-03-04"", ""dealAmount"": ""935000"", ""pricePerSqm"": ""11835"", ""address"": ""השומר הצעיר 12"", ""cityName"": ""אשקלון"", ""neighborhoodName"": ""גן הורדים"", ""rooms"": ""3"", ""floor"": ""שישית"", ""area"": ""79"", ""propertyType"": ""דירה בבית קומות"", ""gush"": ""2391"", ""helka"": ""13"", ""tatHelka"": ""20"", ""parcelNum"": ""2391-13-20"", ""assetId"": ""11347369560"", ""scrapedAt"": ""2026-09-05T16:18:44.172Z""}"
sold,C:\Users\AVIV\gaba\gabay_pricing_core\tax_enriched_ashkelon_3room_36m.json,608,small_area_45_80,,2026-03-01,אשקלון,בן גוריון,בעל שם-טוב 15,,3.0,50.0,,,,דירה בבית קומות,,,17200.0,,,,"{""dedupeKey"": ""1962-20-6:2026-03-01:860000"", ""dealDate"": ""2026-03-01"", ""dealAmount"": ""860000"", ""pricePerSqm"": ""17200"", ""address"": ""בעל שם-טוב 15"", ""cityName"": ""אשקלון"", ""neighborhoodName"": ""בן גוריון"", ""rooms"": ""3"", ""floor"": ""שניה"", ""area"": ""50"", ""propertyType"": ""דירה בבית קומות"", ""gush"": ""1962"", ""helka"": ""20"", ""tatHelka"": ""6"", ""parcelNum"": ""1962-20-6"", ""assetId"": ""11345925420"", ""scrapedAt"": ""2026-09-05T16:18:44.172Z""}"
sold,C:\Users\AVIV\gaba\gabay_pricing_core\tax_enriched_ashkelon_3room_36m.json,609,small_area_45_80,,2026-03-01,אשקלון,ז'בוטינסקי,יוספטל 14,,3.0,52.0,,,,דירה בבית קומות,,,18462.0,,,,"{""dedupeKey"": ""1996-85-31:2026-03-01:960000"", ""dealDate"": ""2026-03-01"", ""dealAmount"": ""960000"", ""pricePerSqm"": ""18462"", ""address"": ""יוספטל 14"", ""cityName"": ""אשקלון"", ""neighborhoodName"": ""ז'בוטינסקי"", ""rooms"": ""3"", ""floor"": ""שלישית"", ""area"": ""52"", ""propertyType"": ""דירה בבית קומות"", ""gush"": ""1996"", ""helka"": ""85"", ""tatHelka"": ""31"", ""parcelNum"": ""1996-85-31"", ""assetId"": ""11347088130"", ""scrapedAt"": ""2026-09-05T16:18:44.172Z""}"
sold,C:\Users\AVIV\gaba\gabay_pricing_core\tax_enriched_ashkelon_3room_36m.json,610,small_area_45_80,,2026-02-26,אשקלון,אזור תעשיה צפוני,ניר עוז 14,,3.0,78.0,,,,דירה בבית קומות,,,11500.0,,,,"{""dedupeKey"": ""1196-79-192:2026-02-26:897000"", ""dealDate"": ""2026-02-26"", ""dealAmount"": ""897000"", ""pricePerSqm"": ""11500"", ""address"": ""ניר עוז 14"", ""cityName"": ""אשקלון"", ""neighborhoodName"": ""אזור תעשיה צפוני"", ""rooms"": ""3"", ""floor"": ""שישית"", ""area"": ""78"", ""propertyType"": ""דירה בבית קומות"", ""gush"": ""1196"", ""helka"": ""79"", ""tatHelka"": ""192"", ""parcelNum"": ""1196-79-192"", ""assetId"": ""11346032160"", ""scrapedAt"": ""2026-09-05T16:18:44.172Z""}"
sold,C:\Users\AVIV\gaba\gabay_pricing_core\tax_enriched_ashkelon_3room_36m.json,611,small_area_45_80,,2026-02-26,אשקלון,בן גוריון,בן גוריון 273,,3.0,80.0,,,,דירה בבית קומות,,,11250.0,,,,"{""dedupeKey"": ""1963-78-18:2026-02-26:900000"", ""dealDate"": ""2026-02-26"", ""dealAmount"": ""900000"", ""pricePerSqm"": ""11250"", ""address"": ""בן גוריון 273"", ""cityName"": ""אשקלון"", ""neighborhoodName"": ""בן גוריון"", ""rooms"": ""3"", ""floor"": ""ראשונה"", ""area"": ""80"", ""propertyType"": ""דירה בבית קומות"", ""gush"": ""1963"", ""helka"": ""78"", ""tatHelka"": ""18"", ""parcelNum"": ""1963-78-18"", ""assetId"": ""11346773940"", ""scrapedAt"": ""2026-09-05T16:18:44.172Z""}"
sold,C:\Users\AVIV\gaba\gabay_pricing_core\tax_enriched_ashkelon_3room_36m.json,612,small_area_45_80,,2026-02-25,אשקלון,אזור תעשיה צפוני,ניר עוז 14,,3.0,78.0,,,,,,,11505.0,,,,"{""dedupeKey"": ""1196-79-54:2026-02-25:897380"", ""dealDate"": ""2026-02-25"", ""dealAmount"": ""897380"", ""pricePerSqm"": ""11505"", ""address"": ""ניר עוז 14"", ""cityName"": ""אשקלון"", ""neighborhoodName"": ""אזור תעשיה צפוני"", ""rooms"": ""3"", ""floor"": ""שישית"", ""area"": ""78"", ""gush"": ""1196"", ""helka"": ""79"", ""tatHelka"": ""54"", ""parcelNum"": ""1196-79-54"", ""assetId"": ""11352529688"", ""scrapedAt"": ""2026-09-05T16:18:44.172Z""}"
sold,C:\Users\AVIV\gaba\gabay_pricing_core\tax_enriched_ashkelon_3room_36m.json,613,small_area_45_80,,2026-02-25,אשקלון,אזור תעשיה צפוני,ניר עוז 14,,3.0,78.0,,,,דירה בבית קומות,,,11308.0,,,,"{""dedupeKey"": ""1196-79-195:2026-02-25:882000"", ""dealDate"": ""2026-02-25"", ""dealAmount"": ""882000"", ""pricePerSqm"": ""11308"", ""address"": ""ניר עוז 14"", ""cityName"": ""אשקלון"", ""neighborhoodName"": ""אזור תעשיה צפוני"", ""rooms"": ""3"", ""floor"": ""שלישית"", ""area"": ""78"", ""propertyType"": ""דירה בבית קומות"", ""gush"": ""1196"", ""helka"": ""79"", ""tatHelka"": ""195"", ""parcelNum"": ""1196-79-195"", ""assetId"": ""11345254830"", ""scrapedAt"": ""2026-09-05T16:18:44.172Z""}"
sold,C:\Users\AVIV\gaba\gabay_pricing_core\tax_enriched_ashkelon_3room_36m.json,614,small_area_45_80,,2026-02-25,אשקלון,בן גוריון,"חיד""א 6",,3.0,49.0,,,,דירה בבית קומות,,,23878.0,,,,"{""dedupeKey"": ""1963-53-25:2026-02-25:1170000"", ""dealDate"": ""2026-02-25"", ""dealAmount"": ""1170000"", ""pricePerSqm"": ""23878"", ""address"": ""חיד\""א 6"", ""cityName"": ""אשקלון"", ""neighborhoodName"": ""בן גוריון"", ""rooms"": ""3"", ""floor"": ""שניה"", ""area"": ""49"", ""propertyType"": ""דירה בבית קומות"", ""gush"": ""1963"", ""helka"": ""53"", ""tatHelka"": ""25"", ""parcelNum"": ""1963-53-25"", ""assetId"": ""11346583230"", ""scrapedAt"": ""2026-09-05T16:18:44.172Z""}"
sold,C:\Users\AVIV\gaba\gabay_pricing_core\tax_enriched_ashkelon_3room_36m.json,615,small_area_45_80,,2026-02-25,אשקלון,ז'בוטינסקי,ההסתדרות 61,,3.0,58.0,,,,דירה בבית קומות,,,19914.0,,,,"{""dedupeKey"": ""1998-15-1:2026-02-25:1155000"", ""dealDate"": ""2026-02-25"", ""dealAmount"": ""1155000"", ""pricePerSqm"": ""19914"", ""address"": ""ההסתדרות 61"", ""cityName"": ""אשקלון"", ""neighborhoodName"": ""ז'בוטינסקי"", ""rooms"": ""3"", ""floor"": ""ראשונה"", ""area"": ""58"", ""propertyType"": ""דירה בבית קומות"", ""gush"": ""1998"", ""helka"": ""15"", ""tatHelka"": ""1"", ""parcelNum"": ""1998-15-1"", ""assetId"": ""11347117020"", ""scrapedAt"": ""2026-09-05T16:18:44.172Z""}"
sold,C:\Users\AVIV\gaba\gabay_pricing_core\tax_enriched_ashkelon_3room_36m.json,616,small_area_45_80,,2026-02-25,אשקלון,נווה הדרים,סיוון 13,,3.0,73.0,,,,דירה בבית קומות,,,15753.0,,,,"{""dedupeKey"": ""1353-75-11:2026-02-25:1150000"", ""dealDate"": ""2026-02-25"", ""dealAmount"": ""1150000"", ""pricePerSqm"": ""15753"", ""address"": ""סיוון 13"", ""cityName"": ""אשקלון"", ""neighborhoodName"": ""נווה הדרים"", ""rooms"": ""3"", ""floor"": ""ראשונה"", ""area"": ""73"", ""propertyType"": ""דירה בבית קומות"", ""gush"": ""1353"", ""helka"": ""75"", ""tatHelka"": ""11"", ""parcelNum"": ""1353-75-11"", ""assetId"": ""11345575590"", ""scrapedAt"": ""2026-09-05T16:18:44.172Z""}"
sold,C:\Users\AVIV\gaba\gabay_pricing_core\tax_enriched_ashkelon_3room_36m.json,618,small_area_45_80,,2026-02-24,אשקלון,אזור תעשיה צפוני,ניר עוז 14,,3.0,78.0,,,,,,,11315.0,,,,"{""dedupeKey"": ""1196-79-53:2026-02-24:882600"", ""dealDate"": ""2026-02-24"", ""dealAmount"": ""882600"", ""pricePerSqm"": ""11315"", ""address"": ""ניר עוז 14"", ""cityName"": ""אשקלון"", ""neighborhoodName"": ""אזור תעשיה צפוני"", ""rooms"": ""3"", ""floor"": ""שלישית"", ""area"": ""78"", ""gush"": ""1196"", ""helka"": ""79"", ""tatHelka"": ""53"", ""parcelNum"": ""1196-79-53"", ""assetId"": ""11352529687"", ""scrapedAt"": ""2026-09-05T16:18:44.172Z""}"
sold,C:\Users\AVIV\gaba\gabay_pricing_core\tax_enriched_ashkelon_3room_36m.json,619,small_area_45_80,,2026-02-24,אשקלון,,היינן 17,,3.0,80.0,,,,דירה בבית קומות,,,21075.0,,,,"{""dedupeKey"": ""362-99-57:2026-02-24:1686000"", ""dealDate"": ""2026-02-24"", ""dealAmount"": ""1686000"", ""pricePerSqm"": ""21075"", ""address"": ""היינן 17"", ""cityName"": ""אשקלון"", ""rooms"": ""3"", ""floor"": ""שלישית"", ""area"": ""80"", ""propertyType"": ""דירה בבית קומות"", ""gush"": ""362"", ""helka"": ""99"", ""tatHelka"": ""57"", ""parcelNum"": ""362-99-57"", ""assetId"": ""11346614370"", ""scrapedAt"": ""2026-09-05T16:18:44.172Z""}"
sold,C:\Users\AVIV\gaba\gabay_pricing_core\tax_enriched_ashkelon_3room_36m.json,620,small_area_45_80,,2026-02-24,אשקלון,אזור תעשיה צפוני,ניר עוז 14,,3.0,78.0,,,,דירה בבית קומות,,,10808.0,,,,"{""dedupeKey"": ""1196-79-196:2026-02-24:843000"", ""dealDate"": ""2026-02-24"", ""dealAmount"": ""843000"", ""pricePerSqm"": ""10808"", ""address"": ""ניר עוז 14"", ""cityName"": ""אשקלון"", ""neighborhoodName"": ""אזור תעשיה צפוני"", ""rooms"": ""3"", ""floor"": ""רביעית"", ""area"": ""78"", ""propertyType"": ""דירה בבית קומות"", ""gush"": ""1196"", ""helka"": ""79"", ""tatHelka"": ""196"", ""parcelNum"": ""1196-79-196"", ""assetId"": ""11346639660"", ""scrapedAt"": ""2026-09-05T16:18:44.172Z""}"
sold,C:\Users\AVIV\gaba\gabay_pricing_core\tax_enriched_ashkelon_3room_36m.json,621,small_area_45_80,,2026-02-23,אשקלון,אזור תעשיה צפוני,ניר עוז 14,,3.0,78.0,,,,דירה בבית קומות,,,10808.0,,,,"{""dedupeKey"": ""1196-79-198:2026-02-23:843000"", ""dealDate"": ""2026-02-23"", ""dealAmount"": ""843000"", ""pricePerSqm"": ""10808"", ""address"": ""ניר עוז 14"", ""cityName"": ""אשקלון"", ""neighborhoodName"": ""אזור תעשיה צפוני"", ""rooms"": ""3"", ""floor"": ""שביעית"", ""area"": ""78"", ""propertyType"": ""דירה בבית קומות"", ""gush"": ""1196"", ""helka"": ""79"", ""tatHelka"": ""198"", ""parcelNum"": ""1196-79-198"", ""assetId"": ""11346642720"", ""scrapedAt"": ""2026-09-05T16:18:44.173Z""}"
sold,C:\Users\AVIV\gaba\gabay_pricing_core\tax_enriched_ashkelon_3room_36m.json,623,small_area_45_80,,2026-02-23,אשקלון,אזור תעשיה צפוני,ניר עוז 14,,3.0,79.0,,,,דירה בבית קומות,,,11380.0,,,,"{""dedupeKey"": ""1196-79-198:2026-02-23:899000"", ""dealDate"": ""2026-02-23"", ""dealAmount"": ""899000"", ""pricePerSqm"": ""11380"", ""address"": ""ניר עוז 14"", ""cityName"": ""אשקלון"", ""neighborhoodName"": ""אזור תעשיה צפוני"", ""rooms"": ""3"", ""floor"": ""שביעית"", ""area"": ""79"", ""propertyType"": ""דירה בבית קומות"", ""gush"": ""1196"", ""helka"": ""79"", ""tatHelka"": ""198"", ""parcelNum"": ""1196-79-198"", ""assetId"": ""11345064660"", ""scrapedAt"": ""2026-09-05T16:18:44.173Z""}"
sold,C:\Users\AVIV\gaba\gabay_pricing_core\tax_enriched_ashkelon_3room_36m.json,629,small_area_45_80,,2026-02-23,אשקלון,,היינן 17,,3.0,80.0,,,,,,,21087.0,,,,"{""dedupeKey"": ""362-99-54:2026-02-23:1686980"", ""dealDate"": ""2026-02-23"", ""dealAmount"": ""1686980"", ""pricePerSqm"": ""21087"", ""address"": ""היינן 17"", ""cityName"": ""אשקלון"", ""rooms"": ""3"", ""floor"": ""שלישית"", ""area"": ""80"", ""gush"": ""362"", ""helka"": ""99"", ""tatHelka"": ""54"", ""parcelNum"": ""362-99-54"", ""assetId"": ""11352605531"", ""scrapedAt"": ""2026-09-05T16:18:44.173Z""}"
sold,C:\Users\AVIV\gaba\gabay_pricing_core\tax_enriched_ashkelon_3room_36m.json,630,small_area_45_80,,2026-02-23,אשקלון,שקמים,אפרים צור 26,,3.0,49.0,,,,דירה בבית קומות,,,17143.0,,,,"{""dedupeKey"": ""1965-40-2:2026-02-23:840000"", ""dealDate"": ""2026-02-23"", ""dealAmount"": ""840000"", ""pricePerSqm"": ""17143"", ""address"": ""אפרים צור 26"", ""cityName"": ""אשקלון"", ""neighborhoodName"": ""שקמים"", ""rooms"": ""3"", ""floor"": ""ראשונה"", ""area"": ""49"", ""propertyType"": ""דירה בבית קומות"", ""gush"": ""1965"", ""helka"": ""40"", ""tatHelka"": ""2"", ""parcelNum"": ""1965-40-2"", ""assetId"": ""11345399730"", ""scrapedAt"": ""2026-09-05T16:18:44.173Z""}"
sold,C:\Users\AVIV\gaba\gabay_pricing_core\tax_enriched_ashkelon_3room_36m.json,631,small_area_45_80,,2026-02-23,אשקלון,נווה אלונים,שפירא 15,,3.0,63.0,,,,דירה בבית קומות,,,21429.0,,,,"{""dedupeKey"": ""3019-2-4:2026-02-23:1350000"", ""dealDate"": ""2026-02-23"", ""dealAmount"": ""1350000"", ""pricePerSqm"": ""21429"", ""address"": ""שפירא 15"", ""cityName"": ""אשקלון"", ""neighborhoodName"": ""נווה אלונים"", ""rooms"": ""3"", ""floor"": ""ראשונה"", ""area"": ""63"", ""propertyType"": ""דירה בבית קומות"", ""gush"": ""3019"", ""helka"": ""2"", ""tatHelka"": ""4"", ""parcelNum"": ""3019-2-4"", ""assetId"": ""11345222070"", ""scrapedAt"": ""2026-09-05T16:18:44.173Z""}"
sold,C:\Users\AVIV\gaba\gabay_pricing_core\tax_enriched_ashkelon_3room_36m.json,632,small_area_45_80,,2026-02-22,אשקלון,שקמים,יוספטל 5,,3.0,49.0,,,,דירה בבית קומות,,,16531.0,,,,"{""dedupeKey"": ""1965-21-22:2026-02-22:810000"", ""dealDate"": ""2026-02-22"", ""dealAmount"": ""810000"", ""pricePerSqm"": ""16531"", ""address"": ""יוספטל 5"", ""cityName"": ""אשקלון"", ""neighborhoodName"": ""שקמים"", ""rooms"": ""3"", ""floor"": ""שלישית"", ""area"": ""49"", ""propertyType"": ""דירה בבית קומות"", ""gush"": ""1965"", ""helka"": ""21"", ""tatHelka"": ""22"", ""parcelNum"": ""1965-21-22"", ""assetId"": ""11345395950"", ""scrapedAt"": ""2026-09-05T16:18:44.173Z""}"
sold,C:\Users\AVIV\gaba\gabay_pricing_core\tax_enriched_ashkelon_3room_36m.json,633,small_area_45_80,,2026-02-22,אשקלון,גולדה,אבשלום חביב 7,,3.0,68.0,,,,דירה בבית קומות,,,14926.0,,,,"{""dedupeKey"": ""3013-2-3:2026-02-22:1015000"", ""dealDate"": ""2026-02-22"", ""dealAmount"": ""1015000"", ""pricePerSqm"": ""14926"", ""address"": ""אבשלום חביב 7"", ""cityName"": ""אשקלון"", ""neighborhoodName"": ""גולדה"", ""rooms"": ""3"", ""floor"": ""ראשונה"", ""area"": ""68"", ""propertyType"": ""דירה בבית קומות"", ""gush"": ""3013"", ""helka"": ""2"", ""tatHelka"": ""3"", ""parcelNum"": ""3013-2-3"", ""assetId"": ""11346555060"", ""scrapedAt"": ""2026-09-05T16:18:44.173Z""}"
sold,C:\Users\AVIV\gaba\gabay_pricing_core\tax_enriched_ashkelon_3room_36m.json,634,small_area_45_80,,2026-02-22,אשקלון,שקמים,קורצ'אק 4,,3.0,50.0,,,,דירה בבית קומות,,,15400.0,,,,"{""dedupeKey"": ""1996-109-24:2026-02-22:770000"", ""dealDate"": ""2026-02-22"", ""dealAmount"": ""770000"", ""pricePerSqm"": ""15400"", ""address"": ""קורצ'אק 4"", ""cityName"": ""אשקלון"", ""neighborhoodName"": ""שקמים"", ""rooms"": ""3"", ""floor"": ""שלישית"", ""area"": ""50"", ""propertyType"": ""דירה בבית קומות"", ""gush"": ""1996"", ""helka"": ""109"", ""tatHelka"": ""24"", ""parcelNum"": ""1996-109-24"", ""assetId"": ""11345938020"", ""scrapedAt"": ""2026-09-05T16:18:44.173Z""}"
sold,C:\Users\AVIV\gaba\gabay_pricing_core\tax_enriched_ashkelon_3room_36m.json,635,small_area_45_80,,2026-02-22,אשקלון,בן גוריון,טשרניחובסקי 8,,3.0,69.0,,,,דירה בבית קומות,,,13768.0,,,,"{""dedupeKey"": ""1964-67-10:2026-02-22:950000"", ""dealDate"": ""2026-02-22"", ""dealAmount"": ""950000"", ""pricePerSqm"": ""13768"", ""address"": ""טשרניחובסקי 8"", ""cityName"": ""אשקלון"", ""neighborhoodName"": ""בן גוריון"", ""rooms"": ""3"", ""floor"": ""שניה"", ""area"": ""69"", ""propertyType"": ""דירה בבית קומות"", ""gush"": ""1964"", ""helka"": ""67"", ""tatHelka"": ""10"", ""parcelNum"": ""1964-67-10"", ""assetId"": ""11349121590"", ""scrapedAt"": ""2026-09-05T16:18:44.173Z""}"
sold,C:\Users\AVIV\gaba\gabay_pricing_core\tax_enriched_ashkelon_3room_36m.json,636,small_area_45_80,,2026-02-22,אשקלון,כוכב הצפון,"רמב""ם 40",,3.0,66.0,,,,דירה בבית קומות,,,17045.0,,,,"{""dedupeKey"": ""2880-2-2:2026-02-22:1125000"", ""dealDate"": ""2026-02-22"", ""dealAmount"": ""1125000"", ""pricePerSqm"": ""17045"", ""address"": ""רמב\""ם 40"", ""cityName"": ""אשקלון"", ""neighborhoodName"": ""כוכב הצפון"", ""rooms"": ""3"", ""floor"": ""רביעית"", ""area"": ""66"", ""propertyType"": ""דירה בבית קומות"", ""gush"": ""2880"", ""helka"": ""2"", ""tatHelka"": ""2"", ""parcelNum"": ""2880-2-2"", ""assetId"": ""11345258610"", ""scrapedAt"": ""2026-09-05T16:18:44.173Z""}"
sold,C:\Users\AVIV\gaba\gabay_pricing_core\tax_enriched_ashkelon_3room_36m.json,637,small_area_45_80,,2026-02-22,אשקלון,אזור תעשיה צפוני,ניר עוז 14,,3.0,78.0,,,,,,,11658.0,,,,"{""dedupeKey"": ""1196-79-49:2026-02-22:909316"", ""dealDate"": ""2026-02-22"", ""dealAmount"": ""909316"", ""pricePerSqm"": ""11658"", ""address"": ""ניר עוז 14"", ""cityName"": ""אשקלון"", ""neighborhoodName"": ""אזור תעשיה צפוני"", ""rooms"": ""3"", ""floor"": ""תשיעית"", ""area"": ""78"", ""gush"": ""1196"", ""helka"": ""79"", ""tatHelka"": ""49"", ""parcelNum"": ""1196-79-49"", ""assetId"": ""11352529682"", ""scrapedAt"": ""2026-09-05T16:18:44.173Z""}"
sold,C:\Users\AVIV\gaba\gabay_pricing_core\tax_enriched_ashkelon_3room_36m.json,640,small_area_45_80,,2026-02-22,אשקלון,אזור תעשיה צפוני,ניר עוז 14,,3.0,80.0,,,,,,,10518.0,,,,"{""dedupeKey"": ""1196-79-45:2026-02-22:841405"", ""dealDate"": ""2026-02-22"", ""dealAmount"": ""841405"", ""pricePerSqm"": ""10518"", ""address"": ""ניר עוז 14"", ""cityName"": ""אשקלון"", ""neighborhoodName"": ""אזור תעשיה צפוני"", ""rooms"": ""3"", ""floor"": ""שניה"", ""area"": ""80"", ""gush"": ""1196"", ""helka"": ""79"", ""tatHelka"": ""45"", ""parcelNum"": ""1196-79-45"", ""assetId"": ""11352529678"", ""scrapedAt"": ""2026-09-05T16:18:44.173Z""}"
sold,C:\Users\AVIV\gaba\gabay_pricing_core\tax_enriched_ashkelon_3room_36m.json,642,small_area_45_80,,2026-02-22,אשקלון,אזור תעשיה צפוני,ניר עוז 14,,3.0,79.0,,,,,,,11385.0,,,,"{""dedupeKey"": ""1196-79-47:2026-02-22:899383"", ""dealDate"": ""2026-02-22"", ""dealAmount"": ""899383"", ""pricePerSqm"": ""11385"", ""address"": ""ניר עוז 14"", ""cityName"": ""אשקלון"", ""neighborhoodName"": ""אזור תעשיה צפוני"", ""rooms"": ""3"", ""floor"": ""שביעית"", ""area"": ""79"", ""gush"": ""1196"", ""helka"": ""79"", ""tatHelka"": ""47"", ""parcelNum"": ""1196-79-47"", ""assetId"": ""11352529680"", ""scrapedAt"": ""2026-09-05T16:18:44.173Z""}"
sold,C:\Users\AVIV\gaba\gabay_pricing_core\tax_enriched_ashkelon_3room_36m.json,646,small_area_45_80,,2026-02-19,אשקלון,בן גוריון,ביאליק 40,,3.0,50.0,,,,דירה בבית קומות,,,14400.0,,,,"{""dedupeKey"": ""1964-106-29:2026-02-19:720000"", ""dealDate"": ""2026-02-19"", ""dealAmount"": ""720000"", ""pricePerSqm"": ""14400"", ""address"": ""ביאליק 40"", ""cityName"": ""אשקלון"", ""neighborhoodName"": ""בן גוריון"", ""rooms"": ""3"", ""floor"": ""שניה"", ""area"": ""50"", ""propertyType"": ""דירה בבית קומות"", ""gush"": ""1964"", ""helka"": ""106"", ""tatHelka"": ""29"", ""parcelNum"": ""1964-106-29"", ""assetId"": ""11346517800"", ""scrapedAt"": ""2026-09-05T16:18:44.173Z""}"
sold,C:\Users\AVIV\gaba\gabay_pricing_core\tax_enriched_ashkelon_3room_36m.json,649,small_area_45_80,,2026-02-19,אשקלון,נווה אלונים,שפירא 21,,3.0,69.0,,,,דירה בבית קומות,,,13551.0,,,,"{""dedupeKey"": ""3020-3-14:2026-02-19:935000"", ""dealDate"": ""2026-02-19"", ""dealAmount"": ""935000"", ""pricePerSqm"": ""13551"", ""address"": ""שפירא 21"", ""cityName"": ""אשקלון"", ""neighborhoodName"": ""נווה אלונים"", ""rooms"": ""3"", ""floor"": ""רביעית"", ""area"": ""69"", ""propertyType"": ""דירה בבית קומות"", ""gush"": ""3020"", ""helka"": ""3"", ""tatHelka"": ""14"", ""parcelNum"": ""3020-3-14"", ""assetId"": ""11346061860"", ""scrapedAt"": ""2026-09-05T16:18:44.173Z""}"
sold,C:\Users\AVIV\gaba\gabay_pricing_core\tax_enriched_ashkelon_3room_36m.json,650,small_area_45_80,,2026-02-18,אשקלון,גן הורדים,,,3.0,68.0,,,,דירה בבית קומות,,,17500.0,,,,"{""dedupeKey"": ""2391-24-55:2026-02-18:1190000"", ""dealDate"": ""2026-02-18"", ""dealAmount"": ""1190000"", ""pricePerSqm"": ""17500"", ""cityName"": ""אשקלון"", ""neighborhoodName"": ""גן הורדים"", ""rooms"": ""3"", ""floor"": ""שניה"", ""area"": ""68"", ""propertyType"": ""דירה בבית קומות"", ""gush"": ""2391"", ""helka"": ""24"", ""tatHelka"": ""55"", ""parcelNum"": ""2391-24-55"", ""assetId"": ""11345072850"", ""scrapedAt"": ""2026-09-05T16:18:44.173Z""}"
sold,C:\Users\AVIV\gaba\gabay_pricing_core\tax_enriched_ashkelon_3room_36m.json,651,small_area_45_80,,2026-02-18,אשקלון,כוכב הצפון,,,3.0,67.0,,,,דירה בבית קומות,False,,16418.0,,,,"{""dedupeKey"": ""2880-15-1:2026-02-18:1100000"", ""dealDate"": ""2026-02-18"", ""dealAmount"": ""1100000"", ""pricePerSqm"": ""16418"", ""cityName"": ""אשקלון"", ""neighborhoodName"": ""כוכב הצפון"", ""rooms"": ""3"", ""floor"": ""ראשונה"", ""area"": ""67"", ""propertyType"": ""דירה בבית קומות"", ""isFirstHand"": ""False"", ""gush"": ""2880"", ""helka"": ""15"", ""tatHelka"": ""1"", ""parcelNum"": ""2880-15-1"", ""assetId"": ""11344852530"", ""scrapedAt"": ""2026-09-05T16:18:44.173Z""}"
sold,C:\Users\AVIV\gaba\gabay_pricing_core\tax_enriched_ashkelon_3room_36m.json,652,small_area_45_80,,2026-02-18,אשקלון,נווה אלונים,שפירא 3,,3.0,65.0,,,,דירה בבית קומות,,,15077.0,,,,"{""dedupeKey"": ""3019-54-4:2026-02-18:980000"", ""dealDate"": ""2026-02-18"", ""dealAmount"": ""980000"", ""pricePerSqm"": ""15077"", ""address"": ""שפירא 3"", ""cityName"": ""אשקלון"", ""neighborhoodName"": ""נווה אלונים"", ""rooms"": ""3"", ""floor"": ""ראשונה"", ""area"": ""65"", ""propertyType"": ""דירה בבית קומות"", ""gush"": ""3019"", ""helka"": ""54"", ""tatHelka"": ""4"", ""parcelNum"": ""3019-54-4"", ""assetId"": ""11346318000"", ""scrapedAt"": ""2026-09-05T16:18:44.173Z""}"
sold,C:\Users\AVIV\gaba\gabay_pricing_core\tax_enriched_ashkelon_3room_36m.json,654,small_area_45_80,,2026-02-17,אשקלון,נווה אילן,לכיש 10,,3.0,73.0,,,,דירה בבית קומות,False,,22123.0,,,,"{""dedupeKey"": ""2508-10-13:2026-02-17:1615000"", ""dealDate"": ""2026-02-17"", ""dealAmount"": ""1615000"", ""pricePerSqm"": ""22123"", ""address"": ""לכיש 10"", ""cityName"": ""אשקלון"", ""neighborhoodName"": ""נווה אילן"", ""rooms"": ""3"", ""floor"": ""קרקע"", ""area"": ""73"", ""propertyType"": ""דירה בבית קומות"", ""isFirstHand"": ""False"", ""gush"": ""2508"", ""helka"": ""10"", ""tatHelka"": ""13"", ""parcelNum"": ""2508-10-13"", ""assetId"": ""11345060970"", ""scrapedAt"": ""2026-09-05T16:18:44.173Z""}"
sold,C:\Users\AVIV\gaba\gabay_pricing_core\tax_enriched_ashkelon_3room_36m.json,655,small_area_45_80,,2026-02-17,אשקלון,נווה הדרים,העונות 2,,3.0,67.0,,,,דירה בבית קומות,,,19403.0,,,,"{""dedupeKey"": ""2856-42-236:2026-02-17:1300000"", ""dealDate"": ""2026-02-17"", ""dealAmount"": ""1300000"", ""pricePerSqm"": ""19403"", ""address"": ""העונות 2"", ""cityName"": ""אשקלון"", ""neighborhoodName"": ""נווה הדרים"", ""rooms"": ""3"", ""floor"": ""שמינית"", ""area"": ""67"", ""propertyType"": ""דירה בבית קומות"", ""gush"": ""2856"", ""helka"": ""42"", ""tatHelka"": ""236"", ""parcelNum"": ""2856-42-236"", ""assetId"": ""11347212060"", ""scrapedAt"": ""2026-09-05T16:18:44.173Z""}"
sold,C:\Users\AVIV\gaba\gabay_pricing_core\tax_enriched_ashkelon_3room_36m.json,656,small_area_45_80,,2026-02-16,אשקלון,אזור תעשיה צפוני,ניר עוז 14,,3.0,78.0,,,,דירה בבית קומות,,,11628.0,,,,"{""dedupeKey"": ""1196-79-207:2026-02-16:907000"", ""dealDate"": ""2026-02-16"", ""dealAmount"": ""907000"", ""pricePerSqm"": ""11628"", ""address"": ""ניר עוז 14"", ""cityName"": ""אשקלון"", ""neighborhoodName"": ""אזור תעשיה צפוני"", ""rooms"": ""3"", ""floor"": ""שניה"", ""area"": ""78"", ""propertyType"": ""דירה בבית קומות"", ""gush"": ""1196"", ""helka"": ""79"", ""tatHelka"": ""207"", ""parcelNum"": ""1196-79-207"", ""assetId"": ""11344550940"", ""scrapedAt"": ""2026-09-05T16:18:44.173Z""}"
sold,C:\Users\AVIV\gaba\gabay_pricing_core\tax_enriched_ashkelon_3room_36m.json,658,small_area_45_80,,2026-02-16,אשקלון,,היינן 17,,3.0,80.0,,,,דירה בבית קומות,,,11450.0,,,,"{""dedupeKey"": ""362-99-58:2026-02-16:916000"", ""dealDate"": ""2026-02-16"", ""dealAmount"": ""916000"", ""pricePerSqm"": ""11450"", ""address"": ""היינן 17"", ""cityName"": ""אשקלון"", ""rooms"": ""3"", ""floor"": ""שלישית"", ""area"": ""80"", ""propertyType"": ""דירה בבית קומות"", ""gush"": ""362"", ""helka"": ""99"", ""tatHelka"": ""58"", ""parcelNum"": ""362-99-58"", ""assetId"": ""11346215490"", ""scrapedAt"": ""2026-09-05T16:18:44.173Z""}"
sold,C:\Users\AVIV\gaba\gabay_pricing_core\tax_enriched_ashkelon_3room_36m.json,659,small_area_45_80,,2026-02-16,אשקלון,אזור תעשיה צפוני,ניר עוז 14,,3.0,80.0,,,,דירה בבית קומות,,,10538.0,,,,"{""dedupeKey"": ""1196-79-207:2026-02-16:843000"", ""dealDate"": ""2026-02-16"", ""dealAmount"": ""843000"", ""pricePerSqm"": ""10538"", ""address"": ""ניר עוז 14"", ""cityName"": ""אשקלון"", ""neighborhoodName"": ""אזור תעשיה צפוני"", ""rooms"": ""3"", ""floor"": ""שניה"", ""area"": ""80"", ""propertyType"": ""דירה בבית קומות"", ""gush"": ""1196"", ""helka"": ""79"", ""tatHelka"": ""207"", ""parcelNum"": ""1196-79-207"", ""assetId"": ""11345683950"", ""scrapedAt"": ""2026-09-05T16:18:44.173Z""}"
sold,C:\Users\AVIV\gaba\gabay_pricing_core\tax_enriched_ashkelon_3room_36m.json,660,small_area_45_80,,2026-02-16,אשקלון,אפרידר,בר כוכבא 21,,3.0,69.0,,,,דירה בבית קומות,,,14493.0,,,,"{""dedupeKey"": ""2871-96-13:2026-02-16:1000000"", ""dealDate"": ""2026-02-16"", ""dealAmount"": ""1000000"", ""pricePerSqm"": ""14493"", ""address"": ""בר כוכבא 21"", ""cityName"": ""אשקלון"", ""neighborhoodName"": ""אפרידר"", ""rooms"": ""3"", ""floor"": ""רביעית"", ""area"": ""69"", ""propertyType"": ""דירה בבית קומות"", ""gush"": ""2871"", ""helka"": ""96"", ""tatHelka"": ""13"", ""parcelNum"": ""2871-96-13"", ""assetId"": ""11346226020"", ""scrapedAt"": ""2026-09-05T16:18:44.173Z""}"
sold,C:\Users\AVIV\gaba\gabay_pricing_core\tax_enriched_ashkelon_3room_36m.json,661,small_area_45_80,,2026-02-16,אשקלון,שקמים,אפרים צור 48,,3.0,50.0,,,,דירה בבית קומות,,,13400.0,,,,"{""dedupeKey"": ""1965-24-4:2026-02-16:670000"", ""dealDate"": ""2026-02-16"", ""dealAmount"": ""670000"", ""pricePerSqm"": ""13400"", ""address"": ""אפרים צור 48"", ""cityName"": ""אשקלון"", ""neighborhoodName"": ""שקמים"", ""rooms"": ""3"", ""floor"": ""ראשונה"", ""area"": ""50"", ""propertyType"": ""דירה בבית קומות"", ""gush"": ""1965"", ""helka"": ""24"", ""tatHelka"": ""4"", ""parcelNum"": ""1965-24-4"", ""assetId"": ""11345330610"", ""scrapedAt"": ""2026-09-05T16:18:44.173Z""}"
sold,C:\Users\AVIV\gaba\gabay_pricing_core\tax_enriched_ashkelon_3room_36m.json,662,small_area_45_80,,2026-02-16,אשקלון,אפרידר,בר כוכבא 27,,3.0,76.0,,,,דירה בבית קומות,,,15526.0,,,,"{""dedupeKey"": ""2871-97-18:2026-02-16:1180000"", ""dealDate"": ""2026-02-16"", ""dealAmount"": ""1180000"", ""pricePerSqm"": ""15526"", ""address"": ""בר כוכבא 27"", ""cityName"": ""אשקלון"", ""neighborhoodName"": ""אפרידר"", ""rooms"": ""3"", ""floor"": ""חמישית"", ""area"": ""76"", ""propertyType"": ""דירה בבית קומות"", ""gush"": ""2871"", ""helka"": ""97"", ""tatHelka"": ""18"", ""parcelNum"": ""2871-97-18"", ""assetId"": ""11344475250"", ""scrapedAt"": ""2026-09-05T16:18:44.173Z""}"
sold,C:\Users\AVIV\gaba\gabay_pricing_core\tax_enriched_ashkelon_3room_36m.json,666,small_area_45_80,,2026-02-15,אשקלון,אזור תעשיה צפוני,ניר עוז 14,,3.0,78.0,,,,,,,11581.0,,,,"{""dedupeKey"": ""1196-79-31:2026-02-15:903327"", ""dealDate"": ""2026-02-15"", ""dealAmount"": ""903327"", ""pricePerSqm"": ""11581"", ""address"": ""ניר עוז 14"", ""cityName"": ""אשקלון"", ""neighborhoodName"": ""אזור תעשיה צפוני"", ""rooms"": ""3"", ""floor"": ""שביעית"", ""area"": ""78"", ""gush"": ""1196"", ""helka"": ""79"", ""tatHelka"": ""31"", ""parcelNum"": ""1196-79-31"", ""assetId"": ""11352529665"", ""scrapedAt"": ""2026-09-05T16:18:44.173Z""}"
sold,C:\Users\AVIV\gaba\gabay_pricing_core\tax_enriched_ashkelon_3room_36m.json,667,small_area_45_80,,2026-02-15,אשקלון,אזור תעשיה צפוני,ניר עוז 14,,3.0,80.0,,,,,,,10546.0,,,,"{""dedupeKey"": ""1196-79-29:2026-02-15:843713"", ""dealDate"": ""2026-02-15"", ""dealAmount"": ""843713"", ""pricePerSqm"": ""10546"", ""address"": ""ניר עוז 14"", ""cityName"": ""אשקלון"", ""neighborhoodName"": ""אזור תעשיה צפוני"", ""rooms"": ""3"", ""floor"": ""רביעית"", ""area"": ""80"", ""gush"": ""1196"", ""helka"": ""79"", ""tatHelka"": ""29"", ""parcelNum"": ""1196-79-29"", ""assetId"": ""11352529662"", ""scrapedAt"": ""2026-09-05T16:18:44.173Z""}"
sold,C:\Users\AVIV\gaba\gabay_pricing_core\tax_enriched_ashkelon_3room_36m.json,669,small_area_45_80,,2026-02-15,אשקלון,בן גוריון,ההסתדרות 25,,3.0,48.0,,,,דירה בבית קומות,,,18646.0,,,,"{""dedupeKey"": ""1962-6-5:2026-02-15:895000"", ""dealDate"": ""2026-02-15"", ""dealAmount"": ""895000"", ""pricePerSqm"": ""18646"", ""address"": ""ההסתדרות 25"", ""cityName"": ""אשקלון"", ""neighborhoodName"": ""בן גוריון"", ""rooms"": ""3"", ""floor"": ""ראשונה"", ""area"": ""48"", ""propertyType"": ""דירה בבית קומות"", ""gush"": ""1962"", ""helka"": ""6"", ""tatHelka"": ""5"", ""parcelNum"": ""1962-6-5"", ""assetId"": ""11344586580"", ""scrapedAt"": ""2026-09-05T16:18:44.173Z""}"
sold,C:\Users\AVIV\gaba\gabay_pricing_core\tax_enriched_ashkelon_3room_36m.json,670,small_area_45_80,,2026-02-15,אשקלון,בן גוריון,יהודה הלוי 3,,3.0,46.0,,,,דירה בבית קומות,,,22174.0,,,,"{""dedupeKey"": ""1964-102-5:2026-02-15:1020000"", ""dealDate"": ""2026-02-15"", ""dealAmount"": ""1020000"", ""pricePerSqm"": ""22174"", ""address"": ""יהודה הלוי 3"", ""cityName"": ""אשקלון"", ""neighborhoodName"": ""בן גוריון"", ""rooms"": ""3"", ""floor"": ""שניה"", ""area"": ""46"", ""propertyType"": ""דירה בבית קומות"", ""gush"": ""1964"", ""helka"": ""102"", ""tatHelka"": ""5"", ""parcelNum"": ""1964-102-5"", ""assetId"": ""11345041710"", ""scrapedAt"": ""2026-09-05T16:18:44.173Z""}"
sold,C:\Users\AVIV\gaba\gabay_pricing_core\tax_enriched_ashkelon_3room_36m.json,671,small_area_45_80,,2026-02-15,אשקלון,מתחם מ-7,דרך הים 31,,3.0,79.0,,,,דירה בבית קומות,,,10089.0,,,,"{""dedupeKey"": ""370-40-193:2026-02-15:797000"", ""dealDate"": ""2026-02-15"", ""dealAmount"": ""797000"", ""pricePerSqm"": ""10089"", ""address"": ""דרך הים 31"", ""cityName"": ""אשקלון"", ""neighborhoodName"": ""מתחם מ-7"", ""rooms"": ""3"", ""floor"": ""שלישית"", ""area"": ""79"", ""propertyType"": ""דירה בבית קומות"", ""gush"": ""370"", ""helka"": ""40"", ""tatHelka"": ""193"", ""parcelNum"": ""370-40-193"", ""assetId"": ""11344296330"", ""scrapedAt"": ""2026-09-05T16:18:44.173Z""}"
sold,C:\Users\AVIV\gaba\gabay_pricing_core\tax_enriched_ashkelon_3room_36m.json,673,small_area_45_80,,2026-02-15,אשקלון,רמת אשכול,הרב יוסף קארו 285,,3.0,73.0,,,,דירה בבית קומות,,,16575.0,,,,"{""dedupeKey"": ""2383-31-7:2026-02-15:1210000"", ""dealDate"": ""2026-02-15"", ""dealAmount"": ""1210000"", ""pricePerSqm"": ""16575"", ""address"": ""הרב יוסף קארו 285"", ""cityName"": ""אשקלון"", ""neighborhoodName"": ""רמת אשכול"", ""rooms"": ""3"", ""floor"": ""שניה"", ""area"": ""73"", ""propertyType"": ""דירה בבית קומות"", ""gush"": ""2383"", ""helka"": ""31"", ""tatHelka"": ""7"", ""parcelNum"": ""2383-31-7"", ""assetId"": ""11345587380"", ""scrapedAt"": ""2026-09-05T16:18:44.173Z""}"
sold,C:\Users\AVIV\gaba\gabay_pricing_core\tax_enriched_ashkelon_3room_36m.json,674,small_area_45_80,,2026-02-15,אשקלון,כוכב הצפון,אנה פרנק 12,,3.0,64.0,,,,דירה בבית קומות,,,16094.0,,,,"{""dedupeKey"": ""2879-8-4:2026-02-15:1030000"", ""dealDate"": ""2026-02-15"", ""dealAmount"": ""1030000"", ""pricePerSqm"": ""16094"", ""address"": ""אנה פרנק 12"", ""cityName"": ""אשקלון"", ""neighborhoodName"": ""כוכב הצפון"", ""rooms"": ""3"", ""floor"": ""ראשונה"", ""area"": ""64"", ""propertyType"": ""דירה בבית קומות"", ""gush"": ""2879"", ""helka"": ""8"", ""tatHelka"": ""4"", ""parcelNum"": ""2879-8-4"", ""assetId"": ""11344905090"", ""scrapedAt"": ""2026-09-05T16:18:44.173Z""}"
sold,C:\Users\AVIV\gaba\gabay_pricing_core\tax_enriched_ashkelon_3room_36m.json,677,small_area_45_80,,2026-02-14,אשקלון,מתחם מ-7,דרך הים 31,,3.0,79.0,,,,,,,10099.0,,,,"{""dedupeKey"": ""370-40-190:2026-02-14:797859"", ""dealDate"": ""2026-02-14"", ""dealAmount"": ""797859"", ""pricePerSqm"": ""10099"", ""address"": ""דרך הים 31"", ""cityName"": ""אשקלון"", ""neighborhoodName"": ""מתחם מ-7"", ""rooms"": ""3"", ""floor"": ""שלישית"", ""area"": ""79"", ""gush"": ""370"", ""helka"": ""40"", ""tatHelka"": ""190"", ""parcelNum"": ""370-40-190"", ""assetId"": ""11352611072"", ""scrapedAt"": ""2026-09-05T16:18:44.173Z""}"
sold,C:\Users\AVIV\gaba\gabay_pricing_core\tax_enriched_ashkelon_3room_36m.json,678,small_area_45_80,,2026-02-13,אשקלון,נווה הדרים,העונות 2,,3.0,67.0,,,,דירה בבית קומות,,,17761.0,,,,"{""dedupeKey"": ""2856-42-12:2026-02-13:1190000"", ""dealDate"": ""2026-02-13"", ""dealAmount"": ""1190000"", ""pricePerSqm"": ""17761"", ""address"": ""העונות 2"", ""cityName"": ""אשקלון"", ""neighborhoodName"": ""נווה הדרים"", ""rooms"": ""3"", ""floor"": ""ראשונה"", ""area"": ""67"", ""propertyType"": ""דירה בבית קומות"", ""gush"": ""2856"", ""helka"": ""42"", ""tatHelka"": ""12"", ""parcelNum"": ""2856-42-12"", ""assetId"": ""11344190760"", ""scrapedAt"": ""2026-09-05T16:18:44.173Z""}"
sold,C:\Users\AVIV\gaba\gabay_pricing_core\tax_enriched_ashkelon_3room_36m.json,680,small_area_45_80,,2026-02-12,אשקלון,שקמים,אליעזר מילרוד 26,,3.0,50.0,,,,דירה בבית קומות,,,13600.0,,,,"{""dedupeKey"": ""1997-13-20:2026-02-12:680000"", ""dealDate"": ""2026-02-12"", ""dealAmount"": ""680000"", ""pricePerSqm"": ""13600"", ""address"": ""אליעזר מילרוד 26"", ""cityName"": ""אשקלון"", ""neighborhoodName"": ""שקמים"", ""rooms"": ""3"", ""floor"": ""רביעית"", ""area"": ""50"", ""propertyType"": ""דירה בבית קומות"", ""gush"": ""1997"", ""helka"": ""13"", ""tatHelka"": ""20"", ""parcelNum"": ""1997-13-20"", ""assetId"": ""11344068180"", ""scrapedAt"": ""2026-09-05T16:18:44.173Z""}"
sold,C:\Users\AVIV\gaba\gabay_pricing_core\tax_enriched_ashkelon_3room_36m.json,681,small_area_45_80,,2026-02-12,אשקלון,נווה אילן,מגידו 8,,3.0,68.0,,,,דירה בבית קומות,,,10809.0,,,,"{""dedupeKey"": ""2507-11-1:2026-02-12:735000"", ""dealDate"": ""2026-02-12"", ""dealAmount"": ""735000"", ""pricePerSqm"": ""10809"", ""address"": ""מגידו 8"", ""cityName"": ""אשקלון"", ""neighborhoodName"": ""נווה אילן"", ""rooms"": ""3"", ""floor"": ""קרקע"", ""area"": ""68"", ""propertyType"": ""דירה בבית קומות"", ""gush"": ""2507"", ""helka"": ""11"", ""tatHelka"": ""1"", ""parcelNum"": ""2507-11-1"", ""assetId"": ""11344458870"", ""scrapedAt"": ""2026-09-05T16:18:44.173Z""}"
sold,C:\Users\AVIV\gaba\gabay_pricing_core\tax_enriched_ashkelon_3room_36m.json,684,small_area_45_80,,2026-02-12,אשקלון,גבעת ציון,התחייה 22,,3.0,51.0,,,,דירה בבית קומות,,,23529.0,,,,"{""dedupeKey"": ""1207-158-7:2026-02-12:1200000"", ""dealDate"": ""2026-02-12"", ""dealAmount"": ""1200000"", ""pricePerSqm"": ""23529"", ""address"": ""התחייה 22"", ""cityName"": ""אשקלון"", ""neighborhoodName"": ""גבעת ציון"", ""rooms"": ""3"", ""floor"": ""ראשונה"", ""area"": ""51"", ""propertyType"": ""דירה בבית קומות"", ""gush"": ""1207"", ""helka"": ""158"", ""tatHelka"": ""7"", ""parcelNum"": ""1207-158-7"", ""assetId"": ""11345800500"", ""scrapedAt"": ""2026-09-05T16:18:44.173Z""}"
sold,C:\Users\AVIV\gaba\gabay_pricing_core\tax_enriched_ashkelon_3room_36m.json,691,small_area_45_80,,2026-02-09,אשקלון,אזור תעשיה צפוני,ניר עוז 14,,3.0,78.0,,,,דירה בבית קומות,,,11590.0,,,,"{""dedupeKey"": ""1196-79-226:2026-02-09:904000"", ""dealDate"": ""2026-02-09"", ""dealAmount"": ""904000"", ""pricePerSqm"": ""11590"", ""address"": ""ניר עוז 14"", ""cityName"": ""אשקלון"", ""neighborhoodName"": ""אזור תעשיה צפוני"", ""rooms"": ""3"", ""floor"": ""רביעית"", ""area"": ""78"", ""propertyType"": ""דירה בבית קומות"", ""gush"": ""1196"", ""helka"": ""79"", ""tatHelka"": ""226"", ""parcelNum"": ""1196-79-226"", ""assetId"": ""11344360140"", ""scrapedAt"": ""2026-09-05T16:18:44.173Z""}"
sold,C:\Users\AVIV\gaba\gabay_pricing_core\tax_enriched_ashkelon_3room_36m.json,693,small_area_45_80,,2026-02-09,אשקלון,שקמים,יוספטל 5,,3.0,60.0,,,,דירה בבית קומות,,,12167.0,,,,"{""dedupeKey"": ""1965-21-11:2026-02-09:730000"", ""dealDate"": ""2026-02-09"", ""dealAmount"": ""730000"", ""pricePerSqm"": ""12167"", ""address"": ""יוספטל 5"", ""cityName"": ""אשקלון"", ""neighborhoodName"": ""שקמים"", ""rooms"": ""3"", ""floor"": ""שניה"", ""area"": ""60"", ""propertyType"": ""דירה בבית קומות"", ""gush"": ""1965"", ""helka"": ""21"", ""tatHelka"": ""11"", ""parcelNum"": ""1965-21-11"", ""assetId"": ""11343718620"", ""scrapedAt"": ""2026-09-05T16:18:44.173Z""}"
sold,C:\Users\AVIV\gaba\gabay_pricing_core\tax_enriched_ashkelon_3room_36m.json,696,small_area_45_80,,2026-02-09,אשקלון,אזור תעשיה צפוני,ניר עוז 14,,3.0,79.0,,,,דירה בבית קומות,,,11494.0,,,,"{""dedupeKey"": ""1196-79-226:2026-02-09:908000"", ""dealDate"": ""2026-02-09"", ""dealAmount"": ""908000"", ""pricePerSqm"": ""11494"", ""address"": ""ניר עוז 14"", ""cityName"": ""אשקלון"", ""neighborhoodName"": ""אזור תעשיה צפוני"", ""rooms"": ""3"", ""floor"": ""רביעית"", ""area"": ""79"", ""propertyType"": ""דירה בבית קומות"", ""gush"": ""1196"", ""helka"": ""79"", ""tatHelka"": ""226"", ""parcelNum"": ""1196-79-226"", ""assetId"": ""11344485600"", ""scrapedAt"": ""2026-09-05T16:18:44.173Z""}"
sold,C:\Users\AVIV\gaba\gabay_pricing_core\tax_enriched_ashkelon_3room_36m.json,699,small_area_45_80,,2026-02-09,אשקלון,נווה אילן,אלי כהן 44,,3.0,77.0,,,,דירה בבית קומות,,,7792.0,,,,"{""dedupeKey"": ""2508-27-159:2026-02-09:600000"", ""dealDate"": ""2026-02-09"", ""dealAmount"": ""600000"", ""pricePerSqm"": ""7792"", ""address"": ""אלי כהן 44"", ""cityName"": ""אשקלון"", ""neighborhoodName"": ""נווה אילן"", ""rooms"": ""3"", ""floor"": ""שביעית"", ""area"": ""77"", ""propertyType"": ""דירה בבית קומות"", ""gush"": ""2508"", ""helka"": ""27"", ""tatHelka"": ""159"", ""parcelNum"": ""2508-27-159"", ""assetId"": ""11343888630"", ""scrapedAt"": ""2026-09-05T16:18:44.173Z""}"
sold,C:\Users\AVIV\gaba\gabay_pricing_core\tax_enriched_ashkelon_3room_36m.json,700,small_area_45_80,,2026-02-08,אשקלון,מתחם מ-7,דרך הים 31,,3.0,79.0,,,,דירה בבית קומות,,,10051.0,,,,"{""dedupeKey"": ""370-40-194:2026-02-08:794000"", ""dealDate"": ""2026-02-08"", ""dealAmount"": ""794000"", ""pricePerSqm"": ""10051"", ""address"": ""דרך הים 31"", ""cityName"": ""אשקלון"", ""neighborhoodName"": ""מתחם מ-7"", ""rooms"": ""3"", ""floor"": ""שלישית"", ""area"": ""79"", ""propertyType"": ""דירה בבית קומות"", ""gush"": ""370"", ""helka"": ""40"", ""tatHelka"": ""194"", ""parcelNum"": ""370-40-194"", ""assetId"": ""11343999330"", ""scrapedAt"": ""2026-09-05T16:18:44.173Z""}"
sold,C:\Users\AVIV\gaba\gabay_pricing_core\tax_enriched_ashkelon_3room_36m.json,701,small_area_45_80,,2026-02-08,אשקלון,אזור תעשיה צפוני,ניר עוז 14,,3.0,78.0,,,,,,,11602.0,,,,"{""dedupeKey"": ""1196-79-8:2026-02-08:904980"", ""dealDate"": ""2026-02-08"", ""dealAmount"": ""904980"", ""pricePerSqm"": ""11602"", ""address"": ""ניר עוז 14"", ""cityName"": ""אשקלון"", ""neighborhoodName"": ""אזור תעשיה צפוני"", ""rooms"": ""3"", ""floor"": ""שמינית"", ""area"": ""78"", ""gush"": ""1196"", ""helka"": ""79"", ""tatHelka"": ""8"", ""parcelNum"": ""1196-79-8"", ""assetId"": ""11352529714"", ""scrapedAt"": ""2026-09-05T16:18:44.173Z""}"
sold,C:\Users\AVIV\gaba\gabay_pricing_core\tax_enriched_ashkelon_3room_36m.json,705,small_area_45_80,,2026-02-08,אשקלון,אזור תעשיה צפוני,ניר עוז 14,,3.0,79.0,,,,,,,11500.0,,,,"{""dedupeKey"": ""1196-79-9:2026-02-08:908464"", ""dealDate"": ""2026-02-08"", ""dealAmount"": ""908464"", ""pricePerSqm"": ""11500"", ""address"": ""ניר עוז 14"", ""cityName"": ""אשקלון"", ""neighborhoodName"": ""אזור תעשיה צפוני"", ""rooms"": ""3"", ""floor"": ""תשיעית"", ""area"": ""79"", ""gush"": ""1196"", ""helka"": ""79"", ""tatHelka"": ""9"", ""parcelNum"": ""1196-79-9"", ""assetId"": ""11352529725"", ""scrapedAt"": ""2026-09-05T16:18:44.173Z""}"
sold,C:\Users\AVIV\gaba\gabay_pricing_core\tax_enriched_ashkelon_3room_36m.json,707,small_area_45_80,,2026-02-08,אשקלון,נווה אלונים,משה יוליש 4,,3.0,66.0,,,,דירה בבית קומות,,,13788.0,,,,"{""dedupeKey"": ""3019-6-5:2026-02-08:910000"", ""dealDate"": ""2026-02-08"", ""dealAmount"": ""910000"", ""pricePerSqm"": ""13788"", ""address"": ""משה יוליש 4"", ""cityName"": ""אשקלון"", ""neighborhoodName"": ""נווה אלונים"", ""rooms"": ""3"", ""floor"": ""שלישית"", ""area"": ""66"", ""propertyType"": ""דירה בבית קומות"", ""gush"": ""3019"", ""helka"": ""6"", ""tatHelka"": ""5"", ""parcelNum"": ""3019-6-5"", ""assetId"": ""11347441560"", ""scrapedAt"": ""2026-09-05T16:18:44.173Z""}"
sold,C:\Users\AVIV\gaba\gabay_pricing_core\tax_enriched_ashkelon_3room_36m.json,708,small_area_45_80,,2026-02-08,אשקלון,האגמים,עינות צוקים 7,,3.0,71.0,,,,דירה בבית קומות,,,20563.0,,,,"{""dedupeKey"": ""2885-10-57:2026-02-08:1460000"", ""dealDate"": ""2026-02-08"", ""dealAmount"": ""1460000"", ""pricePerSqm"": ""20563"", ""address"": ""עינות צוקים 7"", ""cityName"": ""אשקלון"", ""neighborhoodName"": ""האגמים"", ""rooms"": ""3"", ""floor"": ""ראשונה"", ""area"": ""71"", ""propertyType"": ""דירה בבית קומות"", ""gush"": ""2885"", ""helka"": ""10"", ""tatHelka"": ""57"", ""parcelNum"": ""2885-10-57"", ""assetId"": ""11344272390"", ""scrapedAt"": ""2026-09-05T16:18:44.173Z""}"
sold,C:\Users\AVIV\gaba\gabay_pricing_core\tax_enriched_ashkelon_3room_36m.json,709,small_area_45_80,,2026-02-07,אשקלון,מתחם מ-7,דרך הים 31,,3.0,79.0,,,,,,,10057.0,,,,"{""dedupeKey"": ""370-40-189:2026-02-07:794468"", ""dealDate"": ""2026-02-07"", ""dealAmount"": ""794468"", ""pricePerSqm"": ""10057"", ""address"": ""דרך הים 31"", ""cityName"": ""אשקלון"", ""neighborhoodName"": ""מתחם מ-7"", ""rooms"": ""3"", ""floor"": ""שלישית"", ""area"": ""79"", ""gush"": ""370"", ""helka"": ""40"", ""tatHelka"": ""189"", ""parcelNum"": ""370-40-189"", ""assetId"": ""11352611071"", ""scrapedAt"": ""2026-09-05T16:18:44.173Z""}"
sold,C:\Users\AVIV\gaba\gabay_pricing_core\tax_enriched_ashkelon_3room_36m.json,712,small_area_45_80,,2026-02-03,אשקלון,נווה הדרים,העונות 2,,3.0,68.0,,,,דירה בבית קומות,,,19632.0,,,,"{""dedupeKey"": ""2856-42-127:2026-02-03:1335000"", ""dealDate"": ""2026-02-03"", ""dealAmount"": ""1335000"", ""pricePerSqm"": ""19632"", ""address"": ""העונות 2"", ""cityName"": ""אשקלון"", ""neighborhoodName"": ""נווה הדרים"", ""rooms"": ""3"", ""floor"": ""חמישית"", ""area"": ""68"", ""propertyType"": ""דירה בבית קומות"", ""gush"": ""2856"", ""helka"": ""42"", ""tatHelka"": ""127"", ""parcelNum"": ""2856-42-127"", ""assetId"": ""11343417210"", ""scrapedAt"": ""2026-09-05T16:18:44.173Z""}"
sold,C:\Users\AVIV\gaba\gabay_pricing_core\tax_enriched_ashkelon_3room_36m.json,713,small_area_45_80 | special_property_type,garden,2026-02-01,אשקלון,כוכב הצפון,אבן עזרא 61,,3.0,74.0,,0.0,,דירת גן,False,,20270.0,,,,"{""dedupeKey"": ""1201-120-1:2026-02-01:1500000"", ""dealDate"": ""2026-02-01"", ""dealAmount"": ""1500000"", ""pricePerSqm"": ""20270"", ""address"": ""אבן עזרא 61"", ""cityName"": ""אשקלון"", ""neighborhoodName"": ""כוכב הצפון"", ""rooms"": ""3"", ""floor"": ""קומה ‎0‏"", ""area"": ""74"", ""propertyType"": ""דירת גן"", ""isFirstHand"": ""False"", ""gush"": ""1201"", ""helka"": ""120"", ""tatHelka"": ""1"", ""parcelNum"": ""1201-120-1"", ""assetId"": ""11343479400"", ""scrapedAt"": ""2026-09-05T16:18:44.173Z""}"
sold,C:\Users\AVIV\gaba\gabay_pricing_core\tax_enriched_ashkelon_3room_36m.json,715,small_area_45_80,,2026-02-01,אשקלון,אפרידר,יוסף פינס 7,,3.0,80.0,,,,דירה בבית קומות,,,15000.0,,,,"{""dedupeKey"": ""1942-177-134:2026-02-01:1200000"", ""dealDate"": ""2026-02-01"", ""dealAmount"": ""1200000"", ""pricePerSqm"": ""15000"", ""address"": ""יוסף פינס 7"", ""cityName"": ""אשקלון"", ""neighborhoodName"": ""אפרידר"", ""rooms"": ""3"", ""floor"": ""שניה"", ""area"": ""80"", ""propertyType"": ""דירה בבית קומות"", ""gush"": ""1942"", ""helka"": ""177"", ""tatHelka"": ""134"", ""parcelNum"": ""1942-177-134"", ""assetId"": ""11345271930"", ""scrapedAt"": ""2026-09-05T16:18:44.173Z""}"
sold,C:\Users\AVIV\gaba\gabay_pricing_core\tax_enriched_ashkelon_3room_36m.json,716,small_area_45_80,,2026-01-30,אשקלון,הסיטי,אשתאול 4,,3.0,69.0,,,,דירה בבית קומות,,,17101.0,,,,"{""dedupeKey"": ""2869-33-24:2026-01-30:1180000"", ""dealDate"": ""2026-01-30"", ""dealAmount"": ""1180000"", ""pricePerSqm"": ""17101"", ""address"": ""אשתאול 4"", ""cityName"": ""אשקלון"", ""neighborhoodName"": ""הסיטי"", ""rooms"": ""3"", ""floor"": ""חמישית"", ""area"": ""69"", ""propertyType"": ""דירה בבית קומות"", ""gush"": ""2869"", ""helka"": ""33"", ""tatHelka"": ""24"", ""parcelNum"": ""2869-33-24"", ""assetId"": ""11344220550"", ""scrapedAt"": ""2026-09-05T16:18:44.173Z""}"
sold,C:\Users\AVIV\gaba\gabay_pricing_core\tax_enriched_ashkelon_3room_36m.json,717,small_area_45_80,,2026-01-29,אשקלון,שקמים,אליעזר מילרוד 5,,3.0,47.0,,,,דירה בבית קומות,,,16596.0,,,,"{""dedupeKey"": ""1997-28-37:2026-01-29:780000"", ""dealDate"": ""2026-01-29"", ""dealAmount"": ""780000"", ""pricePerSqm"": ""16596"", ""address"": ""אליעזר מילרוד 5"", ""cityName"": ""אשקלון"", ""neighborhoodName"": ""שקמים"", ""rooms"": ""3"", ""floor"": ""שניה"", ""area"": ""47"", ""propertyType"": ""דירה בבית קומות"", ""gush"": ""1997"", ""helka"": ""28"", ""tatHelka"": ""37"", ""parcelNum"": ""1997-28-37"", ""assetId"": ""11343332430"", ""scrapedAt"": ""2026-09-05T16:18:44.173Z""}"
sold,C:\Users\AVIV\gaba\gabay_pricing_core\tax_enriched_ashkelon_3room_36m.json,719,small_area_45_80,,2026-01-29,אשקלון,גבעת ציון,חזון עובדיה 51,,3.0,76.0,,,,דירה בבית קומות,,,19737.0,,,,"{""dedupeKey"": ""1475-58-99:2026-01-29:1500000"", ""dealDate"": ""2026-01-29"", ""dealAmount"": ""1500000"", ""pricePerSqm"": ""19737"", ""address"": ""חזון עובדיה 51"", ""cityName"": ""אשקלון"", ""neighborhoodName"": ""גבעת ציון"", ""rooms"": ""3"", ""floor"": ""חמישית"", ""area"": ""76"", ""propertyType"": ""דירה בבית קומות"", ""gush"": ""1475"", ""helka"": ""58"", ""tatHelka"": ""99"", ""parcelNum"": ""1475-58-99"", ""assetId"": ""11343652470"", ""scrapedAt"": ""2026-09-05T16:18:44.174Z""}"
sold,C:\Users\AVIV\gaba\gabay_pricing_core\tax_enriched_ashkelon_3room_36m.json,721,small_area_45_80,,2026-01-28,אשקלון,גבעת ציון,חזון עובדיה 51,,3.0,76.0,,,,,,,19737.0,,,,"{""dedupeKey"": ""1475-58-93:2026-01-28:1500000"", ""dealDate"": ""2026-01-28"", ""dealAmount"": ""1500000"", ""pricePerSqm"": ""19737"", ""address"": ""חזון עובדיה 51"", ""cityName"": ""אשקלון"", ""neighborhoodName"": ""גבעת ציון"", ""rooms"": ""3"", ""floor"": ""חמישית"", ""area"": ""76"", ""gush"": ""1475"", ""helka"": ""58"", ""tatHelka"": ""93"", ""parcelNum"": ""1475-58-93"", ""assetId"": ""11352540471"", ""scrapedAt"": ""2026-09-05T16:18:44.174Z""}"
sold,C:\Users\AVIV\gaba\gabay_pricing_core\tax_enriched_ashkelon_3room_36m.json,722,small_area_45_80,,2026-01-28,אשקלון,הסיטי,תענך 2,,3.0,71.0,,,,דירה בבית קומות,,,18310.0,,,,"{""dedupeKey"": ""2869-7-47:2026-01-28:1300000"", ""dealDate"": ""2026-01-28"", ""dealAmount"": ""1300000"", ""pricePerSqm"": ""18310"", ""address"": ""תענך 2"", ""cityName"": ""אשקלון"", ""neighborhoodName"": ""הסיטי"", ""rooms"": ""3"", ""floor"": ""רביעית"", ""area"": ""71"", ""propertyType"": ""דירה בבית קומות"", ""gush"": ""2869"", ""helka"": ""7"", ""tatHelka"": ""47"", ""parcelNum"": ""2869-7-47"", ""assetId"": ""11344221270"", ""scrapedAt"": ""2026-09-05T16:18:44.174Z""}"
sold,C:\Users\AVIV\gaba\gabay_pricing_core\tax_enriched_ashkelon_3room_36m.json,725,small_area_45_80,,2026-01-26,אשקלון,נאות אשקלון,אריה 10,,3.0,77.0,,,,דירה בבית קומות,False,,14156.0,,,,"{""dedupeKey"": ""1296-9-41:2026-01-26:1090000"", ""dealDate"": ""2026-01-26"", ""dealAmount"": ""1090000"", ""pricePerSqm"": ""14156"", ""address"": ""אריה 10"", ""cityName"": ""אשקלון"", ""neighborhoodName"": ""נאות אשקלון"", ""rooms"": ""3"", ""floor"": ""שלישית"", ""area"": ""77"", ""propertyType"": ""דירה בבית קומות"", ""isFirstHand"": ""False"", ""gush"": ""1296"", ""helka"": ""9"", ""tatHelka"": ""41"", ""parcelNum"": ""1296-9-41"", ""assetId"": ""11343031110"", ""scrapedAt"": ""2026-09-05T16:18:44.174Z""}"
sold,C:\Users\AVIV\gaba\gabay_pricing_core\tax_enriched_ashkelon_3room_36m.json,726,small_area_45_80,,2026-01-26,אשקלון,ז'בוטינסקי,יוספטל 20,,3.0,55.0,,,,דירה בבית קומות,,,15818.0,,,,"{""dedupeKey"": ""1997-72-1:2026-01-26:870000"", ""dealDate"": ""2026-01-26"", ""dealAmount"": ""870000"", ""pricePerSqm"": ""15818"", ""address"": ""יוספטל 20"", ""cityName"": ""אשקלון"", ""neighborhoodName"": ""ז'בוטינסקי"", ""rooms"": ""3"", ""floor"": ""ראשונה"", ""area"": ""55"", ""propertyType"": ""דירה בבית קומות"", ""gush"": ""1997"", ""helka"": ""72"", ""tatHelka"": ""1"", ""parcelNum"": ""1997-72-1"", ""assetId"": ""11342347830"", ""scrapedAt"": ""2026-09-05T16:18:44.174Z""}"
sold,C:\Users\AVIV\gaba\gabay_pricing_core\tax_enriched_ashkelon_3room_36m.json,727,small_area_45_80,,2026-01-26,אשקלון,מרינה,,,3.0,60.0,,,,דירה בבית קומות,,,20000.0,,,,"{""dedupeKey"": ""1940-103-29:2026-01-26:1200000"", ""dealDate"": ""2026-01-26"", ""dealAmount"": ""1200000"", ""pricePerSqm"": ""20000"", ""cityName"": ""אשקלון"", ""neighborhoodName"": ""מרינה"", ""rooms"": ""3"", ""floor"": ""ראשונה"", ""area"": ""60"", ""propertyType"": ""דירה בבית קומות"", ""gush"": ""1940"", ""helka"": ""103"", ""tatHelka"": ""29"", ""parcelNum"": ""1940-103-29"", ""assetId"": ""11344174380"", ""scrapedAt"": ""2026-09-05T16:18:44.174Z""}"
sold,C:\Users\AVIV\gaba\gabay_pricing_core\tax_enriched_ashkelon_3room_36m.json,730,small_area_45_80,,2026-01-25,אשקלון,מתחם מ-7,דרך הים 31,,3.0,79.0,,,,דירה בבית קומות,,,10089.0,,,,"{""dedupeKey"": ""370-40-196:2026-01-25:797000"", ""dealDate"": ""2026-01-25"", ""dealAmount"": ""797000"", ""pricePerSqm"": ""10089"", ""address"": ""דרך הים 31"", ""cityName"": ""אשקלון"", ""neighborhoodName"": ""מתחם מ-7"", ""rooms"": ""3"", ""floor"": ""רביעית"", ""area"": ""79"", ""propertyType"": ""דירה בבית קומות"", ""gush"": ""370"", ""helka"": ""40"", ""tatHelka"": ""196"", ""parcelNum"": ""370-40-196"", ""assetId"": ""11343228480"", ""scrapedAt"": ""2026-09-05T16:18:44.174Z""}"
sold,C:\Users\AVIV\gaba\gabay_pricing_core\tax_enriched_ashkelon_3room_36m.json,732,small_area_45_80,,2026-01-24,אשקלון,מתחם מ-7,דרך הים 31,,3.0,79.0,,,,,,,10091.0,,,,"{""dedupeKey"": ""370-40-187:2026-01-24:797168"", ""dealDate"": ""2026-01-24"", ""dealAmount"": ""797168"", ""pricePerSqm"": ""10091"", ""address"": ""דרך הים 31"", ""cityName"": ""אשקלון"", ""neighborhoodName"": ""מתחם מ-7"", ""rooms"": ""3"", ""floor"": ""רביעית"", ""area"": ""79"", ""gush"": ""370"", ""helka"": ""40"", ""tatHelka"": ""187"", ""parcelNum"": ""370-40-187"", ""assetId"": ""11352611069"", ""scrapedAt"": ""2026-09-05T16:18:44.174Z""}"
sold,C:\Users\AVIV\gaba\gabay_pricing_core\tax_enriched_ashkelon_3room_36m.json,733,small_area_45_80,,2026-01-22,אשקלון,ברנע,"אב""א אחימאיר 109",,3.0,76.0,,,,דירה בבית קומות,,,15789.0,,,,"{""dedupeKey"": ""1938-60-1:2026-01-22:1200000"", ""dealDate"": ""2026-01-22"", ""dealAmount"": ""1200000"", ""pricePerSqm"": ""15789"", ""address"": ""אב\""א אחימאיר 109"", ""cityName"": ""אשקלון"", ""neighborhoodName"": ""ברנע"", ""rooms"": ""3"", ""floor"": ""ראשונה"", ""area"": ""76"", ""propertyType"": ""דירה בבית קומות"", ""gush"": ""1938"", ""helka"": ""60"", ""tatHelka"": ""1"", ""parcelNum"": ""1938-60-1"", ""assetId"": ""11344961520"", ""scrapedAt"": ""2026-09-05T16:18:44.174Z""}"
sold,C:\Users\AVIV\gaba\gabay_pricing_core\tax_enriched_ashkelon_3room_36m.json,734,small_area_45_80,,2026-01-22,אשקלון,ז'בוטינסקי,חובבי ציון 9,,3.0,68.0,,,,דירה בבית קומות,,,10515.0,,,,"{""dedupeKey"": ""1998-27-8:2026-01-22:715000"", ""dealDate"": ""2026-01-22"", ""dealAmount"": ""715000"", ""pricePerSqm"": ""10515"", ""address"": ""חובבי ציון 9"", ""cityName"": ""אשקלון"", ""neighborhoodName"": ""ז'בוטינסקי"", ""rooms"": ""3"", ""floor"": ""רביעית"", ""area"": ""68"", ""propertyType"": ""דירה בבית קומות"", ""gush"": ""1998"", ""helka"": ""27"", ""tatHelka"": ""8"", ""parcelNum"": ""1998-27-8"", ""assetId"": ""11344868010"", ""scrapedAt"": ""2026-09-05T16:18:44.174Z""}"
sold,C:\Users\AVIV\gaba\gabay_pricing_core\tax_enriched_ashkelon_3room_36m.json,739,small_area_45_80,,2026-01-20,אשקלון,גן הורדים,,,3.0,65.0,,,,דירה בבית קומות,,,18615.0,,,,"{""dedupeKey"": ""2391-24-63:2026-01-20:1210000"", ""dealDate"": ""2026-01-20"", ""dealAmount"": ""1210000"", ""pricePerSqm"": ""18615"", ""cityName"": ""אשקלון"", ""neighborhoodName"": ""גן הורדים"", ""rooms"": ""3"", ""floor"": ""קרקע"", ""area"": ""65"", ""propertyType"": ""דירה בבית קומות"", ""gush"": ""2391"", ""helka"": ""24"", ""tatHelka"": ""63"", ""parcelNum"": ""2391-24-63"", ""assetId"": ""11343153510"", ""scrapedAt"": ""2026-09-05T16:18:44.174Z""}"
sold,C:\Users\AVIV\gaba\gabay_pricing_core\tax_enriched_ashkelon_3room_36m.json,740,small_area_45_80,,2026-01-20,אשקלון,ז'בוטינסקי,ז'בוטינסקי 4,,3.0,55.0,,,,דירה בבית קומות,,,16182.0,,,,"{""dedupeKey"": ""1996-19-13:2026-01-20:890000"", ""dealDate"": ""2026-01-20"", ""dealAmount"": ""890000"", ""pricePerSqm"": ""16182"", ""address"": ""ז'בוטינסקי 4"", ""cityName"": ""אשקלון"", ""neighborhoodName"": ""ז'בוטינסקי"", ""rooms"": ""3"", ""floor"": ""רביעית"", ""area"": ""55"", ""propertyType"": ""דירה בבית קומות"", ""gush"": ""1996"", ""helka"": ""19"", ""tatHelka"": ""13"", ""parcelNum"": ""1996-19-13"", ""assetId"": ""11343722310"", ""scrapedAt"": ""2026-09-05T16:18:44.174Z""}"
sold,C:\Users\AVIV\gaba\gabay_pricing_core\tax_enriched_ashkelon_3room_36m.json,741,small_area_45_80,,2026-01-20,אשקלון,גבעת ציון,חזון עובדיה 51,,3.0,79.0,,,,דירה בבית קומות,,,16696.0,,,,"{""dedupeKey"": ""1475-58-90:2026-01-20:1319000"", ""dealDate"": ""2026-01-20"", ""dealAmount"": ""1319000"", ""pricePerSqm"": ""16696"", ""address"": ""חזון עובדיה 51"", ""cityName"": ""אשקלון"", ""neighborhoodName"": ""גבעת ציון"", ""rooms"": ""3"", ""floor"": ""שישית"", ""area"": ""79"", ""propertyType"": ""דירה בבית קומות"", ""gush"": ""1475"", ""helka"": ""58"", ""tatHelka"": ""90"", ""parcelNum"": ""1475-58-90"", ""assetId"": ""11343774420"", ""scrapedAt"": ""2026-09-05T16:18:44.174Z""}"
sold,C:\Users\AVIV\gaba\gabay_pricing_core\tax_enriched_ashkelon_3room_36m.json,743,small_area_45_80,,2026-01-19,אשקלון,ז'בוטינסקי,מרדכי אנילביץ 438,,3.0,64.0,,,,דירה בבית קומות,,,14844.0,,,,"{""dedupeKey"": ""1996-84-24:2026-01-19:950000"", ""dealDate"": ""2026-01-19"", ""dealAmount"": ""950000"", ""pricePerSqm"": ""14844"", ""address"": ""מרדכי אנילביץ 438"", ""cityName"": ""אשקלון"", ""neighborhoodName"": ""ז'בוטינסקי"", ""rooms"": ""3"", ""floor"": ""שלישית"", ""area"": ""64"", ""propertyType"": ""דירה בבית קומות"", ""gush"": ""1996"", ""helka"": ""84"", ""tatHelka"": ""24"", ""parcelNum"": ""1996-84-24"", ""assetId"": ""11343409740"", ""scrapedAt"": ""2026-09-05T16:18:44.174Z""}"
sold,C:\Users\AVIV\gaba\gabay_pricing_core\tax_enriched_ashkelon_3room_36m.json,744,small_area_45_80,,2026-01-19,אשקלון,גולדה,שפירא 40,,3.0,62.0,,,,דירה בבית קומות,,,15968.0,,,,"{""dedupeKey"": ""3013-8-8:2026-01-19:990000"", ""dealDate"": ""2026-01-19"", ""dealAmount"": ""990000"", ""pricePerSqm"": ""15968"", ""address"": ""שפירא 40"", ""cityName"": ""אשקלון"", ""neighborhoodName"": ""גולדה"", ""rooms"": ""3"", ""floor"": ""שניה"", ""area"": ""62"", ""propertyType"": ""דירה בבית קומות"", ""gush"": ""3013"", ""helka"": ""8"", ""tatHelka"": ""8"", ""parcelNum"": ""3013-8-8"", ""assetId"": ""11342338200"", ""scrapedAt"": ""2026-09-05T16:18:44.174Z""}"
sold,C:\Users\AVIV\gaba\gabay_pricing_core\tax_enriched_ashkelon_3room_36m.json,745,small_area_45_80,,2026-01-19,אשקלון,גבעת ציון,עמק יזרעאל 99,,3.0,79.0,,,,,,,19620.0,,,,"{""dedupeKey"": ""1475-6-36:2026-01-19:1550000"", ""dealDate"": ""2026-01-19"", ""dealAmount"": ""1550000"", ""pricePerSqm"": ""19620"", ""address"": ""עמק יזרעאל 99"", ""cityName"": ""אשקלון"", ""neighborhoodName"": ""גבעת ציון"", ""rooms"": ""3"", ""floor"": ""שישית"", ""area"": ""79"", ""gush"": ""1475"", ""helka"": ""6"", ""tatHelka"": ""36"", ""parcelNum"": ""1475-6-36"", ""assetId"": ""11352540502"", ""scrapedAt"": ""2026-09-05T16:18:44.174Z""}"
sold,C:\Users\AVIV\gaba\gabay_pricing_core\tax_enriched_ashkelon_3room_36m.json,746,small_area_45_80,,2026-01-18,אשקלון,בן גוריון,שלום עליכם 10,,3.0,48.0,,,,דירה בבית קומות,,,16042.0,,,,"{""dedupeKey"": ""1964-34-7:2026-01-18:770000"", ""dealDate"": ""2026-01-18"", ""dealAmount"": ""770000"", ""pricePerSqm"": ""16042"", ""address"": ""שלום עליכם 10"", ""cityName"": ""אשקלון"", ""neighborhoodName"": ""בן גוריון"", ""rooms"": ""3"", ""floor"": ""שניה"", ""area"": ""48"", ""propertyType"": ""דירה בבית קומות"", ""gush"": ""1964"", ""helka"": ""34"", ""tatHelka"": ""7"", ""parcelNum"": ""1964-34-7"", ""assetId"": ""11341639530"", ""scrapedAt"": ""2026-09-05T16:18:44.174Z""}"
sold,C:\Users\AVIV\gaba\gabay_pricing_core\tax_enriched_ashkelon_3room_36m.json,748,small_area_45_80,,2026-01-18,אשקלון,מתחם מ-7,דרך הים 31,,3.0,79.0,,,,דירה בבית קומות,,,10051.0,,,,"{""dedupeKey"": ""370-40-197:2026-01-18:794000"", ""dealDate"": ""2026-01-18"", ""dealAmount"": ""794000"", ""pricePerSqm"": ""10051"", ""address"": ""דרך הים 31"", ""cityName"": ""אשקלון"", ""neighborhoodName"": ""מתחם מ-7"", ""rooms"": ""3"", ""floor"": ""שלישית"", ""area"": ""79"", ""propertyType"": ""דירה בבית קומות"", ""gush"": ""370"", ""helka"": ""40"", ""tatHelka"": ""197"", ""parcelNum"": ""370-40-197"", ""assetId"": ""11341772460"", ""scrapedAt"": ""2026-09-05T16:18:44.174Z""}"
sold,C:\Users\AVIV\gaba\gabay_pricing_core\tax_enriched_ashkelon_3room_36m.json,749,small_area_45_80,,2026-01-17,אשקלון,מתחם מ-7,דרך הים 31,,3.0,79.0,,,,,,,10061.0,,,,"{""dedupeKey"": ""370-40-186:2026-01-17:794855"", ""dealDate"": ""2026-01-17"", ""dealAmount"": ""794855"", ""pricePerSqm"": ""10061"", ""address"": ""דרך הים 31"", ""cityName"": ""אשקלון"", ""neighborhoodName"": ""מתחם מ-7"", ""rooms"": ""3"", ""floor"": ""שלישית"", ""area"": ""79"", ""gush"": ""370"", ""helka"": ""40"", ""tatHelka"": ""186"", ""parcelNum"": ""370-40-186"", ""assetId"": ""11352611068"", ""scrapedAt"": ""2026-09-05T16:18:44.174Z""}"
sold,C:\Users\AVIV\gaba\gabay_pricing_core\tax_enriched_ashkelon_3room_36m.json,751,small_area_45_80,,2026-01-15,אשקלון,נוה דקלים,עדולם 19,,3.0,63.0,,,,דירה בבית קומות,,,31984.0,,,,"{""dedupeKey"": ""3042-39-1:2026-01-15:2015000"", ""dealDate"": ""2026-01-15"", ""dealAmount"": ""2015000"", ""pricePerSqm"": ""31984"", ""address"": ""עדולם 19"", ""cityName"": ""אשקלון"", ""neighborhoodName"": ""נוה דקלים"", ""rooms"": ""3"", ""area"": ""63"", ""propertyType"": ""דירה בבית קומות"", ""gush"": ""3042"", ""helka"": ""39"", ""tatHelka"": ""1"", ""parcelNum"": ""3042-39-1"", ""assetId"": ""11341753920"", ""scrapedAt"": ""2026-09-05T16:18:44.174Z""}"
sold,C:\Users\AVIV\gaba\gabay_pricing_core\tax_enriched_ashkelon_3room_36m.json,752,small_area_45_80,,2026-01-15,אשקלון,בן גוריון,יהודה הלוי 2,,3.0,65.0,,,,דירה בבית קומות,,,16769.0,,,,"{""dedupeKey"": ""1963-19-20:2026-01-15:1090000"", ""dealDate"": ""2026-01-15"", ""dealAmount"": ""1090000"", ""pricePerSqm"": ""16769"", ""address"": ""יהודה הלוי 2"", ""cityName"": ""אשקלון"", ""neighborhoodName"": ""בן גוריון"", ""rooms"": ""3"", ""floor"": ""רביעית"", ""area"": ""65"", ""propertyType"": ""דירה בבית קומות"", ""gush"": ""1963"", ""helka"": ""19"", ""tatHelka"": ""20"", ""parcelNum"": ""1963-19-20"", ""assetId"": ""11343966480"", ""scrapedAt"": ""2026-09-05T16:18:44.174Z""}"
sold,C:\Users\AVIV\gaba\gabay_pricing_core\tax_enriched_ashkelon_3room_36m.json,754,small_area_45_80,,2026-01-14,אשקלון,אפרידר,אורט 14,,3.0,73.0,,,,דירה בבית קומות,,,18699.0,,,,"{""dedupeKey"": ""1932-69-144:2026-01-14:1365000"", ""dealDate"": ""2026-01-14"", ""dealAmount"": ""1365000"", ""pricePerSqm"": ""18699"", ""address"": ""אורט 14"", ""cityName"": ""אשקלון"", ""neighborhoodName"": ""אפרידר"", ""rooms"": ""3"", ""floor"": ""רביעית"", ""area"": ""73"", ""propertyType"": ""דירה בבית קומות"", ""gush"": ""1932"", ""helka"": ""69"", ""tatHelka"": ""144"", ""parcelNum"": ""1932-69-144"", ""assetId"": ""11341615140"", ""scrapedAt"": ""2026-09-05T16:18:44.174Z""}"
sold,C:\Users\AVIV\gaba\gabay_pricing_core\tax_enriched_ashkelon_3room_36m.json,756,small_area_45_80,,2026-01-14,אשקלון,נווה אלונים,שפירא 1,,3.0,61.0,,,,דירה בבית קומות,,,17295.0,,,,"{""dedupeKey"": ""3019-53-17:2026-01-14:1055000"", ""dealDate"": ""2026-01-14"", ""dealAmount"": ""1055000"", ""pricePerSqm"": ""17295"", ""address"": ""שפירא 1"", ""cityName"": ""אשקלון"", ""neighborhoodName"": ""נווה אלונים"", ""rooms"": ""3"", ""floor"": ""ראשונה"", ""area"": ""61"", ""propertyType"": ""דירה בבית קומות"", ""gush"": ""3019"", ""helka"": ""53"", ""tatHelka"": ""17"", ""parcelNum"": ""3019-53-17"", ""assetId"": ""11343065130"", ""scrapedAt"": ""2026-09-05T16:18:44.174Z""}"
sold,C:\Users\AVIV\gaba\gabay_pricing_core\tax_enriched_ashkelon_3room_36m.json,757,small_area_45_80,,2026-01-14,אשקלון,נאות אשקלון,אריה 14,,3.0,65.0,,,,דירה בבית קומות,False,,16462.0,,,,"{""dedupeKey"": ""1296-16-112:2026-01-14:1070000"", ""dealDate"": ""2026-01-14"", ""dealAmount"": ""1070000"", ""pricePerSqm"": ""16462"", ""address"": ""אריה 14"", ""cityName"": ""אשקלון"", ""neighborhoodName"": ""נאות אשקלון"", ""rooms"": ""3"", ""floor"": ""רביעית"", ""area"": ""65"", ""propertyType"": ""דירה בבית קומות"", ""isFirstHand"": ""False"", ""gush"": ""1296"", ""helka"": ""16"", ""tatHelka"": ""112"", ""parcelNum"": ""1296-16-112"", ""assetId"": ""11342137770"", ""scrapedAt"": ""2026-09-05T16:18:44.174Z""}"
sold,C:\Users\AVIV\gaba\gabay_pricing_core\tax_enriched_ashkelon_3room_36m.json,758,small_area_45_80,,2026-01-14,אשקלון,כוכב הצפון,מנחם בגין 34,,3.0,77.0,,,,דירה בבית קומות,,,13961.0,,,,"{""dedupeKey"": ""1201-86-4:2026-01-14:1075000"", ""dealDate"": ""2026-01-14"", ""dealAmount"": ""1075000"", ""pricePerSqm"": ""13961"", ""address"": ""מנחם בגין 34"", ""cityName"": ""אשקלון"", ""neighborhoodName"": ""כוכב הצפון"", ""rooms"": ""3"", ""floor"": ""שלישית"", ""area"": ""77"", ""propertyType"": ""דירה בבית קומות"", ""gush"": ""1201"", ""helka"": ""86"", ""tatHelka"": ""4"", ""parcelNum"": ""1201-86-4"", ""assetId"": ""11343368790"", ""scrapedAt"": ""2026-09-05T16:18:44.174Z""}"
sold,C:\Users\AVIV\gaba\gabay_pricing_core\tax_enriched_ashkelon_3room_36m.json,759,small_area_45_80,,2026-01-14,אשקלון,נווה אלונים,משה יוליש 10,,3.0,70.0,,,,דירה בבית קומות,,,12429.0,,,,"{""dedupeKey"": ""3019-5-7:2026-01-14:870000"", ""dealDate"": ""2026-01-14"", ""dealAmount"": ""870000"", ""pricePerSqm"": ""12429"", ""address"": ""משה יוליש 10"", ""cityName"": ""אשקלון"", ""neighborhoodName"": ""נווה אלונים"", ""rooms"": ""3"", ""floor"": ""רביעית"", ""area"": ""70"", ""propertyType"": ""דירה בבית קומות"", ""gush"": ""3019"", ""helka"": ""5"", ""tatHelka"": ""7"", ""parcelNum"": ""3019-5-7"", ""assetId"": ""11343389580"", ""scrapedAt"": ""2026-09-05T16:18:44.174Z""}"
sold,C:\Users\AVIV\gaba\gabay_pricing_core\tax_enriched_ashkelon_3room_36m.json,761,small_area_45_80,,2026-01-12,אשקלון,מגדל,הרצל 16,,3.0,68.0,,,,דירה בבית קומות,,,10882.0,,,,"{""dedupeKey"": ""1247-10-1:2026-01-12:740000"", ""dealDate"": ""2026-01-12"", ""dealAmount"": ""740000"", ""pricePerSqm"": ""10882"", ""address"": ""הרצל 16"", ""cityName"": ""אשקלון"", ""neighborhoodName"": ""מגדל"", ""rooms"": ""3"", ""floor"": ""חמישית"", ""area"": ""68"", ""propertyType"": ""דירה בבית קומות"", ""gush"": ""1247"", ""helka"": ""10"", ""tatHelka"": ""1"", ""parcelNum"": ""1247-10-1"", ""assetId"": ""11343226410"", ""scrapedAt"": ""2026-09-05T16:18:44.174Z""}"
sold,C:\Users\AVIV\gaba\gabay_pricing_core\tax_enriched_ashkelon_3room_36m.json,762,small_area_45_80,,2026-01-12,אשקלון,רמת אשכול,דוד רזיאל 18,,3.0,70.0,,,,דירה בבית קומות,,,13143.0,,,,"{""dedupeKey"": ""2383-43-8:2026-01-12:920000"", ""dealDate"": ""2026-01-12"", ""dealAmount"": ""920000"", ""pricePerSqm"": ""13143"", ""address"": ""דוד רזיאל 18"", ""cityName"": ""אשקלון"", ""neighborhoodName"": ""רמת אשכול"", ""rooms"": ""3"", ""floor"": ""שניה"", ""area"": ""70"", ""propertyType"": ""דירה בבית קומות"", ""gush"": ""2383"", ""helka"": ""43"", ""tatHelka"": ""8"", ""parcelNum"": ""2383-43-8"", ""assetId"": ""11341454490"", ""scrapedAt"": ""2026-09-05T16:18:44.174Z""}"
sold,C:\Users\AVIV\gaba\gabay_pricing_core\tax_enriched_ashkelon_3room_36m.json,766,small_area_45_80,,2026-01-11,אשקלון,גולדה,עולי הגרדום 11,,3.0,69.0,,,,דירה בבית קומות,,,16884.0,,,,"{""dedupeKey"": ""3012-39-11:2026-01-11:1165000"", ""dealDate"": ""2026-01-11"", ""dealAmount"": ""1165000"", ""pricePerSqm"": ""16884"", ""address"": ""עולי הגרדום 11"", ""cityName"": ""אשקלון"", ""neighborhoodName"": ""גולדה"", ""rooms"": ""3"", ""floor"": ""שלישית"", ""area"": ""69"", ""propertyType"": ""דירה בבית קומות"", ""gush"": ""3012"", ""helka"": ""39"", ""tatHelka"": ""11"", ""parcelNum"": ""3012-39-11"", ""assetId"": ""11341789560"", ""scrapedAt"": ""2026-09-05T16:18:44.174Z""}"
sold,C:\Users\AVIV\gaba\gabay_pricing_core\tax_enriched_ashkelon_3room_36m.json,767,small_area_45_80,,2026-01-11,אשקלון,רמת אשכול,דוד רזיאל 10,,3.0,48.0,,,,דירה בבית קומות,,,18229.0,,,,"{""dedupeKey"": ""1994-28-21:2026-01-11:875000"", ""dealDate"": ""2026-01-11"", ""dealAmount"": ""875000"", ""pricePerSqm"": ""18229"", ""address"": ""דוד רזיאל 10"", ""cityName"": ""אשקלון"", ""neighborhoodName"": ""רמת אשכול"", ""rooms"": ""3"", ""floor"": ""שניה"", ""area"": ""48"", ""propertyType"": ""דירה בבית קומות"", ""gush"": ""1994"", ""helka"": ""28"", ""tatHelka"": ""21"", ""parcelNum"": ""1994-28-21"", ""assetId"": ""11341110870"", ""scrapedAt"": ""2026-09-05T16:18:44.174Z""}"
sold,C:\Users\AVIV\gaba\gabay_pricing_core\tax_enriched_ashkelon_3room_36m.json,768,small_area_45_80,,2026-01-09,אשקלון,שקמים,אפרים צור 42,,3.0,59.0,,,,דירה בבית קומות,,,11186.0,,,,"{""dedupeKey"": ""1965-29-14:2026-01-09:660000"", ""dealDate"": ""2026-01-09"", ""dealAmount"": ""660000"", ""pricePerSqm"": ""11186"", ""address"": ""אפרים צור 42"", ""cityName"": ""אשקלון"", ""neighborhoodName"": ""שקמים"", ""rooms"": ""3"", ""floor"": ""רביעית"", ""area"": ""59"", ""propertyType"": ""דירה בבית קומות"", ""gush"": ""1965"", ""helka"": ""29"", ""tatHelka"": ""14"", ""parcelNum"": ""1965-29-14"", ""assetId"": ""11341432440"", ""scrapedAt"": ""2026-09-05T16:18:44.174Z""}"
sold,C:\Users\AVIV\gaba\gabay_pricing_core\tax_enriched_ashkelon_3room_36m.json,769,small_area_45_80,,2026-01-08,אשקלון,בן גוריון,יהודה הלוי 32,,3.0,68.0,,,,דירה בבית קומות,,,17618.0,,,,"{""dedupeKey"": ""1962-144-55:2026-01-08:1198000"", ""dealDate"": ""2026-01-08"", ""dealAmount"": ""1198000"", ""pricePerSqm"": ""17618"", ""address"": ""יהודה הלוי 32"", ""cityName"": ""אשקלון"", ""neighborhoodName"": ""בן גוריון"", ""rooms"": ""3"", ""floor"": ""שניה"", ""area"": ""68"", ""propertyType"": ""דירה בבית קומות"", ""gush"": ""1962"", ""helka"": ""144"", ""tatHelka"": ""55"", ""parcelNum"": ""1962-144-55"", ""assetId"": ""11344020120"", ""scrapedAt"": ""2026-09-05T16:18:44.174Z""}"
sold,C:\Users\AVIV\gaba\gabay_pricing_core\tax_enriched_ashkelon_3room_36m.json,770,small_area_45_80,,2026-01-08,אשקלון,נווה אילן,פקיעין 6,,3.0,80.0,,,,דירה בבית קומות,False,,16875.0,,,,"{""dedupeKey"": ""2507-16-24:2026-01-08:1350000"", ""dealDate"": ""2026-01-08"", ""dealAmount"": ""1350000"", ""pricePerSqm"": ""16875"", ""address"": ""פקיעין 6"", ""cityName"": ""אשקלון"", ""neighborhoodName"": ""נווה אילן"", ""rooms"": ""3"", ""floor"": ""שלישית"", ""area"": ""80"", ""propertyType"": ""דירה בבית קומות"", ""isFirstHand"": ""False"", ""gush"": ""2507"", ""helka"": ""16"", ""tatHelka"": ""24"", ""parcelNum"": ""2507-16-24"", ""assetId"": ""11340917820"", ""scrapedAt"": ""2026-09-05T16:18:44.174Z""}"
sold,C:\Users\AVIV\gaba\gabay_pricing_core\tax_enriched_ashkelon_3room_36m.json,773,small_area_45_80,,2026-01-07,אשקלון,נווה ים,שפירא 10,,3.0,73.0,,,,דירה בבית קומות,,,13699.0,,,,"{""dedupeKey"": ""3015-10-9:2026-01-07:1000000"", ""dealDate"": ""2026-01-07"", ""dealAmount"": ""1000000"", ""pricePerSqm"": ""13699"", ""address"": ""שפירא 10"", ""cityName"": ""אשקלון"", ""neighborhoodName"": ""נווה ים"", ""rooms"": ""3"", ""floor"": ""שלישית"", ""area"": ""73"", ""propertyType"": ""דירה בבית קומות"", ""gush"": ""3015"", ""helka"": ""10"", ""tatHelka"": ""9"", ""parcelNum"": ""3015-10-9"", ""assetId"": ""11341796310"", ""scrapedAt"": ""2026-09-05T16:18:44.174Z""}"
sold,C:\Users\AVIV\gaba\gabay_pricing_core\tax_enriched_ashkelon_3room_36m.json,774,small_area_45_80,,2026-01-06,אשקלון,נווה אלונים,"ש""י עגנון 11",,3.0,60.0,,,,דירה בבית קומות,,,14100.0,,,,"{""dedupeKey"": ""3019-64-5:2026-01-06:846000"", ""dealDate"": ""2026-01-06"", ""dealAmount"": ""846000"", ""pricePerSqm"": ""14100"", ""address"": ""ש\""י עגנון 11"", ""cityName"": ""אשקלון"", ""neighborhoodName"": ""נווה אלונים"", ""rooms"": ""3"", ""floor"": ""שלישית"", ""area"": ""60"", ""propertyType"": ""דירה בבית קומות"", ""gush"": ""3019"", ""helka"": ""64"", ""tatHelka"": ""5"", ""parcelNum"": ""3019-64-5"", ""assetId"": ""11341711530"", ""scrapedAt"": ""2026-09-05T16:18:44.174Z""}"
sold,C:\Users\AVIV\gaba\gabay_pricing_core\tax_enriched_ashkelon_3room_36m.json,775,small_area_45_80,,2026-01-06,אשקלון,נווה אלונים,ההסתדרות 24,,3.0,80.0,,,,דירה בבית קומות,,,12750.0,,,,"{""dedupeKey"": ""3019-16-10:2026-01-06:1020000"", ""dealDate"": ""2026-01-06"", ""dealAmount"": ""1020000"", ""pricePerSqm"": ""12750"", ""address"": ""ההסתדרות 24"", ""cityName"": ""אשקלון"", ""neighborhoodName"": ""נווה אלונים"", ""rooms"": ""3"", ""floor"": ""שלישית"", ""area"": ""80"", ""propertyType"": ""דירה בבית קומות"", ""gush"": ""3019"", ""helka"": ""16"", ""tatHelka"": ""10"", ""parcelNum"": ""3019-16-10"", ""assetId"": ""11342343420"", ""scrapedAt"": ""2026-09-05T16:18:44.174Z""}"
sold,C:\Users\AVIV\gaba\gabay_pricing_core\tax_enriched_ashkelon_3room_36m.json,776,small_area_45_80,,2026-01-06,אשקלון,שקמים,,,3.0,79.0,,,,דירה בבית קומות,,,18228.0,,,,"{""dedupeKey"": ""1997-141-1:2026-01-06:1440000"", ""dealDate"": ""2026-01-06"", ""dealAmount"": ""1440000"", ""pricePerSqm"": ""18228"", ""cityName"": ""אשקלון"", ""neighborhoodName"": ""שקמים"", ""rooms"": ""3"", ""floor"": ""ראשונה"", ""area"": ""79"", ""propertyType"": ""דירה בבית קומות"", ""gush"": ""1997"", ""helka"": ""141"", ""tatHelka"": ""1"", ""parcelNum"": ""1997-141-1"", ""assetId"": ""11340410670"", ""scrapedAt"": ""2026-09-05T16:18:44.174Z""}"
sold,C:\Users\AVIV\gaba\gabay_pricing_core\tax_enriched_ashkelon_3room_36m.json,777,small_area_45_80,,2026-01-04,אשקלון,אפרידר,הנשיא 89,,3.0,69.0,,,,דירה בבית קומות,,,17101.0,,,,"{""dedupeKey"": ""1942-122-7:2026-01-04:1180000"", ""dealDate"": ""2026-01-04"", ""dealAmount"": ""1180000"", ""pricePerSqm"": ""17101"", ""address"": ""הנשיא 89"", ""cityName"": ""אשקלון"", ""neighborhoodName"": ""אפרידר"", ""rooms"": ""3"", ""floor"": ""שלישית"", ""area"": ""69"", ""propertyType"": ""דירה בבית קומות"", ""gush"": ""1942"", ""helka"": ""122"", ""tatHelka"": ""7"", ""parcelNum"": ""1942-122-7"", ""assetId"": ""11341059660"", ""scrapedAt"": ""2026-09-05T16:18:44.174Z""}"
sold,C:\Users\AVIV\gaba\gabay_pricing_core\tax_enriched_ashkelon_3room_36m.json,778,small_area_45_80,,2026-01-02,אשקלון,אזור תעשיה צפוני,ניר עוז 14,,3.0,80.0,,,,דירה בבית קומות,,,20000.0,,,,"{""dedupeKey"": ""1196-79-249:2026-01-02:1600000"", ""dealDate"": ""2026-01-02"", ""dealAmount"": ""1600000"", ""pricePerSqm"": ""20000"", ""address"": ""ניר עוז 14"", ""cityName"": ""אשקלון"", ""neighborhoodName"": ""אזור תעשיה צפוני"", ""rooms"": ""3"", ""floor"": ""שמינית"", ""area"": ""80"", ""propertyType"": ""דירה בבית קומות"", ""gush"": ""1196"", ""helka"": ""79"", ""tatHelka"": ""249"", ""parcelNum"": ""1196-79-249"", ""assetId"": ""11343135060"", ""scrapedAt"": ""2026-09-05T16:18:44.174Z""}"
sold,C:\Users\AVIV\gaba\gabay_pricing_core\tax_enriched_ashkelon_3room_36m.json,779,small_area_45_80,,2026-01-01,אשקלון,נווה אלונים,שפירא 21,,3.0,63.0,,,,דירה בבית קומות,,,12810.0,,,,"{""dedupeKey"": ""3020-3-31:2026-01-01:807000"", ""dealDate"": ""2026-01-01"", ""dealAmount"": ""807000"", ""pricePerSqm"": ""12810"", ""address"": ""שפירא 21"", ""cityName"": ""אשקלון"", ""neighborhoodName"": ""נווה אלונים"", ""rooms"": ""3"", ""floor"": ""רביעית"", ""area"": ""63"", ""propertyType"": ""דירה בבית קומות"", ""gush"": ""3020"", ""helka"": ""3"", ""tatHelka"": ""31"", ""parcelNum"": ""3020-3-31"", ""assetId"": ""11341956600"", ""scrapedAt"": ""2026-09-05T16:18:44.174Z""}"
sold,C:\Users\AVIV\gaba\gabay_pricing_core\tax_enriched_ashkelon_3room_36m.json,780,small_area_45_80,,2026-01-01,אשקלון,בן גוריון,יהודה הלוי 11,,3.0,50.0,,,,דירה בבית קומות,,,19400.0,,,,"{""dedupeKey"": ""1964-38-4:2026-01-01:970000"", ""dealDate"": ""2026-01-01"", ""dealAmount"": ""970000"", ""pricePerSqm"": ""19400"", ""address"": ""יהודה הלוי 11"", ""cityName"": ""אשקלון"", ""neighborhoodName"": ""בן גוריון"", ""rooms"": ""3"", ""floor"": ""ראשונה"", ""area"": ""50"", ""propertyType"": ""דירה בבית קומות"", ""gush"": ""1964"", ""helka"": ""38"", ""tatHelka"": ""4"", ""parcelNum"": ""1964-38-4"", ""assetId"": ""11340138240"", ""scrapedAt"": ""2026-09-05T16:18:44.174Z""}"
sold,C:\Users\AVIV\gaba\gabay_pricing_core\tax_enriched_ashkelon_3room_36m.json,781,small_area_45_80,,2026-01-01,אשקלון,ז'בוטינסקי,ז'בוטינסקי 9,,3.0,56.0,,,,דירה בבית קומות,,,19643.0,,,,"{""dedupeKey"": ""1996-154-4:2026-01-01:1100000"", ""dealDate"": ""2026-01-01"", ""dealAmount"": ""1100000"", ""pricePerSqm"": ""19643"", ""address"": ""ז'בוטינסקי 9"", ""cityName"": ""אשקלון"", ""neighborhoodName"": ""ז'בוטינסקי"", ""rooms"": ""3"", ""floor"": ""ראשונה"", ""area"": ""56"", ""propertyType"": ""דירה בבית קומות"", ""gush"": ""1996"", ""helka"": ""154"", ""tatHelka"": ""4"", ""parcelNum"": ""1996-154-4"", ""assetId"": ""11342544570"", ""scrapedAt"": ""2026-09-05T16:18:44.174Z""}"
sold,C:\Users\AVIV\gaba\gabay_pricing_core\tax_enriched_ashkelon_3room_36m.json,782,small_area_45_80,,2026-01-01,אשקלון,אזור תעשיה צפוני,ניר עוז 14,,3.0,80.0,,,,,,,20000.0,,,,"{""dedupeKey"": ""1196-79-4:2026-01-01:1600000"", ""dealDate"": ""2026-01-01"", ""dealAmount"": ""1600000"", ""pricePerSqm"": ""20000"", ""address"": ""ניר עוז 14"", ""cityName"": ""אשקלון"", ""neighborhoodName"": ""אזור תעשיה צפוני"", ""rooms"": ""3"", ""floor"": ""שמינית"", ""area"": ""80"", ""gush"": ""1196"", ""helka"": ""79"", ""tatHelka"": ""4"", ""parcelNum"": ""1196-79-4"", ""assetId"": ""11352529672"", ""scrapedAt"": ""2026-09-05T16:18:44.174Z""}"
sold,C:\Users\AVIV\gaba\gabay_pricing_core\tax_enriched_ashkelon_3room_36m.json,783,small_area_45_80,,2025-12-31,אשקלון,נווה אלונים,"ש""י עגנון 170",,3.0,66.0,,,,דירה בבית קומות,,,16515.0,,,,"{""dedupeKey"": ""1944-203-90:2025-12-31:1090000"", ""dealDate"": ""2025-12-31"", ""dealAmount"": ""1090000"", ""pricePerSqm"": ""16515"", ""address"": ""ש\""י עגנון 170"", ""cityName"": ""אשקלון"", ""neighborhoodName"": ""נווה אלונים"", ""rooms"": ""3"", ""floor"": ""חמישית"", ""area"": ""66"", ""propertyType"": ""דירה בבית קומות"", ""gush"": ""1944"", ""helka"": ""203"", ""tatHelka"": ""90"", ""parcelNum"": ""1944-203-90"", ""assetId"": ""11340562140"", ""scrapedAt"": ""2026-09-05T16:18:44.174Z""}"
sold,C:\Users\AVIV\gaba\gabay_pricing_core\tax_enriched_ashkelon_3room_36m.json,785,small_area_45_80,,2025-12-30,אשקלון,אפרידר,הסנה 308,,3.0,77.0,,,,דירה בבית קומות,,,14675.0,,,,"{""dedupeKey"": ""1942-95-9:2025-12-30:1130000"", ""dealDate"": ""2025-12-30"", ""dealAmount"": ""1130000"", ""pricePerSqm"": ""14675"", ""address"": ""הסנה 308"", ""cityName"": ""אשקלון"", ""neighborhoodName"": ""אפרידר"", ""rooms"": ""3"", ""floor"": ""שלישית"", ""area"": ""77"", ""propertyType"": ""דירה בבית קומות"", ""gush"": ""1942"", ""helka"": ""95"", ""tatHelka"": ""9"", ""parcelNum"": ""1942-95-9"", ""assetId"": ""11341060380"", ""scrapedAt"": ""2026-09-05T16:18:44.174Z""}"
sold,C:\Users\AVIV\gaba\gabay_pricing_core\tax_enriched_ashkelon_3room_36m.json,787,small_area_45_80 | special_property_type,garden,2025-12-29,אשקלון,אזור תעשיה צפוני,הרב יוסף שרביט 7,,3.0,75.0,,,,דירת גן,,,24133.0,,,,"{""dedupeKey"": ""1197-87-83:2025-12-29:1810000"", ""dealDate"": ""2025-12-29"", ""dealAmount"": ""1810000"", ""pricePerSqm"": ""24133"", ""address"": ""הרב יוסף שרביט 7"", ""cityName"": ""אשקלון"", ""neighborhoodName"": ""אזור תעשיה צפוני"", ""rooms"": ""3"", ""area"": ""75"", ""propertyType"": ""דירת גן"", ""gush"": ""1197"", ""helka"": ""87"", ""tatHelka"": ""83"", ""parcelNum"": ""1197-87-83"", ""assetId"": ""11340312660"", ""scrapedAt"": ""2026-09-05T16:18:44.174Z""}"
sold,C:\Users\AVIV\gaba\gabay_pricing_core\tax_enriched_ashkelon_3room_36m.json,789,small_area_45_80,,2025-12-29,אשקלון,שקמים,אפרים צור 48,,3.0,50.0,,,,דירה בבית קומות,,,16800.0,,,,"{""dedupeKey"": ""1965-24-10:2025-12-29:840000"", ""dealDate"": ""2025-12-29"", ""dealAmount"": ""840000"", ""pricePerSqm"": ""16800"", ""address"": ""אפרים צור 48"", ""cityName"": ""אשקלון"", ""neighborhoodName"": ""שקמים"", ""rooms"": ""3"", ""floor"": ""שניה"", ""area"": ""50"", ""propertyType"": ""דירה בבית קומות"", ""gush"": ""1965"", ""helka"": ""24"", ""tatHelka"": ""10"", ""parcelNum"": ""1965-24-10"", ""assetId"": ""11340868140"", ""scrapedAt"": ""2026-09-05T16:18:44.174Z""}"
sold,C:\Users\AVIV\gaba\gabay_pricing_core\tax_enriched_ashkelon_3room_36m.json,790,small_area_45_80,,2025-12-28,אשקלון,אזור תעשיה צפוני,,,3.0,75.0,,,,,,,21133.0,,,,"{""dedupeKey"": ""1197-90-80:2025-12-28:1585000"", ""dealDate"": ""2025-12-28"", ""dealAmount"": ""1585000"", ""pricePerSqm"": ""21133"", ""cityName"": ""אשקלון"", ""neighborhoodName"": ""אזור תעשיה צפוני"", ""rooms"": ""3"", ""floor"": ""שלישית"", ""area"": ""75"", ""gush"": ""1197"", ""helka"": ""90"", ""tatHelka"": ""80"", ""parcelNum"": ""1197-90-80"", ""assetId"": ""11352530374"", ""scrapedAt"": ""2026-09-05T16:18:44.174Z""}"
sold,C:\Users\AVIV\gaba\gabay_pricing_core\tax_enriched_ashkelon_3room_36m.json,791,small_area_45_80,,2025-12-28,אשקלון,אזור תעשיה צפוני,הרב יוסף שרביט 7,,3.0,75.0,,,,,,,24133.0,,,,"{""dedupeKey"": ""1197-87-66:2025-12-28:1810000"", ""dealDate"": ""2025-12-28"", ""dealAmount"": ""1810000"", ""pricePerSqm"": ""24133"", ""address"": ""הרב יוסף שרביט 7"", ""cityName"": ""אשקלון"", ""neighborhoodName"": ""אזור תעשיה צפוני"", ""rooms"": ""3"", ""area"": ""75"", ""gush"": ""1197"", ""helka"": ""87"", ""tatHelka"": ""66"", ""parcelNum"": ""1197-87-66"", ""assetId"": ""11352530288"", ""scrapedAt"": ""2026-09-05T16:18:44.174Z""}"
sold,C:\Users\AVIV\gaba\gabay_pricing_core\tax_enriched_ashkelon_3room_36m.json,792,small_area_45_80,,2025-12-28,אשקלון,נווה ים,"ש""י עגנון 28",,3.0,76.0,,,,דירה בבית קומות,,,16447.0,,,,"{""dedupeKey"": ""1944-186-44:2025-12-28:1250000"", ""dealDate"": ""2025-12-28"", ""dealAmount"": ""1250000"", ""pricePerSqm"": ""16447"", ""address"": ""ש\""י עגנון 28"", ""cityName"": ""אשקלון"", ""neighborhoodName"": ""נווה ים"", ""rooms"": ""3"", ""floor"": ""ראשונה"", ""area"": ""76"", ""propertyType"": ""דירה בבית קומות"", ""gush"": ""1944"", ""helka"": ""186"", ""tatHelka"": ""44"", ""parcelNum"": ""1944-186-44"", ""assetId"": ""11282134770"", ""scrapedAt"": ""2026-09-05T16:18:44.174Z""}"
sold,C:\Users\AVIV\gaba\gabay_pricing_core\tax_enriched_ashkelon_3room_36m.json,793,small_area_45_80,,2025-12-28,אשקלון,נווה אלונים,"ש""י עגנון 169",,3.0,68.0,,,,דירה בבית קומות,,,14412.0,,,,"{""dedupeKey"": ""1944-203-56:2025-12-28:980000"", ""dealDate"": ""2025-12-28"", ""dealAmount"": ""980000"", ""pricePerSqm"": ""14412"", ""address"": ""ש\""י עגנון 169"", ""cityName"": ""אשקלון"", ""neighborhoodName"": ""נווה אלונים"", ""rooms"": ""3"", ""floor"": ""תשיעית"", ""area"": ""68"", ""propertyType"": ""דירה בבית קומות"", ""gush"": ""1944"", ""helka"": ""203"", ""tatHelka"": ""56"", ""parcelNum"": ""1944-203-56"", ""assetId"": ""11340376470"", ""scrapedAt"": ""2026-09-05T16:18:44.174Z""}"
sold,C:\Users\AVIV\gaba\gabay_pricing_core\tax_enriched_ashkelon_3room_36m.json,794,small_area_45_80,,2025-12-28,אשקלון,מתחם מ-7,דרך הים 38,,3.0,80.0,,,,דירה בבית קומות,,,19875.0,,,,"{""dedupeKey"": ""1199-62-155:2025-12-28:1590000"", ""dealDate"": ""2025-12-28"", ""dealAmount"": ""1590000"", ""pricePerSqm"": ""19875"", ""address"": ""דרך הים 38"", ""cityName"": ""אשקלון"", ""neighborhoodName"": ""מתחם מ-7"", ""rooms"": ""3"", ""floor"": ""חמישית"", ""area"": ""80"", ""propertyType"": ""דירה בבית קומות"", ""gush"": ""1199"", ""helka"": ""62"", ""tatHelka"": ""155"", ""parcelNum"": ""1199-62-155"", ""assetId"": ""11341541520"", ""scrapedAt"": ""2026-09-05T16:18:44.174Z""}"
sold,C:\Users\AVIV\gaba\gabay_pricing_core\tax_enriched_ashkelon_3room_36m.json,796,small_area_45_80,,2025-12-26,אשקלון,בן גוריון,ההסתדרות 41,,3.0,75.0,,,,דירה בבית קומות,,,12933.0,,,,"{""dedupeKey"": ""1964-74-8:2025-12-26:970000"", ""dealDate"": ""2025-12-26"", ""dealAmount"": ""970000"", ""pricePerSqm"": ""12933"", ""address"": ""ההסתדרות 41"", ""cityName"": ""אשקלון"", ""neighborhoodName"": ""בן גוריון"", ""rooms"": ""3"", ""floor"": ""שניה"", ""area"": ""75"", ""propertyType"": ""דירה בבית קומות"", ""gush"": ""1964"", ""helka"": ""74"", ""tatHelka"": ""8"", ""parcelNum"": ""1964-74-8"", ""assetId"": ""11340108450"", ""scrapedAt"": ""2026-09-05T16:18:44.174Z""}"
sold,C:\Users\AVIV\gaba\gabay_pricing_core\tax_enriched_ashkelon_3room_36m.json,797,small_area_45_80,,2025-12-25,אשקלון,נוה דקלים,צדק 9,,3.0,70.0,,,,דירה בבית קומות,,,26857.0,,,,"{""dedupeKey"": ""3044-20-1:2025-12-25:1880000"", ""dealDate"": ""2025-12-25"", ""dealAmount"": ""1880000"", ""pricePerSqm"": ""26857"", ""address"": ""צדק 9"", ""cityName"": ""אשקלון"", ""neighborhoodName"": ""נוה דקלים"", ""rooms"": ""3"", ""area"": ""70"", ""propertyType"": ""דירה בבית קומות"", ""gush"": ""3044"", ""helka"": ""20"", ""tatHelka"": ""1"", ""parcelNum"": ""3044-20-1"", ""assetId"": ""11342168100"", ""scrapedAt"": ""2026-09-05T16:18:44.174Z""}"
sold,C:\Users\AVIV\gaba\gabay_pricing_core\tax_enriched_ashkelon_3room_36m.json,798,small_area_45_80,,2025-12-25,אשקלון,בן גוריון,בן גוריון 30,,3.0,59.0,,,,דירה בבית קומות,,,25424.0,,,,"{""dedupeKey"": ""1963-80-54:2025-12-25:1500000"", ""dealDate"": ""2025-12-25"", ""dealAmount"": ""1500000"", ""pricePerSqm"": ""25424"", ""address"": ""בן גוריון 30"", ""cityName"": ""אשקלון"", ""neighborhoodName"": ""בן גוריון"", ""rooms"": ""3"", ""floor"": ""רביעית"", ""area"": ""59"", ""propertyType"": ""דירה בבית קומות"", ""gush"": ""1963"", ""helka"": ""80"", ""tatHelka"": ""54"", ""parcelNum"": ""1963-80-54"", ""assetId"": ""11343372480"", ""scrapedAt"": ""2026-09-05T16:18:44.174Z""}"
sold,C:\Users\AVIV\gaba\gabay_pricing_core\tax_enriched_ashkelon_3room_36m.json,799,small_area_45_80,,2025-12-25,אשקלון,אפרידר,האשוח 26,,3.0,60.0,,,,דירה בבית קומות,,,63833.0,,,,"{""dedupeKey"": ""1961-119-2:2025-12-25:3830000"", ""dealDate"": ""2025-12-25"", ""dealAmount"": ""3830000"", ""pricePerSqm"": ""63833"", ""address"": ""האשוח 26"", ""cityName"": ""אשקלון"", ""neighborhoodName"": ""אפרידר"", ""rooms"": ""3"", ""floor"": ""ראשונה"", ""area"": ""60"", ""propertyType"": ""דירה בבית קומות"", ""gush"": ""1961"", ""helka"": ""119"", ""tatHelka"": ""2"", ""parcelNum"": ""1961-119-2"", ""assetId"": ""11340318600"", ""scrapedAt"": ""2026-09-05T16:18:44.174Z""}"
sold,C:\Users\AVIV\gaba\gabay_pricing_core\tax_enriched_ashkelon_3room_36m.json,800,small_area_45_80,,2025-12-24,אשקלון,נווה אלונים,משה יוליש 4,,3.0,66.0,,,,דירה בבית קומות,,,13939.0,,,,"{""dedupeKey"": ""3019-6-32:2025-12-24:920000"", ""dealDate"": ""2025-12-24"", ""dealAmount"": ""920000"", ""pricePerSqm"": ""13939"", ""address"": ""משה יוליש 4"", ""cityName"": ""אשקלון"", ""neighborhoodName"": ""נווה אלונים"", ""rooms"": ""3"", ""floor"": ""רביעית"", ""area"": ""66"", ""propertyType"": ""דירה בבית קומות"", ""gush"": ""3019"", ""helka"": ""6"", ""tatHelka"": ""32"", ""parcelNum"": ""3019-6-32"", ""assetId"": ""11282072400"", ""scrapedAt"": ""2026-09-05T16:18:44.174Z""}"
sold,C:\Users\AVIV\gaba\gabay_pricing_core\tax_enriched_ashkelon_3room_36m.json,801,small_area_45_80,,2025-12-24,אשקלון,נווה אילן,מגידו 5,,3.0,74.0,,,,דירה בבית קומות,,,19257.0,,,,"{""dedupeKey"": ""2507-7-71:2025-12-24:1425000"", ""dealDate"": ""2025-12-24"", ""dealAmount"": ""1425000"", ""pricePerSqm"": ""19257"", ""address"": ""מגידו 5"", ""cityName"": ""אשקלון"", ""neighborhoodName"": ""נווה אילן"", ""rooms"": ""3"", ""floor"": ""שלישית"", ""area"": ""74"", ""propertyType"": ""דירה בבית קומות"", ""gush"": ""2507"", ""helka"": ""7"", ""tatHelka"": ""71"", ""parcelNum"": ""2507-7-71"", ""assetId"": ""11281717710"", ""scrapedAt"": ""2026-09-05T16:18:44.174Z""}"
sold,C:\Users\AVIV\gaba\gabay_pricing_core\tax_enriched_ashkelon_3room_36m.json,803,small_area_45_80,,2025-12-22,אשקלון,גן הורדים,,,3.0,69.0,,,,דירה בבית קומות,,,17536.0,,,,"{""dedupeKey"": ""2391-24-45:2025-12-22:1210000"", ""dealDate"": ""2025-12-22"", ""dealAmount"": ""1210000"", ""pricePerSqm"": ""17536"", ""cityName"": ""אשקלון"", ""neighborhoodName"": ""גן הורדים"", ""rooms"": ""3"", ""floor"": ""רביעית"", ""area"": ""69"", ""propertyType"": ""דירה בבית קומות"", ""gush"": ""2391"", ""helka"": ""24"", ""tatHelka"": ""45"", ""parcelNum"": ""2391-24-45"", ""assetId"": ""11281944240"", ""scrapedAt"": ""2026-09-05T16:18:44.174Z""}"
sold,C:\Users\AVIV\gaba\gabay_pricing_core\tax_enriched_ashkelon_3room_36m.json,804,small_area_45_80,,2025-12-22,אשקלון,נווה הדרים,העונות 2,,3.0,67.0,,,,דירה בבית קומות,,,19925.0,,,,"{""dedupeKey"": ""2856-42-116:2025-12-22:1335000"", ""dealDate"": ""2025-12-22"", ""dealAmount"": ""1335000"", ""pricePerSqm"": ""19925"", ""address"": ""העונות 2"", ""cityName"": ""אשקלון"", ""neighborhoodName"": ""נווה הדרים"", ""rooms"": ""3"", ""floor"": ""שלישית"", ""area"": ""67"", ""propertyType"": ""דירה בבית קומות"", ""gush"": ""2856"", ""helka"": ""42"", ""tatHelka"": ""116"", ""parcelNum"": ""2856-42-116"", ""assetId"": ""11281264650"", ""scrapedAt"": ""2026-09-05T16:18:44.174Z""}"
sold,C:\Users\AVIV\gaba\gabay_pricing_core\tax_enriched_ashkelon_3room_36m.json,805,small_area_45_80,,2025-12-22,אשקלון,אפרידר,הנשיא 91,,3.0,65.0,,,,דירה בבית קומות,,,16846.0,,,,"{""dedupeKey"": ""1942-123-8:2025-12-22:1095000"", ""dealDate"": ""2025-12-22"", ""dealAmount"": ""1095000"", ""pricePerSqm"": ""16846"", ""address"": ""הנשיא 91"", ""cityName"": ""אשקלון"", ""neighborhoodName"": ""אפרידר"", ""rooms"": ""3"", ""floor"": ""שלישית"", ""area"": ""65"", ""propertyType"": ""דירה בבית קומות"", ""gush"": ""1942"", ""helka"": ""123"", ""tatHelka"": ""8"", ""parcelNum"": ""1942-123-8"", ""assetId"": ""11282033970"", ""scrapedAt"": ""2026-09-05T16:18:44.174Z""}"
sold,C:\Users\AVIV\gaba\gabay_pricing_core\tax_enriched_ashkelon_3room_36m.json,806,small_area_45_80,,2025-12-22,אשקלון,מתחם מ-7,דרך הים 31,,3.0,79.0,,,,דירה בבית קומות,,,10089.0,,,,"{""dedupeKey"": ""370-40-199:2025-12-22:797000"", ""dealDate"": ""2025-12-22"", ""dealAmount"": ""797000"", ""pricePerSqm"": ""10089"", ""address"": ""דרך הים 31"", ""cityName"": ""אשקלון"", ""neighborhoodName"": ""מתחם מ-7"", ""rooms"": ""3"", ""floor"": ""עשירית"", ""area"": ""79"", ""propertyType"": ""דירה בבית קומות"", ""gush"": ""370"", ""helka"": ""40"", ""tatHelka"": ""199"", ""parcelNum"": ""370-40-199"", ""assetId"": ""11281536450"", ""scrapedAt"": ""2026-09-05T16:18:44.174Z""}"
sold,C:\Users\AVIV\gaba\gabay_pricing_core\tax_enriched_ashkelon_3room_36m.json,809,small_area_45_80,,2025-12-21,אשקלון,מתחם מ-7,דרך הים 31,,3.0,79.0,,,,,,,10090.0,,,,"{""dedupeKey"": ""370-40-183:2025-12-21:797098"", ""dealDate"": ""2025-12-21"", ""dealAmount"": ""797098"", ""pricePerSqm"": ""10090"", ""address"": ""דרך הים 31"", ""cityName"": ""אשקלון"", ""neighborhoodName"": ""מתחם מ-7"", ""rooms"": ""3"", ""floor"": ""רביעית"", ""area"": ""79"", ""gush"": ""370"", ""helka"": ""40"", ""tatHelka"": ""183"", ""parcelNum"": ""370-40-183"", ""assetId"": ""11352611065"", ""scrapedAt"": ""2026-09-05T16:18:44.174Z""}"
sold,C:\Users\AVIV\gaba\gabay_pricing_core\tax_enriched_ashkelon_3room_36m.json,811,small_area_45_80,,2025-12-17,אשקלון,נוה דקלים,הגולן 21,,3.0,64.0,,,,דירה בבית קומות,,,15172.0,,,,"{""dedupeKey"": ""3045-88-1:2025-12-17:971000"", ""dealDate"": ""2025-12-17"", ""dealAmount"": ""971000"", ""pricePerSqm"": ""15172"", ""address"": ""הגולן 21"", ""cityName"": ""אשקלון"", ""neighborhoodName"": ""נוה דקלים"", ""rooms"": ""3"", ""area"": ""64"", ""propertyType"": ""דירה בבית קומות"", ""gush"": ""3045"", ""helka"": ""88"", ""tatHelka"": ""1"", ""parcelNum"": ""3045-88-1"", ""assetId"": ""11344457430"", ""scrapedAt"": ""2026-09-05T16:18:44.174Z""}"
sold,C:\Users\AVIV\gaba\gabay_pricing_core\tax_enriched_ashkelon_3room_36m.json,812,small_area_45_80,,2025-12-16,אשקלון,מרינה,יפה נוף 29,,3.0,47.0,,,,דירה בבית קומות,,,24468.0,,,,"{""dedupeKey"": ""1938-438-19:2025-12-16:1150000"", ""dealDate"": ""2025-12-16"", ""dealAmount"": ""1150000"", ""pricePerSqm"": ""24468"", ""address"": ""יפה נוף 29"", ""cityName"": ""אשקלון"", ""neighborhoodName"": ""מרינה"", ""rooms"": ""3"", ""floor"": ""שניה"", ""area"": ""47"", ""propertyType"": ""דירה בבית קומות"", ""gush"": ""1938"", ""helka"": ""438"", ""tatHelka"": ""19"", ""parcelNum"": ""1938-438-19"", ""assetId"": ""11281880970"", ""scrapedAt"": ""2026-09-05T16:18:44.174Z""}"
sold,C:\Users\AVIV\gaba\gabay_pricing_core\tax_enriched_ashkelon_3room_36m.json,813,small_area_45_80,,2025-12-14,אשקלון,נווה אלונים,שפירא 1,,3.0,61.0,,,,דירה בבית קומות,,,16311.0,,,,"{""dedupeKey"": ""3019-53-20:2025-12-14:995000"", ""dealDate"": ""2025-12-14"", ""dealAmount"": ""995000"", ""pricePerSqm"": ""16311"", ""address"": ""שפירא 1"", ""cityName"": ""אשקלון"", ""neighborhoodName"": ""נווה אלונים"", ""rooms"": ""3"", ""floor"": ""ראשונה"", ""area"": ""61"", ""propertyType"": ""דירה בבית קומות"", ""gush"": ""3019"", ""helka"": ""53"", ""tatHelka"": ""20"", ""parcelNum"": ""3019-53-20"", ""assetId"": ""11280855600"", ""scrapedAt"": ""2026-09-05T16:18:44.174Z""}"
sold,C:\Users\AVIV\gaba\gabay_pricing_core\tax_enriched_ashkelon_3room_36m.json,814,small_area_45_80,,2025-12-14,אשקלון,נאות אשקלון,אריה 14,,3.0,68.0,,,,דירה בבית קומות,False,,15147.0,,,,"{""dedupeKey"": ""1296-16-118:2025-12-14:1030000"", ""dealDate"": ""2025-12-14"", ""dealAmount"": ""1030000"", ""pricePerSqm"": ""15147"", ""address"": ""אריה 14"", ""cityName"": ""אשקלון"", ""neighborhoodName"": ""נאות אשקלון"", ""rooms"": ""3"", ""floor"": ""שישית"", ""area"": ""68"", ""propertyType"": ""דירה בבית קומות"", ""isFirstHand"": ""False"", ""gush"": ""1296"", ""helka"": ""16"", ""tatHelka"": ""118"", ""parcelNum"": ""1296-16-118"", ""assetId"": ""11281435380"", ""scrapedAt"": ""2026-09-05T16:18:44.174Z""}"
sold,C:\Users\AVIV\gaba\gabay_pricing_core\tax_enriched_ashkelon_3room_36m.json,815,small_area_45_80,,2025-12-14,אשקלון,מתחם מ-7,דרך הים 31,,3.0,79.0,,,,דירה בבית קומות,,,10025.0,,,,"{""dedupeKey"": ""370-40-201:2025-12-14:792000"", ""dealDate"": ""2025-12-14"", ""dealAmount"": ""792000"", ""pricePerSqm"": ""10025"", ""address"": ""דרך הים 31"", ""cityName"": ""אשקלון"", ""neighborhoodName"": ""מתחם מ-7"", ""rooms"": ""3"", ""floor"": ""רביעית"", ""area"": ""79"", ""propertyType"": ""דירה בבית קומות"", ""gush"": ""370"", ""helka"": ""40"", ""tatHelka"": ""201"", ""parcelNum"": ""370-40-201"", ""assetId"": ""11280615660"", ""scrapedAt"": ""2026-09-05T16:18:44.174Z""}"
sold,C:\Users\AVIV\gaba\gabay_pricing_core\tax_enriched_ashkelon_3room_36m.json,816,small_area_45_80,,2025-12-13,אשקלון,מתחם מ-7,דרך הים 31,,3.0,79.0,,,,,,,10037.0,,,,"{""dedupeKey"": ""370-40-182:2025-12-13:792917"", ""dealDate"": ""2025-12-13"", ""dealAmount"": ""792917"", ""pricePerSqm"": ""10037"", ""address"": ""דרך הים 31"", ""cityName"": ""אשקלון"", ""neighborhoodName"": ""מתחם מ-7"", ""rooms"": ""3"", ""floor"": ""רביעית"", ""area"": ""79"", ""gush"": ""370"", ""helka"": ""40"", ""tatHelka"": ""182"", ""parcelNum"": ""370-40-182"", ""assetId"": ""11352611064"", ""scrapedAt"": ""2026-09-05T16:18:44.174Z""}"
sold,C:\Users\AVIV\gaba\gabay_pricing_core\tax_enriched_ashkelon_3room_36m.json,817,small_area_45_80,,2025-12-12,אשקלון,גולדה,אליעזר בן יהודה 2,,3.0,68.0,,,,דירה בבית קומות,,,18456.0,,,,"{""dedupeKey"": ""2843-27-58:2025-12-12:1255000"", ""dealDate"": ""2025-12-12"", ""dealAmount"": ""1255000"", ""pricePerSqm"": ""18456"", ""address"": ""אליעזר בן יהודה 2"", ""cityName"": ""אשקלון"", ""neighborhoodName"": ""גולדה"", ""rooms"": ""3"", ""floor"": ""קרקע"", ""area"": ""68"", ""propertyType"": ""דירה בבית קומות"", ""gush"": ""2843"", ""helka"": ""27"", ""tatHelka"": ""58"", ""parcelNum"": ""2843-27-58"", ""assetId"": ""11280697290"", ""scrapedAt"": ""2026-09-05T16:18:44.174Z""}"
sold,C:\Users\AVIV\gaba\gabay_pricing_core\tax_enriched_ashkelon_3room_36m.json,820,small_area_45_80,,2025-12-11,אשקלון,ז'בוטינסקי,"ביל""ו 1",,3.0,58.0,,,,דירה בבית קומות,,,19569.0,,,,"{""dedupeKey"": ""1998-8-12:2025-12-11:1135000"", ""dealDate"": ""2025-12-11"", ""dealAmount"": ""1135000"", ""pricePerSqm"": ""19569"", ""address"": ""ביל\""ו 1"", ""cityName"": ""אשקלון"", ""neighborhoodName"": ""ז'בוטינסקי"", ""rooms"": ""3"", ""floor"": ""שניה"", ""area"": ""58"", ""propertyType"": ""דירה בבית קומות"", ""gush"": ""1998"", ""helka"": ""8"", ""tatHelka"": ""12"", ""parcelNum"": ""1998-8-12"", ""assetId"": ""11280577860"", ""scrapedAt"": ""2026-09-05T16:18:44.174Z""}"
sold,C:\Users\AVIV\gaba\gabay_pricing_core\tax_enriched_ashkelon_3room_36m.json,821,small_area_45_80,,2025-12-10,אשקלון,ז'בוטינסקי,ביאליק 286,,3.0,73.0,,,,דירה בבית קומות,,,11781.0,,,,"{""dedupeKey"": ""1996-146-11:2025-12-10:860000"", ""dealDate"": ""2025-12-10"", ""dealAmount"": ""860000"", ""pricePerSqm"": ""11781"", ""address"": ""ביאליק 286"", ""cityName"": ""אשקלון"", ""neighborhoodName"": ""ז'בוטינסקי"", ""rooms"": ""3"", ""floor"": ""ראשונה"", ""area"": ""73"", ""propertyType"": ""דירה בבית קומות"", ""gush"": ""1996"", ""helka"": ""146"", ""tatHelka"": ""11"", ""parcelNum"": ""1996-146-11"", ""assetId"": ""11280297960"", ""scrapedAt"": ""2026-09-05T16:18:44.174Z""}"
sold,C:\Users\AVIV\gaba\gabay_pricing_core\tax_enriched_ashkelon_3room_36m.json,823,small_area_45_80,,2025-12-10,אשקלון,גולדה,עולי הגרדום 9,,3.0,69.0,,,,דירה בבית קומות,,,17391.0,,,,"{""dedupeKey"": ""3012-38-4:2025-12-10:1200000"", ""dealDate"": ""2025-12-10"", ""dealAmount"": ""1200000"", ""pricePerSqm"": ""17391"", ""address"": ""עולי הגרדום 9"", ""cityName"": ""אשקלון"", ""neighborhoodName"": ""גולדה"", ""rooms"": ""3"", ""floor"": ""ראשונה"", ""area"": ""69"", ""propertyType"": ""דירה בבית קומות"", ""gush"": ""3012"", ""helka"": ""38"", ""tatHelka"": ""4"", ""parcelNum"": ""3012-38-4"", ""assetId"": ""11280587490"", ""scrapedAt"": ""2026-09-05T16:18:44.174Z""}"
sold,C:\Users\AVIV\gaba\gabay_pricing_core\tax_enriched_ashkelon_3room_36m.json,824,small_area_45_80,,2025-12-09,אשקלון,בן גוריון,טשרניחובסקי 4,,3.0,71.0,,,,דירה בבית קומות,,,12676.0,,,,"{""dedupeKey"": ""1964-69-9:2025-12-09:900000"", ""dealDate"": ""2025-12-09"", ""dealAmount"": ""900000"", ""pricePerSqm"": ""12676"", ""address"": ""טשרניחובסקי 4"", ""cityName"": ""אשקלון"", ""neighborhoodName"": ""בן גוריון"", ""rooms"": ""3"", ""floor"": ""שניה"", ""area"": ""71"", ""propertyType"": ""דירה בבית קומות"", ""gush"": ""1964"", ""helka"": ""69"", ""tatHelka"": ""9"", ""parcelNum"": ""1964-69-9"", ""assetId"": ""11280277080"", ""scrapedAt"": ""2026-09-05T16:18:44.175Z""}"
sold,C:\Users\AVIV\gaba\gabay_pricing_core\tax_enriched_ashkelon_3room_36m.json,825,small_area_45_80,,2025-12-09,אשקלון,נווה ים,"ש""י עגנון 2",,3.0,70.0,,,,דירה בבית קומות,,,14286.0,,,,"{""dedupeKey"": ""3017-15-13:2025-12-09:1000000"", ""dealDate"": ""2025-12-09"", ""dealAmount"": ""1000000"", ""pricePerSqm"": ""14286"", ""address"": ""ש\""י עגנון 2"", ""cityName"": ""אשקלון"", ""neighborhoodName"": ""נווה ים"", ""rooms"": ""3"", ""floor"": ""רביעית"", ""area"": ""70"", ""propertyType"": ""דירה בבית קומות"", ""gush"": ""3017"", ""helka"": ""15"", ""tatHelka"": ""13"", ""parcelNum"": ""3017-15-13"", ""assetId"": ""11281714650"", ""scrapedAt"": ""2026-09-05T16:18:44.175Z""}"
sold,C:\Users\AVIV\gaba\gabay_pricing_core\tax_enriched_ashkelon_3room_36m.json,826,small_area_45_80,,2025-12-09,אשקלון,גולדה,עולי הגרדום 10,,3.0,62.0,,,,דירה בבית קומות,,,23871.0,,,,"{""dedupeKey"": ""3012-5-1:2025-12-09:1480000"", ""dealDate"": ""2025-12-09"", ""dealAmount"": ""1480000"", ""pricePerSqm"": ""23871"", ""address"": ""עולי הגרדום 10"", ""cityName"": ""אשקלון"", ""neighborhoodName"": ""גולדה"", ""rooms"": ""3"", ""floor"": ""קרקע"", ""area"": ""62"", ""propertyType"": ""דירה בבית קומות"", ""gush"": ""3012"", ""helka"": ""5"", ""tatHelka"": ""1"", ""parcelNum"": ""3012-5-1"", ""assetId"": ""11281829760"", ""scrapedAt"": ""2026-09-05T16:18:44.175Z""}"
sold,C:\Users\AVIV\gaba\gabay_pricing_core\tax_enriched_ashkelon_3room_36m.json,827,small_area_45_80,,2025-12-09,אשקלון,גבעת ציון,בנימין 12,,3.0,79.0,,,,דירה בבית קומות,,,15949.0,,,,"{""dedupeKey"": ""1658-73-7:2025-12-09:1260000"", ""dealDate"": ""2025-12-09"", ""dealAmount"": ""1260000"", ""pricePerSqm"": ""15949"", ""address"": ""בנימין 12"", ""cityName"": ""אשקלון"", ""neighborhoodName"": ""גבעת ציון"", ""rooms"": ""3"", ""floor"": ""ראשונה"", ""area"": ""79"", ""propertyType"": ""דירה בבית קומות"", ""gush"": ""1658"", ""helka"": ""73"", ""tatHelka"": ""7"", ""parcelNum"": ""1658-73-7"", ""assetId"": ""11280729420"", ""scrapedAt"": ""2026-09-05T16:18:44.175Z""}"
sold,C:\Users\AVIV\gaba\gabay_pricing_core\tax_enriched_ashkelon_3room_36m.json,828,small_area_45_80,,2025-12-08,אשקלון,נווה ים,שפירא 16,,3.0,69.0,,,,דירה בבית קומות,,,15217.0,,,,"{""dedupeKey"": ""3015-4-13:2025-12-08:1050000"", ""dealDate"": ""2025-12-08"", ""dealAmount"": ""1050000"", ""pricePerSqm"": ""15217"", ""address"": ""שפירא 16"", ""cityName"": ""אשקלון"", ""neighborhoodName"": ""נווה ים"", ""rooms"": ""3"", ""floor"": ""רביעית"", ""area"": ""69"", ""propertyType"": ""דירה בבית קומות"", ""gush"": ""3015"", ""helka"": ""4"", ""tatHelka"": ""13"", ""parcelNum"": ""3015-4-13"", ""assetId"": ""11281956570"", ""scrapedAt"": ""2026-09-05T16:18:44.175Z""}"
sold,C:\Users\AVIV\gaba\gabay_pricing_core\tax_enriched_ashkelon_3room_36m.json,829,small_area_45_80,,2025-12-08,אשקלון,,שפיה 15,,3.0,75.0,,,,דירה בבית קומות,,,20800.0,,,,"{""dedupeKey"": ""369-66-6:2025-12-08:1560000"", ""dealDate"": ""2025-12-08"", ""dealAmount"": ""1560000"", ""pricePerSqm"": ""20800"", ""address"": ""שפיה 15"", ""cityName"": ""אשקלון"", ""rooms"": ""3"", ""floor"": ""שישית"", ""area"": ""75"", ""propertyType"": ""דירה בבית קומות"", ""gush"": ""369"", ""helka"": ""66"", ""tatHelka"": ""6"", ""parcelNum"": ""369-66-6"", ""assetId"": ""11279993400"", ""scrapedAt"": ""2026-09-05T16:18:44.175Z""}"
sold,C:\Users\AVIV\gaba\gabay_pricing_core\tax_enriched_ashkelon_3room_36m.json,831,small_area_45_80,,2025-12-08,אשקלון,בן גוריון,ביאליק 36,,3.0,50.0,,,,דירה בבית קומות,,,19000.0,,,,"{""dedupeKey"": ""1964-104-5:2025-12-08:950000"", ""dealDate"": ""2025-12-08"", ""dealAmount"": ""950000"", ""pricePerSqm"": ""19000"", ""address"": ""ביאליק 36"", ""cityName"": ""אשקלון"", ""neighborhoodName"": ""בן גוריון"", ""rooms"": ""3"", ""floor"": ""שניה"", ""area"": ""50"", ""propertyType"": ""דירה בבית קומות"", ""gush"": ""1964"", ""helka"": ""104"", ""tatHelka"": ""5"", ""parcelNum"": ""1964-104-5"", ""assetId"": ""11281289940"", ""scrapedAt"": ""2026-09-05T16:18:44.175Z""}"
sold,C:\Users\AVIV\gaba\gabay_pricing_core\tax_enriched_ashkelon_3room_36m.json,833,small_area_45_80,,2025-12-07,אשקלון,כוכב הצפון,התלמוד 5,,3.0,72.0,,2.0,,דירה בבית קומות,,,15278.0,,,,"{""dedupeKey"": ""2881-42-9:2025-12-07:1100000"", ""dealDate"": ""2025-12-07"", ""dealAmount"": ""1100000"", ""pricePerSqm"": ""15278"", ""address"": ""התלמוד 5"", ""cityName"": ""אשקלון"", ""neighborhoodName"": ""כוכב הצפון"", ""rooms"": ""3"", ""floor"": ""קומה ‎2‏"", ""area"": ""72"", ""propertyType"": ""דירה בבית קומות"", ""gush"": ""2881"", ""helka"": ""42"", ""tatHelka"": ""9"", ""parcelNum"": ""2881-42-9"", ""assetId"": ""11340352800"", ""scrapedAt"": ""2026-09-05T16:18:44.175Z""}"
sold,C:\Users\AVIV\gaba\gabay_pricing_core\tax_enriched_ashkelon_3room_36m.json,834,small_area_45_80,,2025-12-07,אשקלון,אפרידר,בר כוכבא 33,,3.0,69.0,,,,דירה בבית קומות,,,16884.0,,,,"{""dedupeKey"": ""2871-98-46:2025-12-07:1165000"", ""dealDate"": ""2025-12-07"", ""dealAmount"": ""1165000"", ""pricePerSqm"": ""16884"", ""address"": ""בר כוכבא 33"", ""cityName"": ""אשקלון"", ""neighborhoodName"": ""אפרידר"", ""rooms"": ""3"", ""floor"": ""שניה"", ""area"": ""69"", ""propertyType"": ""דירה בבית קומות"", ""gush"": ""2871"", ""helka"": ""98"", ""tatHelka"": ""46"", ""parcelNum"": ""2871-98-46"", ""assetId"": ""11340224280"", ""scrapedAt"": ""2026-09-05T16:18:44.175Z""}"
sold,C:\Users\AVIV\gaba\gabay_pricing_core\tax_enriched_ashkelon_3room_36m.json,836,small_area_45_80,,2025-12-07,אשקלון,נאות אשקלון,נווה שלום 17,,3.0,67.0,,,,דירה בבית קומות,False,,17313.0,,,,"{""dedupeKey"": ""1296-18-15:2025-12-07:1160000"", ""dealDate"": ""2025-12-07"", ""dealAmount"": ""1160000"", ""pricePerSqm"": ""17313"", ""address"": ""נווה שלום 17"", ""cityName"": ""אשקלון"", ""neighborhoodName"": ""נאות אשקלון"", ""rooms"": ""3"", ""floor"": ""רביעית"", ""area"": ""67"", ""propertyType"": ""דירה בבית קומות"", ""isFirstHand"": ""False"", ""gush"": ""1296"", ""helka"": ""18"", ""tatHelka"": ""15"", ""parcelNum"": ""1296-18-15"", ""assetId"": ""11279846610"", ""scrapedAt"": ""2026-09-05T16:18:44.175Z""}"
sold,C:\Users\AVIV\gaba\gabay_pricing_core\tax_enriched_ashkelon_3room_36m.json,837,small_area_45_80,,2025-12-07,אשקלון,גולדה,שפירא 74,,3.0,73.0,,,,דירה בבית קומות,,,14384.0,,,,"{""dedupeKey"": ""2843-23-60:2025-12-07:1050000"", ""dealDate"": ""2025-12-07"", ""dealAmount"": ""1050000"", ""pricePerSqm"": ""14384"", ""address"": ""שפירא 74"", ""cityName"": ""אשקלון"", ""neighborhoodName"": ""גולדה"", ""rooms"": ""3"", ""floor"": ""ראשונה"", ""area"": ""73"", ""propertyType"": ""דירה בבית קומות"", ""gush"": ""2843"", ""helka"": ""23"", ""tatHelka"": ""60"", ""parcelNum"": ""2843-23-60"", ""assetId"": ""11279838420"", ""scrapedAt"": ""2026-09-05T16:18:44.175Z""}"
sold,C:\Users\AVIV\gaba\gabay_pricing_core\tax_enriched_ashkelon_3room_36m.json,838,small_area_45_80,,2025-12-07,אשקלון,ז'בוטינסקי,"ביל""ו 1",,3.0,58.0,,,,דירה בבית קומות,,,18276.0,,,,"{""dedupeKey"": ""1998-8-10:2025-12-07:1060000"", ""dealDate"": ""2025-12-07"", ""dealAmount"": ""1060000"", ""pricePerSqm"": ""18276"", ""address"": ""ביל\""ו 1"", ""cityName"": ""אשקלון"", ""neighborhoodName"": ""ז'בוטינסקי"", ""rooms"": ""3"", ""floor"": ""ראשונה"", ""area"": ""58"", ""propertyType"": ""דירה בבית קומות"", ""gush"": ""1998"", ""helka"": ""8"", ""tatHelka"": ""10"", ""parcelNum"": ""1998-8-10"", ""assetId"": ""11281282470"", ""scrapedAt"": ""2026-09-05T16:18:44.175Z""}"
sold,C:\Users\AVIV\gaba\gabay_pricing_core\tax_enriched_ashkelon_3room_36m.json,839,small_area_45_80,,2025-12-04,אשקלון,ז'בוטינסקי,מרדכי אנילביץ 438,,3.0,65.0,,,,דירה בבית קומות,,,15231.0,,,,"{""dedupeKey"": ""1996-84-3:2025-12-04:990000"", ""dealDate"": ""2025-12-04"", ""dealAmount"": ""990000"", ""pricePerSqm"": ""15231"", ""address"": ""מרדכי אנילביץ 438"", ""cityName"": ""אשקלון"", ""neighborhoodName"": ""ז'בוטינסקי"", ""rooms"": ""3"", ""floor"": ""שניה"", ""area"": ""65"", ""propertyType"": ""דירה בבית קומות"", ""gush"": ""1996"", ""helka"": ""84"", ""tatHelka"": ""3"", ""parcelNum"": ""1996-84-3"", ""assetId"": ""11280704040"", ""scrapedAt"": ""2026-09-05T16:18:44.175Z""}"
sold,C:\Users\AVIV\gaba\gabay_pricing_core\tax_enriched_ashkelon_3room_36m.json,840,small_area_45_80,,2025-12-04,אשקלון,גני ברנע,מונטיפיורי 18,,3.0,59.0,,,,דירה בבית קומות,,,20678.0,,,,"{""dedupeKey"": ""2878-4-8:2025-12-04:1220000"", ""dealDate"": ""2025-12-04"", ""dealAmount"": ""1220000"", ""pricePerSqm"": ""20678"", ""address"": ""מונטיפיורי 18"", ""cityName"": ""אשקלון"", ""neighborhoodName"": ""גני ברנע"", ""rooms"": ""3"", ""floor"": ""שניה"", ""area"": ""59"", ""propertyType"": ""דירה בבית קומות"", ""gush"": ""2878"", ""helka"": ""4"", ""tatHelka"": ""8"", ""parcelNum"": ""2878-4-8"", ""assetId"": ""11279626650"", ""scrapedAt"": ""2026-09-05T16:18:44.175Z""}"
sold,C:\Users\AVIV\gaba\gabay_pricing_core\tax_enriched_ashkelon_3room_36m.json,842,small_area_45_80,,2025-12-02,אשקלון,האגמים,,,3.0,80.0,,,,דירה בבית קומות,,,19625.0,,,,"{""dedupeKey"": ""2882-18-43:2025-12-02:1570000"", ""dealDate"": ""2025-12-02"", ""dealAmount"": ""1570000"", ""pricePerSqm"": ""19625"", ""cityName"": ""אשקלון"", ""neighborhoodName"": ""האגמים"", ""rooms"": ""3"", ""floor"": ""חמישית"", ""area"": ""80"", ""propertyType"": ""דירה בבית קומות"", ""gush"": ""2882"", ""helka"": ""18"", ""tatHelka"": ""43"", ""parcelNum"": ""2882-18-43"", ""assetId"": ""11279844990"", ""scrapedAt"": ""2026-09-05T16:18:44.175Z""}"
sold,C:\Users\AVIV\gaba\gabay_pricing_core\tax_enriched_ashkelon_3room_36m.json,843,small_area_45_80,,2025-12-02,אשקלון,ז'בוטינסקי,"ביל""ו 5",,3.0,67.0,,,,דירה בבית קומות,,,14030.0,,,,"{""dedupeKey"": ""1998-10-3:2025-12-02:940000"", ""dealDate"": ""2025-12-02"", ""dealAmount"": ""940000"", ""pricePerSqm"": ""14030"", ""address"": ""ביל\""ו 5"", ""cityName"": ""אשקלון"", ""neighborhoodName"": ""ז'בוטינסקי"", ""rooms"": ""3"", ""floor"": ""שניה"", ""area"": ""67"", ""propertyType"": ""דירה בבית קומות"", ""gush"": ""1998"", ""helka"": ""10"", ""tatHelka"": ""3"", ""parcelNum"": ""1998-10-3"", ""assetId"": ""11280662550"", ""scrapedAt"": ""2026-09-05T16:18:44.175Z""}"
sold,C:\Users\AVIV\gaba\gabay_pricing_core\tax_enriched_ashkelon_3room_36m.json,844,small_area_45_80,,2025-12-02,אשקלון,רמת כרמים,קדש 6,,3.0,76.0,,,,דירה בבית קומות,,,18947.0,,,,"{""dedupeKey"": ""2754-159-30:2025-12-02:1440000"", ""dealDate"": ""2025-12-02"", ""dealAmount"": ""1440000"", ""pricePerSqm"": ""18947"", ""address"": ""קדש 6"", ""cityName"": ""אשקלון"", ""neighborhoodName"": ""רמת כרמים"", ""rooms"": ""3"", ""floor"": ""שמינית"", ""area"": ""76"", ""propertyType"": ""דירה בבית קומות"", ""gush"": ""2754"", ""helka"": ""159"", ""tatHelka"": ""30"", ""parcelNum"": ""2754-159-30"", ""assetId"": ""11279536110"", ""scrapedAt"": ""2026-09-05T16:18:44.175Z""}"
sold,C:\Users\AVIV\gaba\gabay_pricing_core\tax_enriched_ashkelon_3room_36m.json,846,small_area_45_80,,2025-11-30,אשקלון,אפרידר,דרום אפריקה 6,,3.0,68.0,,,,דירה בבית קומות,,,16838.0,,,,"{""dedupeKey"": ""1932-81-47:2025-11-30:1145000"", ""dealDate"": ""2025-11-30"", ""dealAmount"": ""1145000"", ""pricePerSqm"": ""16838"", ""address"": ""דרום אפריקה 6"", ""cityName"": ""אשקלון"", ""neighborhoodName"": ""אפרידר"", ""rooms"": ""3"", ""floor"": ""שלישית"", ""area"": ""68"", ""propertyType"": ""דירה בבית קומות"", ""gush"": ""1932"", ""helka"": ""81"", ""tatHelka"": ""47"", ""parcelNum"": ""1932-81-47"", ""assetId"": ""11280975120"", ""scrapedAt"": ""2026-09-05T16:18:44.175Z""}"
sold,C:\Users\AVIV\gaba\gabay_pricing_core\tax_enriched_ashkelon_3room_36m.json,847,small_area_45_80,,2025-11-30,אשקלון,כוכב הצפון,הרב הרצוג 2,,3.0,76.0,,,,דירה בבית קומות,,,13684.0,,,,"{""dedupeKey"": ""2879-12-4:2025-11-30:1040000"", ""dealDate"": ""2025-11-30"", ""dealAmount"": ""1040000"", ""pricePerSqm"": ""13684"", ""address"": ""הרב הרצוג 2"", ""cityName"": ""אשקלון"", ""neighborhoodName"": ""כוכב הצפון"", ""rooms"": ""3"", ""floor"": ""רביעית"", ""area"": ""76"", ""propertyType"": ""דירה בבית קומות"", ""gush"": ""2879"", ""helka"": ""12"", ""tatHelka"": ""4"", ""parcelNum"": ""2879-12-4"", ""assetId"": ""11280731490"", ""scrapedAt"": ""2026-09-05T16:18:44.175Z""}"
sold,C:\Users\AVIV\gaba\gabay_pricing_core\tax_enriched_ashkelon_3room_36m.json,849,small_area_45_80,,2025-11-27,אשקלון,מתחם מ-7,דרך הים 31,,3.0,79.0,,,,דירה בבית קומות,,,10013.0,,,,"{""dedupeKey"": ""370-40-202:2025-11-27:791000"", ""dealDate"": ""2025-11-27"", ""dealAmount"": ""791000"", ""pricePerSqm"": ""10013"", ""address"": ""דרך הים 31"", ""cityName"": ""אשקלון"", ""neighborhoodName"": ""מתחם מ-7"", ""rooms"": ""3"", ""floor"": ""חמישית"", ""area"": ""79"", ""propertyType"": ""דירה בבית קומות"", ""gush"": ""370"", ""helka"": ""40"", ""tatHelka"": ""202"", ""parcelNum"": ""370-40-202"", ""assetId"": ""11279150910"", ""scrapedAt"": ""2026-09-05T16:18:44.175Z""}"
sold,C:\Users\AVIV\gaba\gabay_pricing_core\tax_enriched_ashkelon_3room_36m.json,852,small_area_45_80,,2025-11-26,אשקלון,כוכב הצפון,"רמב""ם 12",,3.0,70.0,,,,דירה בבית קומות,,,14286.0,,,,"{""dedupeKey"": ""1201-136-16:2025-11-26:1000000"", ""dealDate"": ""2025-11-26"", ""dealAmount"": ""1000000"", ""pricePerSqm"": ""14286"", ""address"": ""רמב\""ם 12"", ""cityName"": ""אשקלון"", ""neighborhoodName"": ""כוכב הצפון"", ""rooms"": ""3"", ""floor"": ""רביעית"", ""area"": ""70"", ""propertyType"": ""דירה בבית קומות"", ""gush"": ""1201"", ""helka"": ""136"", ""tatHelka"": ""16"", ""parcelNum"": ""1201-136-16"", ""assetId"": ""11279248920"", ""scrapedAt"": ""2026-09-05T16:18:44.175Z""}"
sold,C:\Users\AVIV\gaba\gabay_pricing_core\tax_enriched_ashkelon_3room_36m.json,853,small_area_45_80,,2025-11-26,אשקלון,נווה אלונים,ההסתדרות 716,,3.0,60.0,,,,דירה בבית קומות,,,15833.0,,,,"{""dedupeKey"": ""3019-18-39:2025-11-26:950000"", ""dealDate"": ""2025-11-26"", ""dealAmount"": ""950000"", ""pricePerSqm"": ""15833"", ""address"": ""ההסתדרות 716"", ""cityName"": ""אשקלון"", ""neighborhoodName"": ""נווה אלונים"", ""rooms"": ""3"", ""floor"": ""שניה"", ""area"": ""60"", ""propertyType"": ""דירה בבית קומות"", ""gush"": ""3019"", ""helka"": ""18"", ""tatHelka"": ""39"", ""parcelNum"": ""3019-18-39"", ""assetId"": ""11281578120"", ""scrapedAt"": ""2026-09-05T16:18:44.175Z""}"
sold,C:\Users\AVIV\gaba\gabay_pricing_core\tax_enriched_ashkelon_3room_36m.json,854,small_area_45_80,,2025-11-26,אשקלון,מתחם מ-7,דרך הים 31,,3.0,79.0,,,,,,,10018.0,,,,"{""dedupeKey"": ""370-40-181:2025-11-26:791416"", ""dealDate"": ""2025-11-26"", ""dealAmount"": ""791416"", ""pricePerSqm"": ""10018"", ""address"": ""דרך הים 31"", ""cityName"": ""אשקלון"", ""neighborhoodName"": ""מתחם מ-7"", ""rooms"": ""3"", ""floor"": ""שמינית"", ""area"": ""79"", ""gush"": ""370"", ""helka"": ""40"", ""tatHelka"": ""181"", ""parcelNum"": ""370-40-181"", ""assetId"": ""11352611063"", ""scrapedAt"": ""2026-09-05T16:18:44.175Z""}"
sold,C:\Users\AVIV\gaba\gabay_pricing_core\tax_enriched_ashkelon_3room_36m.json,855,small_area_45_80,,2025-11-26,אשקלון,נווה אילן,פקיעין 9,,3.0,64.0,,,,דירה בבית קומות,False,,21797.0,,,,"{""dedupeKey"": ""2507-9-76:2025-11-26:1395000"", ""dealDate"": ""2025-11-26"", ""dealAmount"": ""1395000"", ""pricePerSqm"": ""21797"", ""address"": ""פקיעין 9"", ""cityName"": ""אשקלון"", ""neighborhoodName"": ""נווה אילן"", ""rooms"": ""3"", ""floor"": ""תשיעית"", ""area"": ""64"", ""propertyType"": ""דירה בבית קומות"", ""isFirstHand"": ""False"", ""gush"": ""2507"", ""helka"": ""9"", ""tatHelka"": ""76"", ""parcelNum"": ""2507-9-76"", ""assetId"": ""11279190870"", ""scrapedAt"": ""2026-09-05T16:18:44.175Z""}"
sold,C:\Users\AVIV\gaba\gabay_pricing_core\tax_enriched_ashkelon_3room_36m.json,856,small_area_45_80,,2025-11-25,אשקלון,נאות אשקלון,לביאה 4,,3.0,78.0,,,,דירה בבית קומות,,,13359.0,,,,"{""dedupeKey"": ""1297-11-37:2025-11-25:1042000"", ""dealDate"": ""2025-11-25"", ""dealAmount"": ""1042000"", ""pricePerSqm"": ""13359"", ""address"": ""לביאה 4"", ""cityName"": ""אשקלון"", ""neighborhoodName"": ""נאות אשקלון"", ""rooms"": ""3"", ""floor"": ""שביעית"", ""area"": ""78"", ""propertyType"": ""דירה בבית קומות"", ""gush"": ""1297"", ""helka"": ""11"", ""tatHelka"": ""37"", ""parcelNum"": ""1297-11-37"", ""assetId"": ""11279338650"", ""scrapedAt"": ""2026-09-05T16:18:44.175Z""}"
sold,C:\Users\AVIV\gaba\gabay_pricing_core\tax_enriched_ashkelon_3room_36m.json,857,small_area_45_80,,2025-11-25,אשקלון,גני ברנע,מונטיפיורי 20,,3.0,59.0,,,,דירה בבית קומות,,,18644.0,,,,"{""dedupeKey"": ""2878-4-18:2025-11-25:1100000"", ""dealDate"": ""2025-11-25"", ""dealAmount"": ""1100000"", ""pricePerSqm"": ""18644"", ""address"": ""מונטיפיורי 20"", ""cityName"": ""אשקלון"", ""neighborhoodName"": ""גני ברנע"", ""rooms"": ""3"", ""floor"": ""ראשונה"", ""area"": ""59"", ""propertyType"": ""דירה בבית קומות"", ""gush"": ""2878"", ""helka"": ""4"", ""tatHelka"": ""18"", ""parcelNum"": ""2878-4-18"", ""assetId"": ""11279890260"", ""scrapedAt"": ""2026-09-05T16:18:44.175Z""}"
sold,C:\Users\AVIV\gaba\gabay_pricing_core\tax_enriched_ashkelon_3room_36m.json,858,small_area_45_80,,2025-11-25,אשקלון,,ארגמן 6,,3.0,80.0,,,,דירה בבית קומות,,,9563.0,,,,"{""dedupeKey"": ""1203-9-1:2025-11-25:765000"", ""dealDate"": ""2025-11-25"", ""dealAmount"": ""765000"", ""pricePerSqm"": ""9563"", ""address"": ""ארגמן 6"", ""cityName"": ""אשקלון"", ""rooms"": ""3"", ""floor"": ""שניה"", ""area"": ""80"", ""propertyType"": ""דירה בבית קומות"", ""gush"": ""1203"", ""helka"": ""9"", ""tatHelka"": ""1"", ""parcelNum"": ""1203-9-1"", ""assetId"": ""11279916270"", ""scrapedAt"": ""2026-09-05T16:18:44.175Z""}"
sold,C:\Users\AVIV\gaba\gabay_pricing_core\tax_enriched_ashkelon_3room_36m.json,859,small_area_45_80,,2025-11-25,אשקלון,בן גוריון,בן גוריון 32,,3.0,71.0,,,,דירה בבית קומות,,,15986.0,,,,"{""dedupeKey"": ""1963-81-68:2025-11-25:1135000"", ""dealDate"": ""2025-11-25"", ""dealAmount"": ""1135000"", ""pricePerSqm"": ""15986"", ""address"": ""בן גוריון 32"", ""cityName"": ""אשקלון"", ""neighborhoodName"": ""בן גוריון"", ""rooms"": ""3"", ""floor"": ""חמישית"", ""area"": ""71"", ""propertyType"": ""דירה בבית קומות"", ""gush"": ""1963"", ""helka"": ""81"", ""tatHelka"": ""68"", ""parcelNum"": ""1963-81-68"", ""assetId"": ""11278769130"", ""scrapedAt"": ""2026-09-05T16:18:44.175Z""}"
sold,C:\Users\AVIV\gaba\gabay_pricing_core\tax_enriched_ashkelon_3room_36m.json,860,small_area_45_80,,2025-11-24,אשקלון,נווה הדרים,סיוון 8,,3.0,71.0,,,,דירה בבית קומות,,,13380.0,,,,"{""dedupeKey"": ""1353-22-8:2025-11-24:950000"", ""dealDate"": ""2025-11-24"", ""dealAmount"": ""950000"", ""pricePerSqm"": ""13380"", ""address"": ""סיוון 8"", ""cityName"": ""אשקלון"", ""neighborhoodName"": ""נווה הדרים"", ""rooms"": ""3"", ""floor"": ""שלישית"", ""area"": ""71"", ""propertyType"": ""דירה בבית קומות"", ""gush"": ""1353"", ""helka"": ""22"", ""tatHelka"": ""8"", ""parcelNum"": ""1353-22-8"", ""assetId"": ""11279550960"", ""scrapedAt"": ""2026-09-05T16:18:44.175Z""}"
sold,C:\Users\AVIV\gaba\gabay_pricing_core\tax_enriched_ashkelon_3room_36m.json,861,small_area_45_80,,2025-11-24,אשקלון,מתחם מ-7,דרך הים 31,,3.0,80.0,,,,דירה בבית קומות,,,10088.0,,,,"{""dedupeKey"": ""370-40-204:2025-11-24:807000"", ""dealDate"": ""2025-11-24"", ""dealAmount"": ""807000"", ""pricePerSqm"": ""10088"", ""address"": ""דרך הים 31"", ""cityName"": ""אשקלון"", ""neighborhoodName"": ""מתחם מ-7"", ""rooms"": ""3"", ""floor"": ""שביעית"", ""area"": ""80"", ""propertyType"": ""דירה בבית קומות"", ""gush"": ""370"", ""helka"": ""40"", ""tatHelka"": ""204"", ""parcelNum"": ""370-40-204"", ""assetId"": ""11278890000"", ""scrapedAt"": ""2026-09-05T16:18:44.175Z""}"
sold,C:\Users\AVIV\gaba\gabay_pricing_core\tax_enriched_ashkelon_3room_36m.json,862,small_area_45_80,,2025-11-24,אשקלון,מתחם מ-7,דרך הים 31,,3.0,79.0,,,,דירה בבית קומות,,,10000.0,,,,"{""dedupeKey"": ""370-40-204:2025-11-24:790000"", ""dealDate"": ""2025-11-24"", ""dealAmount"": ""790000"", ""pricePerSqm"": ""10000"", ""address"": ""דרך הים 31"", ""cityName"": ""אשקלון"", ""neighborhoodName"": ""מתחם מ-7"", ""rooms"": ""3"", ""floor"": ""שביעית"", ""area"": ""79"", ""propertyType"": ""דירה בבית קומות"", ""gush"": ""370"", ""helka"": ""40"", ""tatHelka"": ""204"", ""parcelNum"": ""370-40-204"", ""assetId"": ""11278897470"", ""scrapedAt"": ""2026-09-05T16:18:44.175Z""}"
sold,C:\Users\AVIV\gaba\gabay_pricing_core\tax_enriched_ashkelon_3room_36m.json,863,small_area_45_80,,2025-11-23,אשקלון,שקמים,יוספטל 5,,3.0,50.0,,,,דירה בבית קומות,,,18200.0,,,,"{""dedupeKey"": ""1965-21-27:2025-11-23:910000"", ""dealDate"": ""2025-11-23"", ""dealAmount"": ""910000"", ""pricePerSqm"": ""18200"", ""address"": ""יוספטל 5"", ""cityName"": ""אשקלון"", ""neighborhoodName"": ""שקמים"", ""rooms"": ""3"", ""floor"": ""רביעית"", ""area"": ""50"", ""propertyType"": ""דירה בבית קומות"", ""gush"": ""1965"", ""helka"": ""21"", ""tatHelka"": ""27"", ""parcelNum"": ""1965-21-27"", ""assetId"": ""11278427490"", ""scrapedAt"": ""2026-09-05T16:18:44.175Z""}"
sold,C:\Users\AVIV\gaba\gabay_pricing_core\tax_enriched_ashkelon_3room_36m.json,864,small_area_45_80,,2025-11-23,אשקלון,מתחם מ-7,דרך הים 31,,3.0,80.0,,,,,,,10099.0,,,,"{""dedupeKey"": ""370-40-180:2025-11-23:807925"", ""dealDate"": ""2025-11-23"", ""dealAmount"": ""807925"", ""pricePerSqm"": ""10099"", ""address"": ""דרך הים 31"", ""cityName"": ""אשקלון"", ""neighborhoodName"": ""מתחם מ-7"", ""rooms"": ""3"", ""floor"": ""שלישית"", ""area"": ""80"", ""gush"": ""370"", ""helka"": ""40"", ""tatHelka"": ""180"", ""parcelNum"": ""370-40-180"", ""assetId"": ""11352611062"", ""scrapedAt"": ""2026-09-05T16:18:44.175Z""}"
sold,C:\Users\AVIV\gaba\gabay_pricing_core\tax_enriched_ashkelon_3room_36m.json,865,small_area_45_80,,2025-11-23,אשקלון,מרינה,יפה נוף 29,,3.0,56.0,,,,דירה בבית קומות,,,14286.0,,,,"{""dedupeKey"": ""1938-438-18:2025-11-23:800000"", ""dealDate"": ""2025-11-23"", ""dealAmount"": ""800000"", ""pricePerSqm"": ""14286"", ""address"": ""יפה נוף 29"", ""cityName"": ""אשקלון"", ""neighborhoodName"": ""מרינה"", ""rooms"": ""3"", ""floor"": ""שביעית"", ""area"": ""56"", ""propertyType"": ""דירה בבית קומות"", ""gush"": ""1938"", ""helka"": ""438"", ""tatHelka"": ""18"", ""parcelNum"": ""1938-438-18"", ""assetId"": ""11278761660"", ""scrapedAt"": ""2026-09-05T16:18:44.175Z""}"
sold,C:\Users\AVIV\gaba\gabay_pricing_core\tax_enriched_ashkelon_3room_36m.json,866,small_area_45_80,,2025-11-23,אשקלון,מתחם מ-7,דרך הים 31,,3.0,79.0,,,,,,,10012.0,,,,"{""dedupeKey"": ""370-40-178:2025-11-23:790922"", ""dealDate"": ""2025-11-23"", ""dealAmount"": ""790922"", ""pricePerSqm"": ""10012"", ""address"": ""דרך הים 31"", ""cityName"": ""אשקלון"", ""neighborhoodName"": ""מתחם מ-7"", ""rooms"": ""3"", ""floor"": ""שביעית"", ""area"": ""79"", ""gush"": ""370"", ""helka"": ""40"", ""tatHelka"": ""178"", ""parcelNum"": ""370-40-178"", ""assetId"": ""11352611061"", ""scrapedAt"": ""2026-09-05T16:18:44.175Z""}"
sold,C:\Users\AVIV\gaba\gabay_pricing_core\tax_enriched_ashkelon_3room_36m.json,867,small_area_45_80,,2025-11-20,אשקלון,נוה דקלים,הבשן 21,,3.0,80.0,,,,דירה בבית קומות,,,23125.0,,,,"{""dedupeKey"": ""3041-51-3:2025-11-20:1850000"", ""dealDate"": ""2025-11-20"", ""dealAmount"": ""1850000"", ""pricePerSqm"": ""23125"", ""address"": ""הבשן 21"", ""cityName"": ""אשקלון"", ""neighborhoodName"": ""נוה דקלים"", ""rooms"": ""3"", ""area"": ""80"", ""propertyType"": ""דירה בבית קומות"", ""gush"": ""3041"", ""helka"": ""51"", ""tatHelka"": ""3"", ""parcelNum"": ""3041-51-3"", ""assetId"": ""11278440000"", ""scrapedAt"": ""2026-09-05T16:18:44.175Z""}"
sold,C:\Users\AVIV\gaba\gabay_pricing_core\tax_enriched_ashkelon_3room_36m.json,868,small_area_45_80,,2025-11-19,אשקלון,שקמים,הרב מימון 2,,3.0,51.0,,,,דירה בבית קומות,,,15882.0,,,,"{""dedupeKey"": ""1965-25-3:2025-11-19:810000"", ""dealDate"": ""2025-11-19"", ""dealAmount"": ""810000"", ""pricePerSqm"": ""15882"", ""address"": ""הרב מימון 2"", ""cityName"": ""אשקלון"", ""neighborhoodName"": ""שקמים"", ""rooms"": ""3"", ""floor"": ""שניה"", ""area"": ""51"", ""propertyType"": ""דירה בבית קומות"", ""gush"": ""1965"", ""helka"": ""25"", ""tatHelka"": ""3"", ""parcelNum"": ""1965-25-3"", ""assetId"": ""11278723680"", ""scrapedAt"": ""2026-09-05T16:18:44.175Z""}"
sold,C:\Users\AVIV\gaba\gabay_pricing_core\tax_enriched_ashkelon_3room_36m.json,869,small_area_45_80,,2025-11-18,אשקלון,,שפיה 17,,3.0,75.0,,,,דירה בבית קומות,,,20000.0,,,,"{""dedupeKey"": ""369-67-11:2025-11-18:1500000"", ""dealDate"": ""2025-11-18"", ""dealAmount"": ""1500000"", ""pricePerSqm"": ""20000"", ""address"": ""שפיה 17"", ""cityName"": ""אשקלון"", ""rooms"": ""3"", ""floor"": ""רביעית"", ""area"": ""75"", ""propertyType"": ""דירה בבית קומות"", ""gush"": ""369"", ""helka"": ""67"", ""tatHelka"": ""11"", ""parcelNum"": ""369-67-11"", ""assetId"": ""11277982800"", ""scrapedAt"": ""2026-09-05T16:18:44.175Z""}"
sold,C:\Users\AVIV\gaba\gabay_pricing_core\tax_enriched_ashkelon_3room_36m.json,870,small_area_45_80,,2025-11-18,אשקלון,שקמים,יוספטל 3,,3.0,50.0,,,,דירה בבית קומות,,,16000.0,,,,"{""dedupeKey"": ""1965-20-24:2025-11-18:800000"", ""dealDate"": ""2025-11-18"", ""dealAmount"": ""800000"", ""pricePerSqm"": ""16000"", ""address"": ""יוספטל 3"", ""cityName"": ""אשקלון"", ""neighborhoodName"": ""שקמים"", ""rooms"": ""3"", ""floor"": ""שלישית"", ""area"": ""50"", ""propertyType"": ""דירה בבית קומות"", ""gush"": ""1965"", ""helka"": ""20"", ""tatHelka"": ""24"", ""parcelNum"": ""1965-20-24"", ""assetId"": ""11280683430"", ""scrapedAt"": ""2026-09-05T16:18:44.175Z""}"
sold,C:\Users\AVIV\gaba\gabay_pricing_core\tax_enriched_ashkelon_3room_36m.json,871,small_area_45_80,,2025-11-18,אשקלון,נווה אלונים,שפירא 13,,3.0,61.0,,,,דירה בבית קומות,,,13607.0,,,,"{""dedupeKey"": ""3019-12-8:2025-11-18:830000"", ""dealDate"": ""2025-11-18"", ""dealAmount"": ""830000"", ""pricePerSqm"": ""13607"", ""address"": ""שפירא 13"", ""cityName"": ""אשקלון"", ""neighborhoodName"": ""נווה אלונים"", ""rooms"": ""3"", ""floor"": ""רביעית"", ""area"": ""61"", ""propertyType"": ""דירה בבית קומות"", ""gush"": ""3019"", ""helka"": ""12"", ""tatHelka"": ""8"", ""parcelNum"": ""3019-12-8"", ""assetId"": ""11279961720"", ""scrapedAt"": ""2026-09-05T16:18:44.175Z""}"
sold,C:\Users\AVIV\gaba\gabay_pricing_core\tax_enriched_ashkelon_3room_36m.json,872,small_area_45_80,,2025-11-17,אשקלון,מתחם מ-7,דרך הים 31,,3.0,79.0,,,,דירה בבית קומות,,,10013.0,,,,"{""dedupeKey"": ""370-40-208:2025-11-17:791000"", ""dealDate"": ""2025-11-17"", ""dealAmount"": ""791000"", ""pricePerSqm"": ""10013"", ""address"": ""דרך הים 31"", ""cityName"": ""אשקלון"", ""neighborhoodName"": ""מתחם מ-7"", ""rooms"": ""3"", ""floor"": ""שישית"", ""area"": ""79"", ""propertyType"": ""דירה בבית קומות"", ""gush"": ""370"", ""helka"": ""40"", ""tatHelka"": ""208"", ""parcelNum"": ""370-40-208"", ""assetId"": ""11277977580"", ""scrapedAt"": ""2026-09-05T16:18:44.175Z""}"
sold,C:\Users\AVIV\gaba\gabay_pricing_core\tax_enriched_ashkelon_3room_36m.json,873,small_area_45_80,,2025-11-17,אשקלון,נווה אילן,אלי כהן 44,,3.0,69.0,,,,דירה בבית קומות,,,15217.0,,,,"{""dedupeKey"": ""2508-27-140:2025-11-17:1050000"", ""dealDate"": ""2025-11-17"", ""dealAmount"": ""1050000"", ""pricePerSqm"": ""15217"", ""address"": ""אלי כהן 44"", ""cityName"": ""אשקלון"", ""neighborhoodName"": ""נווה אילן"", ""rooms"": ""3"", ""floor"": ""חמישית"", ""area"": ""69"", ""propertyType"": ""דירה בבית קומות"", ""gush"": ""2508"", ""helka"": ""27"", ""tatHelka"": ""140"", ""parcelNum"": ""2508-27-140"", ""assetId"": ""11279310300"", ""scrapedAt"": ""2026-09-05T16:18:44.175Z""}"
sold,C:\Users\AVIV\gaba\gabay_pricing_core\tax_enriched_ashkelon_3room_36m.json,874,small_area_45_80,,2025-11-16,אשקלון,אפרידר,הצבר 15,,3.0,53.0,,,,דירה בבית קומות,,,9623.0,,,,"{""dedupeKey"": ""1961-67-1:2025-11-16:510000"", ""dealDate"": ""2025-11-16"", ""dealAmount"": ""510000"", ""pricePerSqm"": ""9623"", ""address"": ""הצבר 15"", ""cityName"": ""אשקלון"", ""neighborhoodName"": ""אפרידר"", ""rooms"": ""3"", ""floor"": ""ראשונה"", ""area"": ""53"", ""propertyType"": ""דירה בבית קומות"", ""gush"": ""1961"", ""helka"": ""67"", ""tatHelka"": ""1"", ""parcelNum"": ""1961-67-1"", ""assetId"": ""11278339200"", ""scrapedAt"": ""2026-09-05T16:18:44.175Z""}"
sold,C:\Users\AVIV\gaba\gabay_pricing_core\tax_enriched_ashkelon_3room_36m.json,876,small_area_45_80,,2025-11-16,אשקלון,מתחם מ-7,דרך הים 31,,3.0,79.0,,,,,,,10017.0,,,,"{""dedupeKey"": ""370-40-177:2025-11-16:791380"", ""dealDate"": ""2025-11-16"", ""dealAmount"": ""791380"", ""pricePerSqm"": ""10017"", ""address"": ""דרך הים 31"", ""cityName"": ""אשקלון"", ""neighborhoodName"": ""מתחם מ-7"", ""rooms"": ""3"", ""floor"": ""שישית"", ""area"": ""79"", ""gush"": ""370"", ""helka"": ""40"", ""tatHelka"": ""177"", ""parcelNum"": ""370-40-177"", ""assetId"": ""11352611060"", ""scrapedAt"": ""2026-09-05T16:18:44.175Z""}"
sold,C:\Users\AVIV\gaba\gabay_pricing_core\tax_enriched_ashkelon_3room_36m.json,878,small_area_45_80,,2025-11-16,אשקלון,מתחם מ-7,דרך הים 31,,3.0,79.0,,,,דירה בבית קומות,,,23544.0,,,,"{""dedupeKey"": ""370-40-209:2025-11-16:1860000"", ""dealDate"": ""2025-11-16"", ""dealAmount"": ""1860000"", ""pricePerSqm"": ""23544"", ""address"": ""דרך הים 31"", ""cityName"": ""אשקלון"", ""neighborhoodName"": ""מתחם מ-7"", ""rooms"": ""3"", ""floor"": ""אחת עשרה"", ""area"": ""79"", ""propertyType"": ""דירה בבית קומות"", ""gush"": ""370"", ""helka"": ""40"", ""tatHelka"": ""209"", ""parcelNum"": ""370-40-209"", ""assetId"": ""11278206990"", ""scrapedAt"": ""2026-09-05T16:18:44.175Z""}"
sold,C:\Users\AVIV\gaba\gabay_pricing_core\tax_enriched_ashkelon_3room_36m.json,879,small_area_45_80,,2025-11-15,אשקלון,מתחם מ-7,דרך הים 31,,3.0,79.0,,,,,,,23544.0,,,,"{""dedupeKey"": ""370-40-176:2025-11-15:1860000"", ""dealDate"": ""2025-11-15"", ""dealAmount"": ""1860000"", ""pricePerSqm"": ""23544"", ""address"": ""דרך הים 31"", ""cityName"": ""אשקלון"", ""neighborhoodName"": ""מתחם מ-7"", ""rooms"": ""3"", ""floor"": ""אחת עשרה"", ""area"": ""79"", ""gush"": ""370"", ""helka"": ""40"", ""tatHelka"": ""176"", ""parcelNum"": ""370-40-176"", ""assetId"": ""11352611059"", ""scrapedAt"": ""2026-09-05T16:18:44.175Z""}"
sold,C:\Users\AVIV\gaba\gabay_pricing_core\tax_enriched_ashkelon_3room_36m.json,882,small_area_45_80,,2025-11-13,אשקלון,נאות אשקלון,אריה 12,,3.0,74.0,,,,דירה בבית קומות,False,,14865.0,,,,"{""dedupeKey"": ""1296-16-26:2025-11-13:1100000"", ""dealDate"": ""2025-11-13"", ""dealAmount"": ""1100000"", ""pricePerSqm"": ""14865"", ""address"": ""אריה 12"", ""cityName"": ""אשקלון"", ""neighborhoodName"": ""נאות אשקלון"", ""rooms"": ""3"", ""floor"": ""שביעית"", ""area"": ""74"", ""propertyType"": ""דירה בבית קומות"", ""isFirstHand"": ""False"", ""gush"": ""1296"", ""helka"": ""16"", ""tatHelka"": ""26"", ""parcelNum"": ""1296-16-26"", ""assetId"": ""11278642140"", ""scrapedAt"": ""2026-09-05T16:18:44.175Z""}"
sold,C:\Users\AVIV\gaba\gabay_pricing_core\tax_enriched_ashkelon_3room_36m.json,883,small_area_45_80,,2025-11-13,אשקלון,שקמים,אפרים צור 22,,3.0,52.0,,,,דירה בבית קומות,,,15385.0,,,,"{""dedupeKey"": ""1965-38-2:2025-11-13:800000"", ""dealDate"": ""2025-11-13"", ""dealAmount"": ""800000"", ""pricePerSqm"": ""15385"", ""address"": ""אפרים צור 22"", ""cityName"": ""אשקלון"", ""neighborhoodName"": ""שקמים"", ""rooms"": ""3"", ""floor"": ""ראשונה"", ""area"": ""52"", ""propertyType"": ""דירה בבית קומות"", ""gush"": ""1965"", ""helka"": ""38"", ""tatHelka"": ""2"", ""parcelNum"": ""1965-38-2"", ""assetId"": ""11280952890"", ""scrapedAt"": ""2026-09-05T16:18:44.175Z""}"
sold,C:\Users\AVIV\gaba\gabay_pricing_core\tax_enriched_ashkelon_3room_36m.json,884,small_area_45_80,,2025-11-12,אשקלון,,שפיה 15,,3.0,75.0,,,,דירה בבית קומות,,,20000.0,,,,"{""dedupeKey"": ""369-66-8:2025-11-12:1500000"", ""dealDate"": ""2025-11-12"", ""dealAmount"": ""1500000"", ""pricePerSqm"": ""20000"", ""address"": ""שפיה 15"", ""cityName"": ""אשקלון"", ""rooms"": ""3"", ""floor"": ""רביעית"", ""area"": ""75"", ""propertyType"": ""דירה בבית קומות"", ""gush"": ""369"", ""helka"": ""66"", ""tatHelka"": ""8"", ""parcelNum"": ""369-66-8"", ""assetId"": ""11277270720"", ""scrapedAt"": ""2026-09-05T16:18:44.175Z""}"
sold,C:\Users\AVIV\gaba\gabay_pricing_core\tax_enriched_ashkelon_3room_36m.json,885,small_area_45_80,,2025-11-12,אשקלון,גולדה,עולי הגרדום 36,,3.0,62.0,,,,דירה בבית קומות,,,20161.0,,,,"{""dedupeKey"": ""3012-19-4:2025-11-12:1250000"", ""dealDate"": ""2025-11-12"", ""dealAmount"": ""1250000"", ""pricePerSqm"": ""20161"", ""address"": ""עולי הגרדום 36"", ""cityName"": ""אשקלון"", ""neighborhoodName"": ""גולדה"", ""rooms"": ""3"", ""floor"": ""קרקע"", ""area"": ""62"", ""propertyType"": ""דירה בבית קומות"", ""gush"": ""3012"", ""helka"": ""19"", ""tatHelka"": ""4"", ""parcelNum"": ""3012-19-4"", ""assetId"": ""11278061550"", ""scrapedAt"": ""2026-09-05T16:18:44.175Z""}"
sold,C:\Users\AVIV\gaba\gabay_pricing_core\tax_enriched_ashkelon_3room_36m.json,887,small_area_45_80,,2025-11-11,אשקלון,,שפיה 15,,3.0,76.0,,,,,,,19737.0,,,,"{""dedupeKey"": ""369-66-3:2025-11-11:1500000"", ""dealDate"": ""2025-11-11"", ""dealAmount"": ""1500000"", ""pricePerSqm"": ""19737"", ""address"": ""שפיה 15"", ""cityName"": ""אשקלון"", ""rooms"": ""3"", ""floor"": ""רביעית"", ""area"": ""76"", ""gush"": ""369"", ""helka"": ""66"", ""tatHelka"": ""3"", ""parcelNum"": ""369-66-3"", ""assetId"": ""11352609302"", ""scrapedAt"": ""2026-09-05T16:18:44.175Z""}"
sold,C:\Users\AVIV\gaba\gabay_pricing_core\tax_enriched_ashkelon_3room_36m.json,888,small_area_45_80,,2025-11-11,אשקלון,נווה אלונים,שפירא 3,,3.0,61.0,,,,דירה בבית קומות,,,15574.0,,,,"{""dedupeKey"": ""3019-54-12:2025-11-11:950000"", ""dealDate"": ""2025-11-11"", ""dealAmount"": ""950000"", ""pricePerSqm"": ""15574"", ""address"": ""שפירא 3"", ""cityName"": ""אשקלון"", ""neighborhoodName"": ""נווה אלונים"", ""rooms"": ""3"", ""floor"": ""שלישית"", ""area"": ""61"", ""propertyType"": ""דירה בבית קומות"", ""gush"": ""3019"", ""helka"": ""54"", ""tatHelka"": ""12"", ""parcelNum"": ""3019-54-12"", ""assetId"": ""11278423080"", ""scrapedAt"": ""2026-09-05T16:18:44.175Z""}"
sold,C:\Users\AVIV\gaba\gabay_pricing_core\tax_enriched_ashkelon_3room_36m.json,889,small_area_45_80,,2025-11-11,אשקלון,נווה הדרים,העונות 2,,3.0,67.0,,,,דירה בבית קומות,,,19552.0,,,,"{""dedupeKey"": ""2856-42-10:2025-11-11:1310000"", ""dealDate"": ""2025-11-11"", ""dealAmount"": ""1310000"", ""pricePerSqm"": ""19552"", ""address"": ""העונות 2"", ""cityName"": ""אשקלון"", ""neighborhoodName"": ""נווה הדרים"", ""rooms"": ""3"", ""floor"": ""ראשונה"", ""area"": ""67"", ""propertyType"": ""דירה בבית קומות"", ""gush"": ""2856"", ""helka"": ""42"", ""tatHelka"": ""10"", ""parcelNum"": ""2856-42-10"", ""assetId"": ""11279156760"", ""scrapedAt"": ""2026-09-05T16:18:44.175Z""}"
sold,C:\Users\AVIV\gaba\gabay_pricing_core\tax_enriched_ashkelon_3room_36m.json,890,small_area_45_80,,2025-11-10,אשקלון,גן הורדים,הצופים 3,,3.0,68.0,,,,דירה בבית קומות,False,,18529.0,,,,"{""dedupeKey"": ""2390-13-16:2025-11-10:1260000"", ""dealDate"": ""2025-11-10"", ""dealAmount"": ""1260000"", ""pricePerSqm"": ""18529"", ""address"": ""הצופים 3"", ""cityName"": ""אשקלון"", ""neighborhoodName"": ""גן הורדים"", ""rooms"": ""3"", ""floor"": ""חמישית"", ""area"": ""68"", ""propertyType"": ""דירה בבית קומות"", ""isFirstHand"": ""False"", ""gush"": ""2390"", ""helka"": ""13"", ""tatHelka"": ""16"", ""parcelNum"": ""2390-13-16"", ""assetId"": ""11278419300"", ""scrapedAt"": ""2026-09-05T16:18:44.175Z""}"
sold,C:\Users\AVIV\gaba\gabay_pricing_core\tax_enriched_ashkelon_3room_36m.json,891,small_area_45_80,,2025-11-09,אשקלון,מתחם מ-7,דרך ארץ 23,,3.0,80.0,,,,דירה בבית קומות,,,18750.0,,,,"{""dedupeKey"": ""371-56-124:2025-11-09:1500000"", ""dealDate"": ""2025-11-09"", ""dealAmount"": ""1500000"", ""pricePerSqm"": ""18750"", ""address"": ""דרך ארץ 23"", ""cityName"": ""אשקלון"", ""neighborhoodName"": ""מתחם מ-7"", ""rooms"": ""3"", ""floor"": ""ראשונה"", ""area"": ""80"", ""propertyType"": ""דירה בבית קומות"", ""gush"": ""371"", ""helka"": ""56"", ""tatHelka"": ""124"", ""parcelNum"": ""371-56-124"", ""assetId"": ""11277647910"", ""scrapedAt"": ""2026-09-05T16:18:44.175Z""}"
sold,C:\Users\AVIV\gaba\gabay_pricing_core\tax_enriched_ashkelon_3room_36m.json,892,small_area_45_80,,2025-11-09,אשקלון,מתחם מ-7,דרך הים 31,,3.0,79.0,,,,דירה בבית קומות,,,10000.0,,,,"{""dedupeKey"": ""370-40-211:2025-11-09:790000"", ""dealDate"": ""2025-11-09"", ""dealAmount"": ""790000"", ""pricePerSqm"": ""10000"", ""address"": ""דרך הים 31"", ""cityName"": ""אשקלון"", ""neighborhoodName"": ""מתחם מ-7"", ""rooms"": ""3"", ""floor"": ""חמישית"", ""area"": ""79"", ""propertyType"": ""דירה בבית קומות"", ""gush"": ""370"", ""helka"": ""40"", ""tatHelka"": ""211"", ""parcelNum"": ""370-40-211"", ""assetId"": ""11277387270"", ""scrapedAt"": ""2026-09-05T16:18:44.175Z""}"
sold,C:\Users\AVIV\gaba\gabay_pricing_core\tax_enriched_ashkelon_3room_36m.json,893,small_area_45_80,,2025-11-08,אשקלון,מתחם מ-7,דרך הים 31,,3.0,79.0,,,,,,,10002.0,,,,"{""dedupeKey"": ""370-40-174:2025-11-08:790190"", ""dealDate"": ""2025-11-08"", ""dealAmount"": ""790190"", ""pricePerSqm"": ""10002"", ""address"": ""דרך הים 31"", ""cityName"": ""אשקלון"", ""neighborhoodName"": ""מתחם מ-7"", ""rooms"": ""3"", ""floor"": ""חמישית"", ""area"": ""79"", ""gush"": ""370"", ""helka"": ""40"", ""tatHelka"": ""174"", ""parcelNum"": ""370-40-174"", ""assetId"": ""11352611057"", ""scrapedAt"": ""2026-09-05T16:18:44.175Z""}"
sold,C:\Users\AVIV\gaba\gabay_pricing_core\tax_enriched_ashkelon_3room_36m.json,895,small_area_45_80,,2025-11-05,אשקלון,מרינה,,,3.0,61.0,,,,דירה בבית קומות,,,13246.0,,,,"{""dedupeKey"": ""1940-111-9:2025-11-05:808000"", ""dealDate"": ""2025-11-05"", ""dealAmount"": ""808000"", ""pricePerSqm"": ""13246"", ""cityName"": ""אשקלון"", ""neighborhoodName"": ""מרינה"", ""rooms"": ""3"", ""floor"": ""רביעית"", ""area"": ""61"", ""propertyType"": ""דירה בבית קומות"", ""gush"": ""1940"", ""helka"": ""111"", ""tatHelka"": ""9"", ""parcelNum"": ""1940-111-9"", ""assetId"": ""11279329740"", ""scrapedAt"": ""2026-09-05T16:18:44.175Z""}"
sold,C:\Users\AVIV\gaba\gabay_pricing_core\tax_enriched_ashkelon_3room_36m.json,896,small_area_45_80,,2025-11-05,אשקלון,כוכב הצפון,,,3.0,68.0,,,,דירה בבית קומות,False,,16912.0,,,,"{""dedupeKey"": ""2880-15-2:2025-11-05:1150000"", ""dealDate"": ""2025-11-05"", ""dealAmount"": ""1150000"", ""pricePerSqm"": ""16912"", ""cityName"": ""אשקלון"", ""neighborhoodName"": ""כוכב הצפון"", ""rooms"": ""3"", ""floor"": ""חמישית"", ""area"": ""68"", ""propertyType"": ""דירה בבית קומות"", ""isFirstHand"": ""False"", ""gush"": ""2880"", ""helka"": ""15"", ""tatHelka"": ""2"", ""parcelNum"": ""2880-15-2"", ""assetId"": ""11277189810"", ""scrapedAt"": ""2026-09-05T16:18:44.175Z""}"
sold,C:\Users\AVIV\gaba\gabay_pricing_core\tax_enriched_ashkelon_3room_36m.json,897,small_area_45_80,,2025-11-05,אשקלון,נווה אלונים,ניצנים 5,,3.0,66.0,,,,דירה בבית קומות,,,13939.0,,,,"{""dedupeKey"": ""3019-7-13:2025-11-05:920000"", ""dealDate"": ""2025-11-05"", ""dealAmount"": ""920000"", ""pricePerSqm"": ""13939"", ""address"": ""ניצנים 5"", ""cityName"": ""אשקלון"", ""neighborhoodName"": ""נווה אלונים"", ""rooms"": ""3"", ""floor"": ""שלישית"", ""area"": ""66"", ""propertyType"": ""דירה בבית קומות"", ""gush"": ""3019"", ""helka"": ""7"", ""tatHelka"": ""13"", ""parcelNum"": ""3019-7-13"", ""assetId"": ""11277119250"", ""scrapedAt"": ""2026-09-05T16:18:44.175Z""}"
sold,C:\Users\AVIV\gaba\gabay_pricing_core\tax_enriched_ashkelon_3room_36m.json,898,small_area_45_80,,2025-11-03,אשקלון,נווה אלונים,שפירא 19,,3.0,69.0,,,,דירה בבית קומות,,,12609.0,,,,"{""dedupeKey"": ""3020-2-27:2025-11-03:870000"", ""dealDate"": ""2025-11-03"", ""dealAmount"": ""870000"", ""pricePerSqm"": ""12609"", ""address"": ""שפירא 19"", ""cityName"": ""אשקלון"", ""neighborhoodName"": ""נווה אלונים"", ""rooms"": ""3"", ""floor"": ""שלישית"", ""area"": ""69"", ""propertyType"": ""דירה בבית קומות"", ""gush"": ""3020"", ""helka"": ""2"", ""tatHelka"": ""27"", ""parcelNum"": ""3020-2-27"", ""assetId"": ""11276668710"", ""scrapedAt"": ""2026-09-05T16:18:44.175Z""}"
sold,C:\Users\AVIV\gaba\gabay_pricing_core\tax_enriched_ashkelon_3room_36m.json,900,small_area_45_80,,2025-11-02,אשקלון,אפרידר,הסנה 308,,3.0,77.0,,,,דירה בבית קומות,,,14286.0,,,,"{""dedupeKey"": ""1942-95-10:2025-11-02:1100000"", ""dealDate"": ""2025-11-02"", ""dealAmount"": ""1100000"", ""pricePerSqm"": ""14286"", ""address"": ""הסנה 308"", ""cityName"": ""אשקלון"", ""neighborhoodName"": ""אפרידר"", ""rooms"": ""3"", ""floor"": ""שלישית"", ""area"": ""77"", ""propertyType"": ""דירה בבית קומות"", ""gush"": ""1942"", ""helka"": ""95"", ""tatHelka"": ""10"", ""parcelNum"": ""1942-95-10"", ""assetId"": ""11276661960"", ""scrapedAt"": ""2026-09-05T16:18:44.175Z""}"
sold,C:\Users\AVIV\gaba\gabay_pricing_core\tax_enriched_ashkelon_3room_36m.json,901,small_area_45_80,,2025-10-30,אשקלון,נווה אלונים,ההסתדרות 24,,3.0,79.0,,,,דירה בבית קומות,,,13544.0,,,,"{""dedupeKey"": ""3019-16-9:2025-10-30:1070000"", ""dealDate"": ""2025-10-30"", ""dealAmount"": ""1070000"", ""pricePerSqm"": ""13544"", ""address"": ""ההסתדרות 24"", ""cityName"": ""אשקלון"", ""neighborhoodName"": ""נווה אלונים"", ""rooms"": ""3"", ""floor"": ""שלישית"", ""area"": ""79"", ""propertyType"": ""דירה בבית קומות"", ""gush"": ""3019"", ""helka"": ""16"", ""tatHelka"": ""9"", ""parcelNum"": ""3019-16-9"", ""assetId"": ""11276504640"", ""scrapedAt"": ""2026-09-05T16:18:44.176Z""}"
sold,C:\Users\AVIV\gaba\gabay_pricing_core\tax_enriched_ashkelon_3room_36m.json,903,small_area_45_80,,2025-10-30,אשקלון,שקמים,אפרים צור 61,,3.0,52.0,,,,דירה בבית קומות,,,15865.0,,,,"{""dedupeKey"": ""1996-110-3:2025-10-30:825000"", ""dealDate"": ""2025-10-30"", ""dealAmount"": ""825000"", ""pricePerSqm"": ""15865"", ""address"": ""אפרים צור 61"", ""cityName"": ""אשקלון"", ""neighborhoodName"": ""שקמים"", ""rooms"": ""3"", ""floor"": ""ראשונה"", ""area"": ""52"", ""propertyType"": ""דירה בבית קומות"", ""gush"": ""1996"", ""helka"": ""110"", ""tatHelka"": ""3"", ""parcelNum"": ""1996-110-3"", ""assetId"": ""11276563230"", ""scrapedAt"": ""2026-09-05T16:18:44.176Z""}"
sold,C:\Users\AVIV\gaba\gabay_pricing_core\tax_enriched_ashkelon_3room_36m.json,904,small_area_45_80,,2025-10-30,אשקלון,גולדה,עמיעוז 9,,3.0,73.0,,,,דירה בבית קומות,,,16575.0,,,,"{""dedupeKey"": ""2843-19-9:2025-10-30:1210000"", ""dealDate"": ""2025-10-30"", ""dealAmount"": ""1210000"", ""pricePerSqm"": ""16575"", ""address"": ""עמיעוז 9"", ""cityName"": ""אשקלון"", ""neighborhoodName"": ""גולדה"", ""rooms"": ""3"", ""floor"": ""שניה"", ""area"": ""73"", ""propertyType"": ""דירה בבית קומות"", ""gush"": ""2843"", ""helka"": ""19"", ""tatHelka"": ""9"", ""parcelNum"": ""2843-19-9"", ""assetId"": ""11276431920"", ""scrapedAt"": ""2026-09-05T16:18:44.176Z""}"
sold,C:\Users\AVIV\gaba\gabay_pricing_core\tax_enriched_ashkelon_3room_36m.json,905,small_area_45_80,,2025-10-29,אשקלון,נווה ים,שפירא 12,,3.0,69.0,,,,דירה בבית קומות,,,15217.0,,,,"{""dedupeKey"": ""3015-2-16:2025-10-29:1050000"", ""dealDate"": ""2025-10-29"", ""dealAmount"": ""1050000"", ""pricePerSqm"": ""15217"", ""address"": ""שפירא 12"", ""cityName"": ""אשקלון"", ""neighborhoodName"": ""נווה ים"", ""rooms"": ""3"", ""floor"": ""רביעית"", ""area"": ""69"", ""propertyType"": ""דירה בבית קומות"", ""gush"": ""3015"", ""helka"": ""2"", ""tatHelka"": ""16"", ""parcelNum"": ""3015-2-16"", ""assetId"": ""11276428230"", ""scrapedAt"": ""2026-09-05T16:18:44.176Z""}"
sold,C:\Users\AVIV\gaba\gabay_pricing_core\tax_enriched_ashkelon_3room_36m.json,906,small_area_45_80,,2025-10-29,אשקלון,נאות אשקלון,אריה 10,,3.0,77.0,,,,דירה בבית קומות,False,,15195.0,,,,"{""dedupeKey"": ""1296-9-14:2025-10-29:1170000"", ""dealDate"": ""2025-10-29"", ""dealAmount"": ""1170000"", ""pricePerSqm"": ""15195"", ""address"": ""אריה 10"", ""cityName"": ""אשקלון"", ""neighborhoodName"": ""נאות אשקלון"", ""rooms"": ""3"", ""floor"": ""רביעית"", ""area"": ""77"", ""propertyType"": ""דירה בבית קומות"", ""isFirstHand"": ""False"", ""gush"": ""1296"", ""helka"": ""9"", ""tatHelka"": ""14"", ""parcelNum"": ""1296-9-14"", ""assetId"": ""11276866170"", ""scrapedAt"": ""2026-09-05T16:18:44.176Z""}"
sold,C:\Users\AVIV\gaba\gabay_pricing_core\tax_enriched_ashkelon_3room_36m.json,907,small_area_45_80,,2025-10-28,אשקלון,גולדה,עולי הגרדום 11,,3.0,63.0,,,,דירה בבית קומות,,,15873.0,,,,"{""dedupeKey"": ""3012-39-1:2025-10-28:1000000"", ""dealDate"": ""2025-10-28"", ""dealAmount"": ""1000000"", ""pricePerSqm"": ""15873"", ""address"": ""עולי הגרדום 11"", ""cityName"": ""אשקלון"", ""neighborhoodName"": ""גולדה"", ""rooms"": ""3"", ""floor"": ""ראשונה"", ""area"": ""63"", ""propertyType"": ""דירה בבית קומות"", ""gush"": ""3012"", ""helka"": ""39"", ""tatHelka"": ""1"", ""parcelNum"": ""3012-39-1"", ""assetId"": ""11277201600"", ""scrapedAt"": ""2026-09-05T16:18:44.176Z""}"
sold,C:\Users\AVIV\gaba\gabay_pricing_core\tax_enriched_ashkelon_3room_36m.json,908,small_area_45_80,,2025-10-28,אשקלון,גולדה,עולי הגרדום 28,,3.0,68.0,,,,דירה בבית קומות,,,21691.0,,,,"{""dedupeKey"": ""3012-16-2:2025-10-28:1475000"", ""dealDate"": ""2025-10-28"", ""dealAmount"": ""1475000"", ""pricePerSqm"": ""21691"", ""address"": ""עולי הגרדום 28"", ""cityName"": ""אשקלון"", ""neighborhoodName"": ""גולדה"", ""rooms"": ""3"", ""floor"": ""קרקע"", ""area"": ""68"", ""propertyType"": ""דירה בבית קומות"", ""gush"": ""3012"", ""helka"": ""16"", ""tatHelka"": ""2"", ""parcelNum"": ""3012-16-2"", ""assetId"": ""11279252430"", ""scrapedAt"": ""2026-09-05T16:18:44.176Z""}"
sold,C:\Users\AVIV\gaba\gabay_pricing_core\tax_enriched_ashkelon_3room_36m.json,909,small_area_45_80,,2025-10-27,אשקלון,נווה ים,שפירא 16,,3.0,70.0,,,,דירה בבית קומות,,,14929.0,,,,"{""dedupeKey"": ""3015-4-4:2025-10-27:1045000"", ""dealDate"": ""2025-10-27"", ""dealAmount"": ""1045000"", ""pricePerSqm"": ""14929"", ""address"": ""שפירא 16"", ""cityName"": ""אשקלון"", ""neighborhoodName"": ""נווה ים"", ""rooms"": ""3"", ""floor"": ""ראשונה"", ""area"": ""70"", ""propertyType"": ""דירה בבית קומות"", ""gush"": ""3015"", ""helka"": ""4"", ""tatHelka"": ""4"", ""parcelNum"": ""3015-4-4"", ""assetId"": ""11276809830"", ""scrapedAt"": ""2026-09-05T16:18:44.176Z""}"
sold,C:\Users\AVIV\gaba\gabay_pricing_core\tax_enriched_ashkelon_3room_36m.json,910,small_area_45_80,,2025-10-27,אשקלון,בן גוריון,בן גוריון 32,,3.0,62.0,,,,דירה בבית קומות,,,15726.0,,,,"{""dedupeKey"": ""1963-81-44:2025-10-27:975000"", ""dealDate"": ""2025-10-27"", ""dealAmount"": ""975000"", ""pricePerSqm"": ""15726"", ""address"": ""בן גוריון 32"", ""cityName"": ""אשקלון"", ""neighborhoodName"": ""בן גוריון"", ""rooms"": ""3"", ""floor"": ""שלישית"", ""area"": ""62"", ""propertyType"": ""דירה בבית קומות"", ""gush"": ""1963"", ""helka"": ""81"", ""tatHelka"": ""44"", ""parcelNum"": ""1963-81-44"", ""assetId"": ""11278904220"", ""scrapedAt"": ""2026-09-05T16:18:44.176Z""}"
sold,C:\Users\AVIV\gaba\gabay_pricing_core\tax_enriched_ashkelon_3room_36m.json,911,small_area_45_80,,2025-10-27,אשקלון,,אריה תגר 17,,3.0,79.0,,,,דירה בבית קומות,,,23038.0,,,,"{""dedupeKey"": ""2950-10-108:2025-10-27:1820000"", ""dealDate"": ""2025-10-27"", ""dealAmount"": ""1820000"", ""pricePerSqm"": ""23038"", ""address"": ""אריה תגר 17"", ""cityName"": ""אשקלון"", ""rooms"": ""3"", ""floor"": ""שלישית"", ""area"": ""79"", ""propertyType"": ""דירה בבית קומות"", ""gush"": ""2950"", ""helka"": ""10"", ""tatHelka"": ""108"", ""parcelNum"": ""2950-10-108"", ""assetId"": ""11278134270"", ""scrapedAt"": ""2026-09-05T16:18:44.176Z""}"
sold,C:\Users\AVIV\gaba\gabay_pricing_core\tax_enriched_ashkelon_3room_36m.json,912,small_area_45_80,,2025-10-27,אשקלון,מתחם מ-7,דרך הים 31,,3.0,80.0,,,,דירה בבית קומות,,,10063.0,,,,"{""dedupeKey"": ""370-40-212:2025-10-27:805000"", ""dealDate"": ""2025-10-27"", ""dealAmount"": ""805000"", ""pricePerSqm"": ""10063"", ""address"": ""דרך הים 31"", ""cityName"": ""אשקלון"", ""neighborhoodName"": ""מתחם מ-7"", ""rooms"": ""3"", ""floor"": ""חמישית"", ""area"": ""80"", ""propertyType"": ""דירה בבית קומות"", ""gush"": ""370"", ""helka"": ""40"", ""tatHelka"": ""212"", ""parcelNum"": ""370-40-212"", ""assetId"": ""11277025650"", ""scrapedAt"": ""2026-09-05T16:18:44.176Z""}"
sold,C:\Users\AVIV\gaba\gabay_pricing_core\tax_enriched_ashkelon_3room_36m.json,913,small_area_45_80,,2025-10-27,אשקלון,מתחם מ-7,דרך הים 31,,3.0,79.0,,,,דירה בבית קומות,,,10000.0,,,,"{""dedupeKey"": ""370-40-212:2025-10-27:790000"", ""dealDate"": ""2025-10-27"", ""dealAmount"": ""790000"", ""pricePerSqm"": ""10000"", ""address"": ""דרך הים 31"", ""cityName"": ""אשקלון"", ""neighborhoodName"": ""מתחם מ-7"", ""rooms"": ""3"", ""floor"": ""חמישית"", ""area"": ""79"", ""propertyType"": ""דירה בבית קומות"", ""gush"": ""370"", ""helka"": ""40"", ""tatHelka"": ""212"", ""parcelNum"": ""370-40-212"", ""assetId"": ""11277183060"", ""scrapedAt"": ""2026-09-05T16:18:44.176Z""}"
sold,C:\Users\AVIV\gaba\gabay_pricing_core\tax_enriched_ashkelon_3room_36m.json,917,small_area_45_80,,2025-10-26,אשקלון,מתחם מ-7,דרך הים 31,,3.0,80.0,,,,,,,10066.0,,,,"{""dedupeKey"": ""370-40-173:2025-10-26:805293"", ""dealDate"": ""2025-10-26"", ""dealAmount"": ""805293"", ""pricePerSqm"": ""10066"", ""address"": ""דרך הים 31"", ""cityName"": ""אשקלון"", ""neighborhoodName"": ""מתחם מ-7"", ""rooms"": ""3"", ""floor"": ""חמישית"", ""area"": ""80"", ""gush"": ""370"", ""helka"": ""40"", ""tatHelka"": ""173"", ""parcelNum"": ""370-40-173"", ""assetId"": ""11352611056"", ""scrapedAt"": ""2026-09-05T16:18:44.176Z""}"
sold,C:\Users\AVIV\gaba\gabay_pricing_core\tax_enriched_ashkelon_3room_36m.json,918,small_area_45_80,,2025-10-26,אשקלון,מתחם מ-7,דרך הים 31,,3.0,79.0,,,,,,,10020.0,,,,"{""dedupeKey"": ""370-40-172:2025-10-26:791579"", ""dealDate"": ""2025-10-26"", ""dealAmount"": ""791579"", ""pricePerSqm"": ""10020"", ""address"": ""דרך הים 31"", ""cityName"": ""אשקלון"", ""neighborhoodName"": ""מתחם מ-7"", ""rooms"": ""3"", ""floor"": ""שישית"", ""area"": ""79"", ""gush"": ""370"", ""helka"": ""40"", ""tatHelka"": ""172"", ""parcelNum"": ""370-40-172"", ""assetId"": ""11352611055"", ""scrapedAt"": ""2026-09-05T16:18:44.176Z""}"
sold,C:\Users\AVIV\gaba\gabay_pricing_core\tax_enriched_ashkelon_3room_36m.json,921,small_area_45_80,,2025-10-23,אשקלון,גן הורדים,בני עקיבא 6,,3.0,79.0,,,,דירה בבית קומות,,,13038.0,,,,"{""dedupeKey"": ""2391-74-15:2025-10-23:1030000"", ""dealDate"": ""2025-10-23"", ""dealAmount"": ""1030000"", ""pricePerSqm"": ""13038"", ""address"": ""בני עקיבא 6"", ""cityName"": ""אשקלון"", ""neighborhoodName"": ""גן הורדים"", ""rooms"": ""3"", ""floor"": ""חמישית"", ""area"": ""79"", ""propertyType"": ""דירה בבית קומות"", ""gush"": ""2391"", ""helka"": ""74"", ""tatHelka"": ""15"", ""parcelNum"": ""2391-74-15"", ""assetId"": ""11275926840"", ""scrapedAt"": ""2026-09-05T16:18:44.176Z""}"
sold,C:\Users\AVIV\gaba\gabay_pricing_core\tax_enriched_ashkelon_3room_36m.json,924,small_area_45_80,,2025-10-22,אשקלון,בן גוריון,אברבנאל 7,,3.0,50.0,,,,דירה בבית קומות,,,23000.0,,,,"{""dedupeKey"": ""1962-34-12:2025-10-22:1150000"", ""dealDate"": ""2025-10-22"", ""dealAmount"": ""1150000"", ""pricePerSqm"": ""23000"", ""address"": ""אברבנאל 7"", ""cityName"": ""אשקלון"", ""neighborhoodName"": ""בן גוריון"", ""rooms"": ""3"", ""floor"": ""שניה"", ""area"": ""50"", ""propertyType"": ""דירה בבית קומות"", ""gush"": ""1962"", ""helka"": ""34"", ""tatHelka"": ""12"", ""parcelNum"": ""1962-34-12"", ""assetId"": ""11276754750"", ""scrapedAt"": ""2026-09-05T16:18:44.176Z""}"
sold,C:\Users\AVIV\gaba\gabay_pricing_core\tax_enriched_ashkelon_3room_36m.json,925,small_area_45_80,,2025-10-21,אשקלון,מגדל,,,3.0,75.0,,,,דירה בבית קומות,,,16000.0,,,,"{""dedupeKey"": ""1246-6-14:2025-10-21:1200000"", ""dealDate"": ""2025-10-21"", ""dealAmount"": ""1200000"", ""pricePerSqm"": ""16000"", ""cityName"": ""אשקלון"", ""neighborhoodName"": ""מגדל"", ""rooms"": ""3"", ""floor"": ""שלישית"", ""area"": ""75"", ""propertyType"": ""דירה בבית קומות"", ""gush"": ""1246"", ""helka"": ""6"", ""tatHelka"": ""14"", ""parcelNum"": ""1246-6-14"", ""assetId"": ""11275860780"", ""scrapedAt"": ""2026-09-05T16:18:44.176Z""}"
sold,C:\Users\AVIV\gaba\gabay_pricing_core\tax_enriched_ashkelon_3room_36m.json,929,small_area_45_80,,2025-10-19,אשקלון,ז'בוטינסקי,יוספטל 22,,3.0,58.0,,,,דירה בבית קומות,,,12414.0,,,,"{""dedupeKey"": ""1997-71-8:2025-10-19:720000"", ""dealDate"": ""2025-10-19"", ""dealAmount"": ""720000"", ""pricePerSqm"": ""12414"", ""address"": ""יוספטל 22"", ""cityName"": ""אשקלון"", ""neighborhoodName"": ""ז'בוטינסקי"", ""rooms"": ""3"", ""floor"": ""רביעית"", ""area"": ""58"", ""propertyType"": ""דירה בבית קומות"", ""gush"": ""1997"", ""helka"": ""71"", ""tatHelka"": ""8"", ""parcelNum"": ""1997-71-8"", ""assetId"": ""11275883910"", ""scrapedAt"": ""2026-09-05T16:18:44.176Z""}"
sold,C:\Users\AVIV\gaba\gabay_pricing_core\tax_enriched_ashkelon_3room_36m.json,930,small_area_45_80,,2025-10-17,אשקלון,כוכב הצפון,"רמב""ם 28",,3.0,60.0,,2.0,,דירה בבית קומות,,,16667.0,,,,"{""dedupeKey"": ""1201-97-12:2025-10-17:1000000"", ""dealDate"": ""2025-10-17"", ""dealAmount"": ""1000000"", ""pricePerSqm"": ""16667"", ""address"": ""רמב\""ם 28"", ""cityName"": ""אשקלון"", ""neighborhoodName"": ""כוכב הצפון"", ""rooms"": ""3"", ""floor"": ""קומה ‎2‏"", ""area"": ""60"", ""propertyType"": ""דירה בבית קומות"", ""gush"": ""1201"", ""helka"": ""97"", ""tatHelka"": ""12"", ""parcelNum"": ""1201-97-12"", ""assetId"": ""11277760050"", ""scrapedAt"": ""2026-09-05T16:18:44.176Z""}"
sold,C:\Users\AVIV\gaba\gabay_pricing_core\tax_enriched_ashkelon_3room_36m.json,932,small_area_45_80,,2025-10-15,אשקלון,רמת אשכול,העבודה 11,,3.0,50.0,,,,דירה בבית קומות,False,,19800.0,,,,"{""dedupeKey"": ""1995-2-11:2025-10-15:990000"", ""dealDate"": ""2025-10-15"", ""dealAmount"": ""990000"", ""pricePerSqm"": ""19800"", ""address"": ""העבודה 11"", ""cityName"": ""אשקלון"", ""neighborhoodName"": ""רמת אשכול"", ""rooms"": ""3"", ""floor"": ""שלישית"", ""area"": ""50"", ""propertyType"": ""דירה בבית קומות"", ""isFirstHand"": ""False"", ""gush"": ""1995"", ""helka"": ""2"", ""tatHelka"": ""11"", ""parcelNum"": ""1995-2-11"", ""assetId"": ""11277065790"", ""scrapedAt"": ""2026-09-05T16:18:44.176Z""}"
sold,C:\Users\AVIV\gaba\gabay_pricing_core\tax_enriched_ashkelon_3room_36m.json,933,small_area_45_80,,2025-10-06,אשקלון,מרינה,הנמל 3,,3.0,78.0,,,,דירה בבית קומות,,,25321.0,,,,"{""dedupeKey"": ""1938-424-85:2025-10-06:1975000"", ""dealDate"": ""2025-10-06"", ""dealAmount"": ""1975000"", ""pricePerSqm"": ""25321"", ""address"": ""הנמל 3"", ""cityName"": ""אשקלון"", ""neighborhoodName"": ""מרינה"", ""rooms"": ""3"", ""floor"": ""שבע עשרה"", ""area"": ""78"", ""propertyType"": ""דירה בבית קומות"", ""gush"": ""1938"", ""helka"": ""424"", ""tatHelka"": ""85"", ""parcelNum"": ""1938-424-85"", ""assetId"": ""11275647120"", ""scrapedAt"": ""2026-09-05T16:18:44.176Z""}"
sold,C:\Users\AVIV\gaba\gabay_pricing_core\tax_enriched_ashkelon_3room_36m.json,934,small_area_45_80,,2025-10-05,אשקלון,רמת אשכול,העבודה 11,,3.0,48.0,,,,דירה בבית קומות,False,,23542.0,,,,"{""dedupeKey"": ""1995-2-12:2025-10-05:1130000"", ""dealDate"": ""2025-10-05"", ""dealAmount"": ""1130000"", ""pricePerSqm"": ""23542"", ""address"": ""העבודה 11"", ""cityName"": ""אשקלון"", ""neighborhoodName"": ""רמת אשכול"", ""rooms"": ""3"", ""floor"": ""שלישית"", ""area"": ""48"", ""propertyType"": ""דירה בבית קומות"", ""isFirstHand"": ""False"", ""gush"": ""1995"", ""helka"": ""2"", ""tatHelka"": ""12"", ""parcelNum"": ""1995-2-12"", ""assetId"": ""11276449740"", ""scrapedAt"": ""2026-09-05T16:18:44.176Z""}"
sold,C:\Users\AVIV\gaba\gabay_pricing_core\tax_enriched_ashkelon_3room_36m.json,935,small_area_45_80,,2025-10-03,אשקלון,אפרידר,השקמה 29,,3.0,65.0,,,,דירה בבית קומות,,,36923.0,,,,"{""dedupeKey"": ""1960-18-1:2025-10-03:2400000"", ""dealDate"": ""2025-10-03"", ""dealAmount"": ""2400000"", ""pricePerSqm"": ""36923"", ""address"": ""השקמה 29"", ""cityName"": ""אשקלון"", ""neighborhoodName"": ""אפרידר"", ""rooms"": ""3"", ""floor"": ""ראשונה"", ""area"": ""65"", ""propertyType"": ""דירה בבית קומות"", ""gush"": ""1960"", ""helka"": ""18"", ""tatHelka"": ""1"", ""parcelNum"": ""1960-18-1"", ""assetId"": ""11276526960"", ""scrapedAt"": ""2026-09-05T16:18:44.176Z""}"
sold,C:\Users\AVIV\gaba\gabay_pricing_core\tax_enriched_ashkelon_3room_36m.json,936,small_area_45_80,,2025-10-03,אשקלון,נווה הדרים,העונות 2,,3.0,68.0,,,,דירה בבית קומות,,,20147.0,,,,"{""dedupeKey"": ""2856-42-164:2025-10-03:1370000"", ""dealDate"": ""2025-10-03"", ""dealAmount"": ""1370000"", ""pricePerSqm"": ""20147"", ""address"": ""העונות 2"", ""cityName"": ""אשקלון"", ""neighborhoodName"": ""נווה הדרים"", ""rooms"": ""3"", ""floor"": ""תשיעית"", ""area"": ""68"", ""propertyType"": ""דירה בבית קומות"", ""gush"": ""2856"", ""helka"": ""42"", ""tatHelka"": ""164"", ""parcelNum"": ""2856-42-164"", ""assetId"": ""11275739910"", ""scrapedAt"": ""2026-09-05T16:18:44.176Z""}"
sold,C:\Users\AVIV\gaba\gabay_pricing_core\tax_enriched_ashkelon_3room_36m.json,937,small_area_45_80,,2025-10-01,אשקלון,בן גוריון,יהודה הלוי 2,,3.0,67.0,,,,דירה בבית קומות,,,17910.0,,,,"{""dedupeKey"": ""1963-19-13:2025-10-01:1200000"", ""dealDate"": ""2025-10-01"", ""dealAmount"": ""1200000"", ""pricePerSqm"": ""17910"", ""address"": ""יהודה הלוי 2"", ""cityName"": ""אשקלון"", ""neighborhoodName"": ""בן גוריון"", ""rooms"": ""3"", ""floor"": ""שלישית"", ""area"": ""67"", ""propertyType"": ""דירה בבית קומות"", ""gush"": ""1963"", ""helka"": ""19"", ""tatHelka"": ""13"", ""parcelNum"": ""1963-19-13"", ""assetId"": ""11276403570"", ""scrapedAt"": ""2026-09-05T16:18:44.176Z""}"
sold,C:\Users\AVIV\gaba\gabay_pricing_core\tax_enriched_ashkelon_3room_36m.json,938,small_area_45_80,,2025-10-01,אשקלון,ז'בוטינסקי,מרדכי אנילביץ 435,,3.0,63.0,,,,דירה בבית קומות,,,13254.0,,,,"{""dedupeKey"": ""1996-89-9:2025-10-01:835000"", ""dealDate"": ""2025-10-01"", ""dealAmount"": ""835000"", ""pricePerSqm"": ""13254"", ""address"": ""מרדכי אנילביץ 435"", ""cityName"": ""אשקלון"", ""neighborhoodName"": ""ז'בוטינסקי"", ""rooms"": ""3"", ""floor"": ""ראשונה"", ""area"": ""63"", ""propertyType"": ""דירה בבית קומות"", ""gush"": ""1996"", ""helka"": ""89"", ""tatHelka"": ""9"", ""parcelNum"": ""1996-89-9"", ""assetId"": ""11276393940"", ""scrapedAt"": ""2026-09-05T16:18:44.176Z""}"
sold,C:\Users\AVIV\gaba\gabay_pricing_core\tax_enriched_ashkelon_3room_36m.json,939,small_area_45_80,,2025-09-30,אשקלון,שקמים,אליעזר מילרוד 5,,3.0,47.0,,,,דירה בבית קומות,,,14894.0,,,,"{""dedupeKey"": ""1997-28-23:2025-09-30:700000"", ""dealDate"": ""2025-09-30"", ""dealAmount"": ""700000"", ""pricePerSqm"": ""14894"", ""address"": ""אליעזר מילרוד 5"", ""cityName"": ""אשקלון"", ""neighborhoodName"": ""שקמים"", ""rooms"": ""3"", ""floor"": ""שלישית"", ""area"": ""47"", ""propertyType"": ""דירה בבית קומות"", ""gush"": ""1997"", ""helka"": ""28"", ""tatHelka"": ""23"", ""parcelNum"": ""1997-28-23"", ""assetId"": ""11275915140"", ""scrapedAt"": ""2026-09-05T16:18:44.176Z""}"
sold,C:\Users\AVIV\gaba\gabay_pricing_core\tax_enriched_ashkelon_3room_36m.json,947,small_area_45_80,,2025-09-28,אשקלון,נווה אלונים,"ש""י עגנון 11",,3.0,60.0,,,,דירה בבית קומות,,,17167.0,,,,"{""dedupeKey"": ""3019-64-21:2025-09-28:1030000"", ""dealDate"": ""2025-09-28"", ""dealAmount"": ""1030000"", ""pricePerSqm"": ""17167"", ""address"": ""ש\""י עגנון 11"", ""cityName"": ""אשקלון"", ""neighborhoodName"": ""נווה אלונים"", ""rooms"": ""3"", ""floor"": ""שלישית"", ""area"": ""60"", ""propertyType"": ""דירה בבית קומות"", ""gush"": ""3019"", ""helka"": ""64"", ""tatHelka"": ""21"", ""parcelNum"": ""3019-64-21"", ""assetId"": ""11275979580"", ""scrapedAt"": ""2026-09-05T16:18:44.176Z""}"
sold,C:\Users\AVIV\gaba\gabay_pricing_core\tax_enriched_ashkelon_3room_36m.json,949,small_area_45_80,,2025-09-21,אשקלון,נווה אלונים,שפירא 7,,3.0,69.0,,,,דירה בבית קומות,,,15217.0,,,,"{""dedupeKey"": ""3019-56-6:2025-09-21:1050000"", ""dealDate"": ""2025-09-21"", ""dealAmount"": ""1050000"", ""pricePerSqm"": ""15217"", ""address"": ""שפירא 7"", ""cityName"": ""אשקלון"", ""neighborhoodName"": ""נווה אלונים"", ""rooms"": ""3"", ""floor"": ""שניה"", ""area"": ""69"", ""propertyType"": ""דירה בבית קומות"", ""gush"": ""3019"", ""helka"": ""56"", ""tatHelka"": ""6"", ""parcelNum"": ""3019-56-6"", ""assetId"": ""11274362460"", ""scrapedAt"": ""2026-09-05T16:18:44.176Z""}"
sold,C:\Users\AVIV\gaba\gabay_pricing_core\tax_enriched_ashkelon_3room_36m.json,950,small_area_45_80,,2025-09-21,אשקלון,מתחם מ-7,דרך הים 31,,3.0,79.0,,,,דירה בבית קומות,,,10000.0,,,,"{""dedupeKey"": ""370-40-216:2025-09-21:790000"", ""dealDate"": ""2025-09-21"", ""dealAmount"": ""790000"", ""pricePerSqm"": ""10000"", ""address"": ""דרך הים 31"", ""cityName"": ""אשקלון"", ""neighborhoodName"": ""מתחם מ-7"", ""rooms"": ""3"", ""floor"": ""שביעית"", ""area"": ""79"", ""propertyType"": ""דירה בבית קומות"", ""gush"": ""370"", ""helka"": ""40"", ""tatHelka"": ""216"", ""parcelNum"": ""370-40-216"", ""assetId"": ""11274637950"", ""scrapedAt"": ""2026-09-05T16:18:44.176Z""}"
sold,C:\Users\AVIV\gaba\gabay_pricing_core\tax_enriched_ashkelon_3room_36m.json,951,small_area_45_80,,2025-09-21,אשקלון,אפרידר,אורט 4,,3.0,58.0,,,,דירה בבית קומות,,,10000.0,,,,"{""dedupeKey"": ""1942-177-123:2025-09-21:580000"", ""dealDate"": ""2025-09-21"", ""dealAmount"": ""580000"", ""pricePerSqm"": ""10000"", ""address"": ""אורט 4"", ""cityName"": ""אשקלון"", ""neighborhoodName"": ""אפרידר"", ""rooms"": ""3"", ""floor"": ""רביעית"", ""area"": ""58"", ""propertyType"": ""דירה בבית קומות"", ""gush"": ""1942"", ""helka"": ""177"", ""tatHelka"": ""123"", ""parcelNum"": ""1942-177-123"", ""assetId"": ""11275906230"", ""scrapedAt"": ""2026-09-05T16:18:44.176Z""}"
sold,C:\Users\AVIV\gaba\gabay_pricing_core\tax_enriched_ashkelon_3room_36m.json,952,small_area_45_80,,2025-09-21,אשקלון,מתחם מ-7,דרך הים 31,,3.0,80.0,,,,דירה בבית קומות,,,10088.0,,,,"{""dedupeKey"": ""370-40-216:2025-09-21:807000"", ""dealDate"": ""2025-09-21"", ""dealAmount"": ""807000"", ""pricePerSqm"": ""10088"", ""address"": ""דרך הים 31"", ""cityName"": ""אשקלון"", ""neighborhoodName"": ""מתחם מ-7"", ""rooms"": ""3"", ""floor"": ""שביעית"", ""area"": ""80"", ""propertyType"": ""דירה בבית קומות"", ""gush"": ""370"", ""helka"": ""40"", ""tatHelka"": ""216"", ""parcelNum"": ""370-40-216"", ""assetId"": ""11274646230"", ""scrapedAt"": ""2026-09-05T16:18:44.176Z""}"
sold,C:\Users\AVIV\gaba\gabay_pricing_core\tax_enriched_ashkelon_3room_36m.json,954,small_area_45_80,,2025-09-21,אשקלון,אפרידר,הסנה 6,,3.0,74.0,,,,דירה בבית קומות,,,16892.0,,,,"{""dedupeKey"": ""1942-157-67:2025-09-21:1250000"", ""dealDate"": ""2025-09-21"", ""dealAmount"": ""1250000"", ""pricePerSqm"": ""16892"", ""address"": ""הסנה 6"", ""cityName"": ""אשקלון"", ""neighborhoodName"": ""אפרידר"", ""rooms"": ""3"", ""floor"": ""שלישית"", ""area"": ""74"", ""propertyType"": ""דירה בבית קומות"", ""gush"": ""1942"", ""helka"": ""157"", ""tatHelka"": ""67"", ""parcelNum"": ""1942-157-67"", ""assetId"": ""11274991290"", ""scrapedAt"": ""2026-09-05T16:18:44.176Z""}"
sold,C:\Users\AVIV\gaba\gabay_pricing_core\tax_enriched_ashkelon_3room_36m.json,955,small_area_45_80,,2025-09-20,אשקלון,מתחם מ-7,דרך הים 31,,3.0,80.0,,,,,,,10088.0,,,,"{""dedupeKey"": ""370-40-167:2025-09-20:807066"", ""dealDate"": ""2025-09-20"", ""dealAmount"": ""807066"", ""pricePerSqm"": ""10088"", ""address"": ""דרך הים 31"", ""cityName"": ""אשקלון"", ""neighborhoodName"": ""מתחם מ-7"", ""rooms"": ""3"", ""floor"": ""שישית"", ""area"": ""80"", ""gush"": ""370"", ""helka"": ""40"", ""tatHelka"": ""167"", ""parcelNum"": ""370-40-167"", ""assetId"": ""11352611049"", ""scrapedAt"": ""2026-09-05T16:18:44.176Z""}"
sold,C:\Users\AVIV\gaba\gabay_pricing_core\tax_enriched_ashkelon_3room_36m.json,956,small_area_45_80,,2025-09-20,אשקלון,מתחם מ-7,דרך הים 31,,3.0,79.0,,,,,,,10010.0,,,,"{""dedupeKey"": ""370-40-166:2025-09-20:790775"", ""dealDate"": ""2025-09-20"", ""dealAmount"": ""790775"", ""pricePerSqm"": ""10010"", ""address"": ""דרך הים 31"", ""cityName"": ""אשקלון"", ""neighborhoodName"": ""מתחם מ-7"", ""rooms"": ""3"", ""floor"": ""שביעית"", ""area"": ""79"", ""gush"": ""370"", ""helka"": ""40"", ""tatHelka"": ""166"", ""parcelNum"": ""370-40-166"", ""assetId"": ""11352611048"", ""scrapedAt"": ""2026-09-05T16:18:44.176Z""}"
sold,C:\Users\AVIV\gaba\gabay_pricing_core\tax_enriched_ashkelon_3room_36m.json,957,small_area_45_80,,2025-09-19,אשקלון,ז'בוטינסקי,"ביל""ו 5",,3.0,67.0,,,,דירה בבית קומות,,,13881.0,,,,"{""dedupeKey"": ""1998-10-22:2025-09-19:930000"", ""dealDate"": ""2025-09-19"", ""dealAmount"": ""930000"", ""pricePerSqm"": ""13881"", ""address"": ""ביל\""ו 5"", ""cityName"": ""אשקלון"", ""neighborhoodName"": ""ז'בוטינסקי"", ""rooms"": ""3"", ""floor"": ""שלישית"", ""area"": ""67"", ""propertyType"": ""דירה בבית קומות"", ""gush"": ""1998"", ""helka"": ""10"", ""tatHelka"": ""22"", ""parcelNum"": ""1998-10-22"", ""assetId"": ""11275684110"", ""scrapedAt"": ""2026-09-05T16:18:44.176Z""}"
sold,C:\Users\AVIV\gaba\gabay_pricing_core\tax_enriched_ashkelon_3room_36m.json,958,small_area_45_80,,2025-09-18,אשקלון,,שפיה 17,,3.0,75.0,,,,דירה בבית קומות,,,20000.0,,,,"{""dedupeKey"": ""369-67-13:2025-09-18:1500000"", ""dealDate"": ""2025-09-18"", ""dealAmount"": ""1500000"", ""pricePerSqm"": ""20000"", ""address"": ""שפיה 17"", ""cityName"": ""אשקלון"", ""rooms"": ""3"", ""floor"": ""שלישית"", ""area"": ""75"", ""propertyType"": ""דירה בבית קומות"", ""gush"": ""369"", ""helka"": ""67"", ""tatHelka"": ""13"", ""parcelNum"": ""369-67-13"", ""assetId"": ""11274112980"", ""scrapedAt"": ""2026-09-05T16:18:44.176Z""}"
sold,C:\Users\AVIV\gaba\gabay_pricing_core\tax_enriched_ashkelon_3room_36m.json,959,small_area_45_80,,2025-09-18,אשקלון,שקמים,יוספטל 9,,3.0,50.0,,,,דירה בבית קומות,,,17000.0,,,,"{""dedupeKey"": ""1996-105-13:2025-09-18:850000"", ""dealDate"": ""2025-09-18"", ""dealAmount"": ""850000"", ""pricePerSqm"": ""17000"", ""address"": ""יוספטל 9"", ""cityName"": ""אשקלון"", ""neighborhoodName"": ""שקמים"", ""rooms"": ""3"", ""floor"": ""שניה"", ""area"": ""50"", ""propertyType"": ""דירה בבית קומות"", ""gush"": ""1996"", ""helka"": ""105"", ""tatHelka"": ""13"", ""parcelNum"": ""1996-105-13"", ""assetId"": ""11274825780"", ""scrapedAt"": ""2026-09-05T16:18:44.176Z""}"
sold,C:\Users\AVIV\gaba\gabay_pricing_core\tax_enriched_ashkelon_3room_36m.json,960,small_area_45_80,,2025-09-18,אשקלון,מרינה,מודיעין 5,,3.0,62.0,,,,דירה בבית קומות,,,20968.0,,,,"{""dedupeKey"": ""1938-432-55:2025-09-18:1300000"", ""dealDate"": ""2025-09-18"", ""dealAmount"": ""1300000"", ""pricePerSqm"": ""20968"", ""address"": ""מודיעין 5"", ""cityName"": ""אשקלון"", ""neighborhoodName"": ""מרינה"", ""rooms"": ""3"", ""floor"": ""שישית"", ""area"": ""62"", ""propertyType"": ""דירה בבית קומות"", ""gush"": ""1938"", ""helka"": ""432"", ""tatHelka"": ""55"", ""parcelNum"": ""1938-432-55"", ""assetId"": ""11275487280"", ""scrapedAt"": ""2026-09-05T16:18:44.176Z""}"
sold,C:\Users\AVIV\gaba\gabay_pricing_core\tax_enriched_ashkelon_3room_36m.json,961,small_area_45_80,,2025-09-17,אשקלון,אפרידר,בר כוכבא 39,,3.0,76.0,,,,דירה בבית קומות,,,11184.0,,,,"{""dedupeKey"": ""2871-99-30:2025-09-17:850000"", ""dealDate"": ""2025-09-17"", ""dealAmount"": ""850000"", ""pricePerSqm"": ""11184"", ""address"": ""בר כוכבא 39"", ""cityName"": ""אשקלון"", ""neighborhoodName"": ""אפרידר"", ""rooms"": ""3"", ""floor"": ""שלישית"", ""area"": ""76"", ""propertyType"": ""דירה בבית קומות"", ""gush"": ""2871"", ""helka"": ""99"", ""tatHelka"": ""30"", ""parcelNum"": ""2871-99-30"", ""assetId"": ""11274654420"", ""scrapedAt"": ""2026-09-05T16:18:44.176Z""}"
sold,C:\Users\AVIV\gaba\gabay_pricing_core\tax_enriched_ashkelon_3room_36m.json,962,small_area_45_80,,2025-09-17,אשקלון,נוה דקלים,שאר ישוב 5,,3.0,70.0,,,,דירה בבית קומות,,,17143.0,,,,"{""dedupeKey"": ""3043-46-18:2025-09-17:1200000"", ""dealDate"": ""2025-09-17"", ""dealAmount"": ""1200000"", ""pricePerSqm"": ""17143"", ""address"": ""שאר ישוב 5"", ""cityName"": ""אשקלון"", ""neighborhoodName"": ""נוה דקלים"", ""rooms"": ""3"", ""floor"": ""ראשונה"", ""area"": ""70"", ""propertyType"": ""דירה בבית קומות"", ""gush"": ""3043"", ""helka"": ""46"", ""tatHelka"": ""18"", ""parcelNum"": ""3043-46-18"", ""assetId"": ""11275262370"", ""scrapedAt"": ""2026-09-05T16:18:44.176Z""}"
sold,C:\Users\AVIV\gaba\gabay_pricing_core\tax_enriched_ashkelon_3room_36m.json,963,small_area_45_80,,2025-09-16,אשקלון,ז'בוטינסקי,גדוד הפורצים 452,,3.0,58.0,,,,דירה בבית קומות,,,16207.0,,,,"{""dedupeKey"": ""1998-25-11:2025-09-16:940000"", ""dealDate"": ""2025-09-16"", ""dealAmount"": ""940000"", ""pricePerSqm"": ""16207"", ""address"": ""גדוד הפורצים 452"", ""cityName"": ""אשקלון"", ""neighborhoodName"": ""ז'בוטינסקי"", ""rooms"": ""3"", ""floor"": ""שניה"", ""area"": ""58"", ""propertyType"": ""דירה בבית קומות"", ""gush"": ""1998"", ""helka"": ""25"", ""tatHelka"": ""11"", ""parcelNum"": ""1998-25-11"", ""assetId"": ""11275569810"", ""scrapedAt"": ""2026-09-05T16:18:44.176Z""}"
sold,C:\Users\AVIV\gaba\gabay_pricing_core\tax_enriched_ashkelon_3room_36m.json,964,small_area_45_80,,2025-09-16,אשקלון,גני ברנע,מונטיפיורי 18,,3.0,60.0,,,,דירה בבית קומות,,,15000.0,,,,"{""dedupeKey"": ""2878-4-15:2025-09-16:900000"", ""dealDate"": ""2025-09-16"", ""dealAmount"": ""900000"", ""pricePerSqm"": ""15000"", ""address"": ""מונטיפיורי 18"", ""cityName"": ""אשקלון"", ""neighborhoodName"": ""גני ברנע"", ""rooms"": ""3"", ""floor"": ""רביעית"", ""area"": ""60"", ""propertyType"": ""דירה בבית קומות"", ""gush"": ""2878"", ""helka"": ""4"", ""tatHelka"": ""15"", ""parcelNum"": ""2878-4-15"", ""assetId"": ""11275267500"", ""scrapedAt"": ""2026-09-05T16:18:44.176Z""}"
sold,C:\Users\AVIV\gaba\gabay_pricing_core\tax_enriched_ashkelon_3room_36m.json,965,small_area_45_80,,2025-09-15,אשקלון,נווה ים,"ש""י עגנון 4",,3.0,63.0,,,,דירה בבית קומות,,,14921.0,,,,"{""dedupeKey"": ""3017-16-45:2025-09-15:940000"", ""dealDate"": ""2025-09-15"", ""dealAmount"": ""940000"", ""pricePerSqm"": ""14921"", ""address"": ""ש\""י עגנון 4"", ""cityName"": ""אשקלון"", ""neighborhoodName"": ""נווה ים"", ""rooms"": ""3"", ""floor"": ""רביעית"", ""area"": ""63"", ""propertyType"": ""דירה בבית קומות"", ""gush"": ""3017"", ""helka"": ""16"", ""tatHelka"": ""45"", ""parcelNum"": ""3017-16-45"", ""assetId"": ""11274661710"", ""scrapedAt"": ""2026-09-05T16:18:44.176Z""}"
sold,C:\Users\AVIV\gaba\gabay_pricing_core\tax_enriched_ashkelon_3room_36m.json,966,small_area_45_80,,2025-09-15,אשקלון,בן גוריון,שלום עליכם 10,,3.0,48.0,,,,דירה בבית קומות,,,12500.0,,,,"{""dedupeKey"": ""1964-34-9:2025-09-15:600000"", ""dealDate"": ""2025-09-15"", ""dealAmount"": ""600000"", ""pricePerSqm"": ""12500"", ""address"": ""שלום עליכם 10"", ""cityName"": ""אשקלון"", ""neighborhoodName"": ""בן גוריון"", ""rooms"": ""3"", ""floor"": ""שלישית"", ""area"": ""48"", ""propertyType"": ""דירה בבית קומות"", ""gush"": ""1964"", ""helka"": ""34"", ""tatHelka"": ""9"", ""parcelNum"": ""1964-34-9"", ""assetId"": ""11273767650"", ""scrapedAt"": ""2026-09-05T16:18:44.176Z""}"
sold,C:\Users\AVIV\gaba\gabay_pricing_core\tax_enriched_ashkelon_3room_36m.json,967,small_area_45_80,,2025-09-14,אשקלון,מתחם מ-7,דרך הים 31,,3.0,79.0,,,,דירה בבית קומות,,,9975.0,,,,"{""dedupeKey"": ""370-40-222:2025-09-14:788000"", ""dealDate"": ""2025-09-14"", ""dealAmount"": ""788000"", ""pricePerSqm"": ""9975"", ""address"": ""דרך הים 31"", ""cityName"": ""אשקלון"", ""neighborhoodName"": ""מתחם מ-7"", ""rooms"": ""3"", ""floor"": ""שמינית"", ""area"": ""79"", ""propertyType"": ""דירה בבית קומות"", ""gush"": ""370"", ""helka"": ""40"", ""tatHelka"": ""222"", ""parcelNum"": ""370-40-222"", ""assetId"": ""11274412860"", ""scrapedAt"": ""2026-09-05T16:18:44.176Z""}"
sold,C:\Users\AVIV\gaba\gabay_pricing_core\tax_enriched_ashkelon_3room_36m.json,968,small_area_45_80,,2025-09-14,אשקלון,מתחם מ-7,דרך הים 31,,3.0,80.0,,,,דירה בבית קומות,,,10038.0,,,,"{""dedupeKey"": ""370-40-222:2025-09-14:803000"", ""dealDate"": ""2025-09-14"", ""dealAmount"": ""803000"", ""pricePerSqm"": ""10038"", ""address"": ""דרך הים 31"", ""cityName"": ""אשקלון"", ""neighborhoodName"": ""מתחם מ-7"", ""rooms"": ""3"", ""floor"": ""שמינית"", ""area"": ""80"", ""propertyType"": ""דירה בבית קומות"", ""gush"": ""370"", ""helka"": ""40"", ""tatHelka"": ""222"", ""parcelNum"": ""370-40-222"", ""assetId"": ""11274458310"", ""scrapedAt"": ""2026-09-05T16:18:44.176Z""}"
sold,C:\Users\AVIV\gaba\gabay_pricing_core\tax_enriched_ashkelon_3room_36m.json,969,small_area_45_80,,2025-09-14,אשקלון,גולדה,עולי הגרדום 9,,3.0,63.0,,,,דירה בבית קומות,,,19365.0,,,,"{""dedupeKey"": ""3012-38-2:2025-09-14:1220000"", ""dealDate"": ""2025-09-14"", ""dealAmount"": ""1220000"", ""pricePerSqm"": ""19365"", ""address"": ""עולי הגרדום 9"", ""cityName"": ""אשקלון"", ""neighborhoodName"": ""גולדה"", ""rooms"": ""3"", ""floor"": ""ראשונה"", ""area"": ""63"", ""propertyType"": ""דירה בבית קומות"", ""gush"": ""3012"", ""helka"": ""38"", ""tatHelka"": ""2"", ""parcelNum"": ""3012-38-2"", ""assetId"": ""11274914880"", ""scrapedAt"": ""2026-09-05T16:18:44.176Z""}"
sold,C:\Users\AVIV\gaba\gabay_pricing_core\tax_enriched_ashkelon_3room_36m.json,972,small_area_45_80,,2025-09-13,אשקלון,מתחם מ-7,דרך הים 31,,3.0,80.0,,,,,,,10048.0,,,,"{""dedupeKey"": ""370-40-159:2025-09-13:803814"", ""dealDate"": ""2025-09-13"", ""dealAmount"": ""803814"", ""pricePerSqm"": ""10048"", ""address"": ""דרך הים 31"", ""cityName"": ""אשקלון"", ""neighborhoodName"": ""מתחם מ-7"", ""rooms"": ""3"", ""floor"": ""שישית"", ""area"": ""80"", ""gush"": ""370"", ""helka"": ""40"", ""tatHelka"": ""159"", ""parcelNum"": ""370-40-159"", ""assetId"": ""11352611040"", ""scrapedAt"": ""2026-09-05T16:18:44.176Z""}"
sold,C:\Users\AVIV\gaba\gabay_pricing_core\tax_enriched_ashkelon_3room_36m.json,973,small_area_45_80,,2025-09-13,אשקלון,מתחם מ-7,דרך הים 31,,3.0,79.0,,,,,,,9980.0,,,,"{""dedupeKey"": ""370-40-157:2025-09-13:788426"", ""dealDate"": ""2025-09-13"", ""dealAmount"": ""788426"", ""pricePerSqm"": ""9980"", ""address"": ""דרך הים 31"", ""cityName"": ""אשקלון"", ""neighborhoodName"": ""מתחם מ-7"", ""rooms"": ""3"", ""floor"": ""חמישית"", ""area"": ""79"", ""gush"": ""370"", ""helka"": ""40"", ""tatHelka"": ""157"", ""parcelNum"": ""370-40-157"", ""assetId"": ""11352611038"", ""scrapedAt"": ""2026-09-05T16:18:44.176Z""}"
sold,C:\Users\AVIV\gaba\gabay_pricing_core\tax_enriched_ashkelon_3room_36m.json,976,small_area_45_80,,2025-09-11,אשקלון,נווה אלונים,"ש""י עגנון 170",,3.0,67.0,,,,דירה בבית קומות,,,15299.0,,,,"{""dedupeKey"": ""1944-203-77:2025-09-11:1025000"", ""dealDate"": ""2025-09-11"", ""dealAmount"": ""1025000"", ""pricePerSqm"": ""15299"", ""address"": ""ש\""י עגנון 170"", ""cityName"": ""אשקלון"", ""neighborhoodName"": ""נווה אלונים"", ""rooms"": ""3"", ""floor"": ""שלישית"", ""area"": ""67"", ""propertyType"": ""דירה בבית קומות"", ""gush"": ""1944"", ""helka"": ""203"", ""tatHelka"": ""77"", ""parcelNum"": ""1944-203-77"", ""assetId"": ""11273513670"", ""scrapedAt"": ""2026-09-05T16:18:44.176Z""}"
sold,C:\Users\AVIV\gaba\gabay_pricing_core\tax_enriched_ashkelon_3room_36m.json,977,small_area_45_80,,2025-09-11,אשקלון,ז'בוטינסקי,ז'בוטינסקי 5,,3.0,59.0,,,,דירה בבית קומות,,,15254.0,,,,"{""dedupeKey"": ""1996-39-10:2025-09-11:900000"", ""dealDate"": ""2025-09-11"", ""dealAmount"": ""900000"", ""pricePerSqm"": ""15254"", ""address"": ""ז'בוטינסקי 5"", ""cityName"": ""אשקלון"", ""neighborhoodName"": ""ז'בוטינסקי"", ""rooms"": ""3"", ""floor"": ""שניה"", ""area"": ""59"", ""propertyType"": ""דירה בבית קומות"", ""gush"": ""1996"", ""helka"": ""39"", ""tatHelka"": ""10"", ""parcelNum"": ""1996-39-10"", ""assetId"": ""11274031890"", ""scrapedAt"": ""2026-09-05T16:18:44.176Z""}"
sold,C:\Users\AVIV\gaba\gabay_pricing_core\tax_enriched_ashkelon_3room_36m.json,978,small_area_45_80,,2025-09-10,אשקלון,שקמים,אליעזר מילרוד 24,,3.0,50.0,,,,דירה בבית קומות,,,12400.0,,,,"{""dedupeKey"": ""1997-14-23:2025-09-10:620000"", ""dealDate"": ""2025-09-10"", ""dealAmount"": ""620000"", ""pricePerSqm"": ""12400"", ""address"": ""אליעזר מילרוד 24"", ""cityName"": ""אשקלון"", ""neighborhoodName"": ""שקמים"", ""rooms"": ""3"", ""floor"": ""רביעית"", ""area"": ""50"", ""propertyType"": ""דירה בבית קומות"", ""gush"": ""1997"", ""helka"": ""14"", ""tatHelka"": ""23"", ""parcelNum"": ""1997-14-23"", ""assetId"": ""11273704560"", ""scrapedAt"": ""2026-09-05T16:18:44.176Z""}"
sold,C:\Users\AVIV\gaba\gabay_pricing_core\tax_enriched_ashkelon_3room_36m.json,979,small_area_45_80,,2025-09-09,אשקלון,מגדל,הרצל 16,,3.0,68.0,,,,דירה בבית קומות,,,9853.0,,,,"{""dedupeKey"": ""1247-10-2:2025-09-09:670000"", ""dealDate"": ""2025-09-09"", ""dealAmount"": ""670000"", ""pricePerSqm"": ""9853"", ""address"": ""הרצל 16"", ""cityName"": ""אשקלון"", ""neighborhoodName"": ""מגדל"", ""rooms"": ""3"", ""floor"": ""שישית"", ""area"": ""68"", ""propertyType"": ""דירה בבית קומות"", ""gush"": ""1247"", ""helka"": ""10"", ""tatHelka"": ""2"", ""parcelNum"": ""1247-10-2"", ""assetId"": ""11273544900"", ""scrapedAt"": ""2026-09-05T16:18:44.176Z""}"
sold,C:\Users\AVIV\gaba\gabay_pricing_core\tax_enriched_ashkelon_3room_36m.json,980,small_area_45_80,,2025-09-09,אשקלון,נווה אלונים,ההסתדרות 716,,3.0,60.0,,,,דירה בבית קומות,,,16667.0,,,,"{""dedupeKey"": ""3019-18-19:2025-09-09:1000000"", ""dealDate"": ""2025-09-09"", ""dealAmount"": ""1000000"", ""pricePerSqm"": ""16667"", ""address"": ""ההסתדרות 716"", ""cityName"": ""אשקלון"", ""neighborhoodName"": ""נווה אלונים"", ""rooms"": ""3"", ""floor"": ""ראשונה"", ""area"": ""60"", ""propertyType"": ""דירה בבית קומות"", ""gush"": ""3019"", ""helka"": ""18"", ""tatHelka"": ""19"", ""parcelNum"": ""3019-18-19"", ""assetId"": ""11275091640"", ""scrapedAt"": ""2026-09-05T16:18:44.176Z""}"
sold,C:\Users\AVIV\gaba\gabay_pricing_core\tax_enriched_ashkelon_3room_36m.json,981,small_area_45_80,,2025-09-08,אשקלון,נווה אילן,מגידו 4,,3.0,80.0,,,,דירה בבית קומות,,,17000.0,,,,"{""dedupeKey"": ""2507-13-10:2025-09-08:1360000"", ""dealDate"": ""2025-09-08"", ""dealAmount"": ""1360000"", ""pricePerSqm"": ""17000"", ""address"": ""מגידו 4"", ""cityName"": ""אשקלון"", ""neighborhoodName"": ""נווה אילן"", ""rooms"": ""3"", ""floor"": ""שלישית"", ""area"": ""80"", ""propertyType"": ""דירה בבית קומות"", ""gush"": ""2507"", ""helka"": ""13"", ""tatHelka"": ""10"", ""parcelNum"": ""2507-13-10"", ""assetId"": ""11273410530"", ""scrapedAt"": ""2026-09-05T16:18:44.176Z""}"
sold,C:\Users\AVIV\gaba\gabay_pricing_core\tax_enriched_ashkelon_3room_36m.json,982,small_area_45_80,,2025-09-07,אשקלון,מתחם מ-7,דרך הים 31,,3.0,80.0,,,,דירה בבית קומות,,,10050.0,,,,"{""dedupeKey"": ""370-40-233:2025-09-07:804000"", ""dealDate"": ""2025-09-07"", ""dealAmount"": ""804000"", ""pricePerSqm"": ""10050"", ""address"": ""דרך הים 31"", ""cityName"": ""אשקלון"", ""neighborhoodName"": ""מתחם מ-7"", ""rooms"": ""3"", ""floor"": ""שמינית"", ""area"": ""80"", ""propertyType"": ""דירה בבית קומות"", ""gush"": ""370"", ""helka"": ""40"", ""tatHelka"": ""233"", ""parcelNum"": ""370-40-233"", ""assetId"": ""11273218200"", ""scrapedAt"": ""2026-09-05T16:18:44.176Z""}"
sold,C:\Users\AVIV\gaba\gabay_pricing_core\tax_enriched_ashkelon_3room_36m.json,985,small_area_45_80,,2025-09-06,אשקלון,מתחם מ-7,דרך הים 31,,3.0,80.0,,,,,,,10014.0,,,,"{""dedupeKey"": ""370-40-150:2025-09-06:801155"", ""dealDate"": ""2025-09-06"", ""dealAmount"": ""801155"", ""pricePerSqm"": ""10014"", ""address"": ""דרך הים 31"", ""cityName"": ""אשקלון"", ""neighborhoodName"": ""מתחם מ-7"", ""rooms"": ""3"", ""floor"": ""רביעית"", ""area"": ""80"", ""gush"": ""370"", ""helka"": ""40"", ""tatHelka"": ""150"", ""parcelNum"": ""370-40-150"", ""assetId"": ""11352611031"", ""scrapedAt"": ""2026-09-05T16:18:44.176Z""}"
sold,C:\Users\AVIV\gaba\gabay_pricing_core\tax_enriched_ashkelon_3room_36m.json,989,small_area_45_80,,2025-09-04,אשקלון,כוכב הצפון,"רמב""ם 28",,3.0,64.0,,2.0,,דירה בבית קומות,,,14844.0,,,,"{""dedupeKey"": ""1201-97-6:2025-09-04:950000"", ""dealDate"": ""2025-09-04"", ""dealAmount"": ""950000"", ""pricePerSqm"": ""14844"", ""address"": ""רמב\""ם 28"", ""cityName"": ""אשקלון"", ""neighborhoodName"": ""כוכב הצפון"", ""rooms"": ""3"", ""floor"": ""קומה ‎2‏"", ""area"": ""64"", ""propertyType"": ""דירה בבית קומות"", ""gush"": ""1201"", ""helka"": ""97"", ""tatHelka"": ""6"", ""parcelNum"": ""1201-97-6"", ""assetId"": ""11273669820"", ""scrapedAt"": ""2026-09-05T16:18:44.176Z""}"
sold,C:\Users\AVIV\gaba\gabay_pricing_core\tax_enriched_ashkelon_3room_36m.json,990,small_area_45_80,,2025-09-04,אשקלון,נווה אילן,פקיעין 14,,3.0,65.0,,,,דירה בבית קומות,False,,19846.0,,,,"{""dedupeKey"": ""2508-28-92:2025-09-04:1290000"", ""dealDate"": ""2025-09-04"", ""dealAmount"": ""1290000"", ""pricePerSqm"": ""19846"", ""address"": ""פקיעין 14"", ""cityName"": ""אשקלון"", ""neighborhoodName"": ""נווה אילן"", ""rooms"": ""3"", ""floor"": ""חמישית"", ""area"": ""65"", ""propertyType"": ""דירה בבית קומות"", ""isFirstHand"": ""False"", ""gush"": ""2508"", ""helka"": ""28"", ""tatHelka"": ""92"", ""parcelNum"": ""2508-28-92"", ""assetId"": ""11273189310"", ""scrapedAt"": ""2026-09-05T16:18:44.176Z""}"
sold,C:\Users\AVIV\gaba\gabay_pricing_core\tax_enriched_ashkelon_3room_36m.json,991,small_area_45_80,,2025-09-04,אשקלון,גן הורדים,השומר הצעיר 3,,3.0,66.0,,,,דירה בבית קומות,,,18561.0,,,,"{""dedupeKey"": ""2391-15-32:2025-09-04:1225000"", ""dealDate"": ""2025-09-04"", ""dealAmount"": ""1225000"", ""pricePerSqm"": ""18561"", ""address"": ""השומר הצעיר 3"", ""cityName"": ""אשקלון"", ""neighborhoodName"": ""גן הורדים"", ""rooms"": ""3"", ""floor"": ""שמינית"", ""area"": ""66"", ""propertyType"": ""דירה בבית קומות"", ""gush"": ""2391"", ""helka"": ""15"", ""tatHelka"": ""32"", ""parcelNum"": ""2391-15-32"", ""assetId"": ""11273207850"", ""scrapedAt"": ""2026-09-05T16:18:44.176Z""}"
sold,C:\Users\AVIV\gaba\gabay_pricing_core\tax_enriched_ashkelon_3room_36m.json,992,small_area_45_80,,2025-09-03,אשקלון,ז'בוטינסקי,"ביל""ו 3",,3.0,63.0,,,,דירה בבית קומות,,,12857.0,,,,"{""dedupeKey"": ""1998-9-14:2025-09-03:810000"", ""dealDate"": ""2025-09-03"", ""dealAmount"": ""810000"", ""pricePerSqm"": ""12857"", ""address"": ""ביל\""ו 3"", ""cityName"": ""אשקלון"", ""neighborhoodName"": ""ז'בוטינסקי"", ""rooms"": ""3"", ""floor"": ""שלישית"", ""area"": ""63"", ""propertyType"": ""דירה בבית קומות"", ""gush"": ""1998"", ""helka"": ""9"", ""tatHelka"": ""14"", ""parcelNum"": ""1998-9-14"", ""assetId"": ""11274352830"", ""scrapedAt"": ""2026-09-05T16:18:44.176Z""}"
sold,C:\Users\AVIV\gaba\gabay_pricing_core\tax_enriched_ashkelon_3room_36m.json,993,small_area_45_80,,2025-09-03,אשקלון,כוכב הצפון,אבן עזרא 61,,3.0,76.0,,0.0,,דירה בבית קומות,False,,19737.0,,,,"{""dedupeKey"": ""1201-120-18:2025-09-03:1500000"", ""dealDate"": ""2025-09-03"", ""dealAmount"": ""1500000"", ""pricePerSqm"": ""19737"", ""address"": ""אבן עזרא 61"", ""cityName"": ""אשקלון"", ""neighborhoodName"": ""כוכב הצפון"", ""rooms"": ""3"", ""floor"": ""קומה ‎0‏"", ""area"": ""76"", ""propertyType"": ""דירה בבית קומות"", ""isFirstHand"": ""False"", ""gush"": ""1201"", ""helka"": ""120"", ""tatHelka"": ""18"", ""parcelNum"": ""1201-120-18"", ""assetId"": ""11273415660"", ""scrapedAt"": ""2026-09-05T16:18:44.177Z""}"
sold,C:\Users\AVIV\gaba\gabay_pricing_core\tax_enriched_ashkelon_3room_36m.json,994,small_area_45_80,,2025-09-03,אשקלון,גולדה,עמיעוז 3,,3.0,66.0,,,,דירה בבית קומות,,,17652.0,,,,"{""dedupeKey"": ""2843-10-55:2025-09-03:1165000"", ""dealDate"": ""2025-09-03"", ""dealAmount"": ""1165000"", ""pricePerSqm"": ""17652"", ""address"": ""עמיעוז 3"", ""cityName"": ""אשקלון"", ""neighborhoodName"": ""גולדה"", ""rooms"": ""3"", ""floor"": ""שניה"", ""area"": ""66"", ""propertyType"": ""דירה בבית קומות"", ""gush"": ""2843"", ""helka"": ""10"", ""tatHelka"": ""55"", ""parcelNum"": ""2843-10-55"", ""assetId"": ""11273009490"", ""scrapedAt"": ""2026-09-05T16:18:44.177Z""}"
sold,C:\Users\AVIV\gaba\gabay_pricing_core\tax_enriched_ashkelon_3room_36m.json,995,small_area_45_80,,2025-09-03,אשקלון,גולדה,עולי הגרדום 5,,3.0,63.0,,,,דירה בבית קומות,,,19841.0,,,,"{""dedupeKey"": ""3012-37-11:2025-09-03:1250000"", ""dealDate"": ""2025-09-03"", ""dealAmount"": ""1250000"", ""pricePerSqm"": ""19841"", ""address"": ""עולי הגרדום 5"", ""cityName"": ""אשקלון"", ""neighborhoodName"": ""גולדה"", ""rooms"": ""3"", ""floor"": ""שלישית"", ""area"": ""63"", ""propertyType"": ""דירה בבית קומות"", ""gush"": ""3012"", ""helka"": ""37"", ""tatHelka"": ""11"", ""parcelNum"": ""3012-37-11"", ""assetId"": ""11274978690"", ""scrapedAt"": ""2026-09-05T16:18:44.177Z""}"
sold,C:\Users\AVIV\gaba\gabay_pricing_core\tax_enriched_ashkelon_3room_36m.json,996,small_area_45_80,,2025-09-02,אשקלון,מרינה,גולני 11,,3.0,75.0,,,,דירת נופש,,,18400.0,,,,"{""dedupeKey"": ""1938-134-22:2025-09-02:1380000"", ""dealDate"": ""2025-09-02"", ""dealAmount"": ""1380000"", ""pricePerSqm"": ""18400"", ""address"": ""גולני 11"", ""cityName"": ""אשקלון"", ""neighborhoodName"": ""מרינה"", ""rooms"": ""3"", ""floor"": ""שלישית"", ""area"": ""75"", ""propertyType"": ""דירת נופש"", ""gush"": ""1938"", ""helka"": ""134"", ""tatHelka"": ""22"", ""parcelNum"": ""1938-134-22"", ""assetId"": ""11275415280"", ""scrapedAt"": ""2026-09-05T16:18:44.177Z""}"
sold,C:\Users\AVIV\gaba\gabay_pricing_core\tax_enriched_ashkelon_3room_36m.json,998,small_area_45_80,,2025-08-31,אשקלון,,היינן 25,,3.0,80.0,,,,דירה בבית קומות,,,24075.0,,,,"{""dedupeKey"": ""362-101-90:2025-08-31:1926000"", ""dealDate"": ""2025-08-31"", ""dealAmount"": ""1926000"", ""pricePerSqm"": ""24075"", ""address"": ""היינן 25"", ""cityName"": ""אשקלון"", ""rooms"": ""3"", ""area"": ""80"", ""propertyType"": ""דירה בבית קומות"", ""gush"": ""362"", ""helka"": ""101"", ""tatHelka"": ""90"", ""parcelNum"": ""362-101-90"", ""assetId"": ""11274937110"", ""scrapedAt"": ""2026-09-05T16:18:44.177Z""}"
sold,C:\Users\AVIV\gaba\gabay_pricing_core\tax_enriched_ashkelon_3room_36m.json,999,small_area_45_80,,2025-08-31,אשקלון,בן גוריון,יהודה הלוי 11,,3.0,52.0,,,,דירה בבית קומות,,,16346.0,,,,"{""dedupeKey"": ""1964-38-12:2025-08-31:850000"", ""dealDate"": ""2025-08-31"", ""dealAmount"": ""850000"", ""pricePerSqm"": ""16346"", ""address"": ""יהודה הלוי 11"", ""cityName"": ""אשקלון"", ""neighborhoodName"": ""בן גוריון"", ""rooms"": ""3"", ""floor"": ""שניה"", ""area"": ""52"", ""propertyType"": ""דירה בבית קומות"", ""gush"": ""1964"", ""helka"": ""38"", ""tatHelka"": ""12"", ""parcelNum"": ""1964-38-12"", ""assetId"": ""11274251040"", ""scrapedAt"": ""2026-09-05T16:18:44.177Z""}"
sold,C:\Users\AVIV\gaba\gabay_pricing_core\tax_enriched_ashkelon_3room_36m.json,1000,small_area_45_80,,2025-08-31,אשקלון,מתחם מ-7,דרך הים 31,,3.0,80.0,,,,דירה בבית קומות,,,10013.0,,,,"{""dedupeKey"": ""370-40-237:2025-08-31:801000"", ""dealDate"": ""2025-08-31"", ""dealAmount"": ""801000"", ""pricePerSqm"": ""10013"", ""address"": ""דרך הים 31"", ""cityName"": ""אשקלון"", ""neighborhoodName"": ""מתחם מ-7"", ""rooms"": ""3"", ""floor"": ""שלישית"", ""area"": ""80"", ""propertyType"": ""דירה בבית קומות"", ""gush"": ""370"", ""helka"": ""40"", ""tatHelka"": ""237"", ""parcelNum"": ""370-40-237"", ""assetId"": ""11273518890"", ""scrapedAt"": ""2026-09-05T16:18:44.177Z""}"
sold,C:\Users\AVIV\gaba\gabay_pricing_core\tax_enriched_ashkelon_3room_36m.json,1001,small_area_45_80,,2025-08-31,אשקלון,גן הורדים,קרן היסוד 12,,3.0,65.0,,,,דירה בבית קומות,,,17000.0,,,,"{""dedupeKey"": ""2391-63-19:2025-08-31:1105000"", ""dealDate"": ""2025-08-31"", ""dealAmount"": ""1105000"", ""pricePerSqm"": ""17000"", ""address"": ""קרן היסוד 12"", ""cityName"": ""אשקלון"", ""neighborhoodName"": ""גן הורדים"", ""rooms"": ""3"", ""floor"": ""שלישית"", ""area"": ""65"", ""propertyType"": ""דירה בבית קומות"", ""gush"": ""2391"", ""helka"": ""63"", ""tatHelka"": ""19"", ""parcelNum"": ""2391-63-19"", ""assetId"": ""11273512320"", ""scrapedAt"": ""2026-09-05T16:18:44.177Z""}"
sold,C:\Users\AVIV\gaba\gabay_pricing_core\tax_enriched_ashkelon_3room_36m.json,1003,small_area_45_80,,2025-08-30,אשקלון,מתחם מ-7,דרך הים 31,,3.0,80.0,,,,,,,10020.0,,,,"{""dedupeKey"": ""370-40-149:2025-08-30:801574"", ""dealDate"": ""2025-08-30"", ""dealAmount"": ""801574"", ""pricePerSqm"": ""10020"", ""address"": ""דרך הים 31"", ""cityName"": ""אשקלון"", ""neighborhoodName"": ""מתחם מ-7"", ""rooms"": ""3"", ""floor"": ""שלישית"", ""area"": ""80"", ""gush"": ""370"", ""helka"": ""40"", ""tatHelka"": ""149"", ""parcelNum"": ""370-40-149"", ""assetId"": ""11352611029"", ""scrapedAt"": ""2026-09-05T16:18:44.177Z""}"
sold,C:\Users\AVIV\gaba\gabay_pricing_core\tax_enriched_ashkelon_3room_36m.json,1004,small_area_45_80,,2025-08-30,אשקלון,,היינן 25,,3.0,80.0,,,,,,,24000.0,,,,"{""dedupeKey"": ""362-101-88:2025-08-30:1920000"", ""dealDate"": ""2025-08-30"", ""dealAmount"": ""1920000"", ""pricePerSqm"": ""24000"", ""address"": ""היינן 25"", ""cityName"": ""אשקלון"", ""rooms"": ""3"", ""area"": ""80"", ""gush"": ""362"", ""helka"": ""101"", ""tatHelka"": ""88"", ""parcelNum"": ""362-101-88"", ""assetId"": ""11352604960"", ""scrapedAt"": ""2026-09-05T16:18:44.177Z""}"
sold,C:\Users\AVIV\gaba\gabay_pricing_core\tax_enriched_ashkelon_3room_36m.json,1006,small_area_45_80,,2025-08-28,אשקלון,אפרידר,דרום אפריקה 6,,3.0,80.0,,,,דירה בבית קומות,,,14625.0,,,,"{""dedupeKey"": ""1932-81-19:2025-08-28:1170000"", ""dealDate"": ""2025-08-28"", ""dealAmount"": ""1170000"", ""pricePerSqm"": ""14625"", ""address"": ""דרום אפריקה 6"", ""cityName"": ""אשקלון"", ""neighborhoodName"": ""אפרידר"", ""rooms"": ""3"", ""floor"": ""קרקע"", ""area"": ""80"", ""propertyType"": ""דירה בבית קומות"", ""gush"": ""1932"", ""helka"": ""81"", ""tatHelka"": ""19"", ""parcelNum"": ""1932-81-19"", ""assetId"": ""11272774860"", ""scrapedAt"": ""2026-09-05T16:18:44.177Z""}"
sold,C:\Users\AVIV\gaba\gabay_pricing_core\tax_enriched_ashkelon_3room_36m.json,1007,small_area_45_80,,2025-08-28,אשקלון,גני ברנע,מונטיפיורי 22,,3.0,59.0,,,,דירה בבית קומות,,,19322.0,,,,"{""dedupeKey"": ""2878-4-40:2025-08-28:1140000"", ""dealDate"": ""2025-08-28"", ""dealAmount"": ""1140000"", ""pricePerSqm"": ""19322"", ""address"": ""מונטיפיורי 22"", ""cityName"": ""אשקלון"", ""neighborhoodName"": ""גני ברנע"", ""rooms"": ""3"", ""floor"": ""שניה"", ""area"": ""59"", ""propertyType"": ""דירה בבית קומות"", ""gush"": ""2878"", ""helka"": ""4"", ""tatHelka"": ""40"", ""parcelNum"": ""2878-4-40"", ""assetId"": ""11273200380"", ""scrapedAt"": ""2026-09-05T16:18:44.177Z""}"
sold,C:\Users\AVIV\gaba\gabay_pricing_core\tax_enriched_ashkelon_3room_36m.json,1010,small_area_45_80,,2025-08-28,אשקלון,גן הורדים,,,3.0,67.0,,,,דירה בבית קומות,,,17164.0,,,,"{""dedupeKey"": ""2391-24-51:2025-08-28:1150000"", ""dealDate"": ""2025-08-28"", ""dealAmount"": ""1150000"", ""pricePerSqm"": ""17164"", ""cityName"": ""אשקלון"", ""neighborhoodName"": ""גן הורדים"", ""rooms"": ""3"", ""floor"": ""ראשונה"", ""area"": ""67"", ""propertyType"": ""דירה בבית קומות"", ""gush"": ""2391"", ""helka"": ""24"", ""tatHelka"": ""51"", ""parcelNum"": ""2391-24-51"", ""assetId"": ""11272743000"", ""scrapedAt"": ""2026-09-05T16:18:44.177Z""}"
sold,C:\Users\AVIV\gaba\gabay_pricing_core\tax_enriched_ashkelon_3room_36m.json,1011,small_area_45_80,,2025-08-27,אשקלון,נאות אשקלון,אריה 10,,3.0,77.0,,,,דירה בבית קומות,False,,14935.0,,,,"{""dedupeKey"": ""1296-9-50:2025-08-27:1150000"", ""dealDate"": ""2025-08-27"", ""dealAmount"": ""1150000"", ""pricePerSqm"": ""14935"", ""address"": ""אריה 10"", ""cityName"": ""אשקלון"", ""neighborhoodName"": ""נאות אשקלון"", ""rooms"": ""3"", ""floor"": ""חמישית"", ""area"": ""77"", ""propertyType"": ""דירה בבית קומות"", ""isFirstHand"": ""False"", ""gush"": ""1296"", ""helka"": ""9"", ""tatHelka"": ""50"", ""parcelNum"": ""1296-9-50"", ""assetId"": ""11272437000"", ""scrapedAt"": ""2026-09-05T16:18:44.177Z""}"
sold,C:\Users\AVIV\gaba\gabay_pricing_core\tax_enriched_ashkelon_3room_36m.json,1012,small_area_45_80,,2025-08-26,אשקלון,,שפיה 15,,3.0,75.0,,,,דירה בבית קומות,,,20000.0,,,,"{""dedupeKey"": ""369-66-10:2025-08-26:1500000"", ""dealDate"": ""2025-08-26"", ""dealAmount"": ""1500000"", ""pricePerSqm"": ""20000"", ""address"": ""שפיה 15"", ""cityName"": ""אשקלון"", ""rooms"": ""3"", ""floor"": ""רביעית"", ""area"": ""75"", ""propertyType"": ""דירה בבית קומות"", ""gush"": ""369"", ""helka"": ""66"", ""tatHelka"": ""10"", ""parcelNum"": ""369-66-10"", ""assetId"": ""11272270050"", ""scrapedAt"": ""2026-09-05T16:18:44.177Z""}"
sold,C:\Users\AVIV\gaba\gabay_pricing_core\tax_enriched_ashkelon_3room_36m.json,1015,small_area_45_80,,2025-08-25,אשקלון,נווה אלונים,שפירא 7,,3.0,69.0,,,,דירה בבית קומות,,,15217.0,,,,"{""dedupeKey"": ""3019-56-27:2025-08-25:1050000"", ""dealDate"": ""2025-08-25"", ""dealAmount"": ""1050000"", ""pricePerSqm"": ""15217"", ""address"": ""שפירא 7"", ""cityName"": ""אשקלון"", ""neighborhoodName"": ""נווה אלונים"", ""rooms"": ""3"", ""floor"": ""שלישית"", ""area"": ""69"", ""propertyType"": ""דירה בבית קומות"", ""gush"": ""3019"", ""helka"": ""56"", ""tatHelka"": ""27"", ""parcelNum"": ""3019-56-27"", ""assetId"": ""11273400000"", ""scrapedAt"": ""2026-09-05T16:18:44.177Z""}"
sold,C:\Users\AVIV\gaba\gabay_pricing_core\tax_enriched_ashkelon_3room_36m.json,1016,small_area_45_80,,2025-08-24,אשקלון,מתחם מ-7,דרך הים 31,,3.0,79.0,,,,דירה בבית קומות,,,9962.0,,,,"{""dedupeKey"": ""370-40-238:2025-08-24:787000"", ""dealDate"": ""2025-08-24"", ""dealAmount"": ""787000"", ""pricePerSqm"": ""9962"", ""address"": ""דרך הים 31"", ""cityName"": ""אשקלון"", ""neighborhoodName"": ""מתחם מ-7"", ""rooms"": ""3"", ""floor"": ""שביעית"", ""area"": ""79"", ""propertyType"": ""דירה בבית קומות"", ""gush"": ""370"", ""helka"": ""40"", ""tatHelka"": ""238"", ""parcelNum"": ""370-40-238"", ""assetId"": ""11274240600"", ""scrapedAt"": ""2026-09-05T16:18:44.177Z""}"
sold,C:\Users\AVIV\gaba\gabay_pricing_core\tax_enriched_ashkelon_3room_36m.json,1018,small_area_45_80,,2025-08-24,אשקלון,מתחם מ-7,דרך הים 31,,3.0,80.0,,,,דירה בבית קומות,,,10038.0,,,,"{""dedupeKey"": ""370-40-238:2025-08-24:803000"", ""dealDate"": ""2025-08-24"", ""dealAmount"": ""803000"", ""pricePerSqm"": ""10038"", ""address"": ""דרך הים 31"", ""cityName"": ""אשקלון"", ""neighborhoodName"": ""מתחם מ-7"", ""rooms"": ""3"", ""floor"": ""שביעית"", ""area"": ""80"", ""propertyType"": ""דירה בבית קומות"", ""gush"": ""370"", ""helka"": ""40"", ""tatHelka"": ""238"", ""parcelNum"": ""370-40-238"", ""assetId"": ""11273007420"", ""scrapedAt"": ""2026-09-05T16:18:44.177Z""}"
sold,C:\Users\AVIV\gaba\gabay_pricing_core\tax_enriched_ashkelon_3room_36m.json,1022,small_area_45_80,,2025-08-24,אשקלון,גבעת ציון,התחייה 26,,3.0,70.0,,,,דירה בבית קומות,,,12571.0,,,,"{""dedupeKey"": ""1207-160-5:2025-08-24:880000"", ""dealDate"": ""2025-08-24"", ""dealAmount"": ""880000"", ""pricePerSqm"": ""12571"", ""address"": ""התחייה 26"", ""cityName"": ""אשקלון"", ""neighborhoodName"": ""גבעת ציון"", ""rooms"": ""3"", ""floor"": ""קרקע"", ""area"": ""70"", ""propertyType"": ""דירה בבית קומות"", ""gush"": ""1207"", ""helka"": ""160"", ""tatHelka"": ""5"", ""parcelNum"": ""1207-160-5"", ""assetId"": ""11274328260"", ""scrapedAt"": ""2026-09-05T16:18:44.177Z""}"
sold,C:\Users\AVIV\gaba\gabay_pricing_core\tax_enriched_ashkelon_3room_36m.json,1025,small_area_45_80,,2025-08-23,אשקלון,מתחם מ-7,דרך הים 31,,3.0,80.0,,,,,,,10053.0,,,,"{""dedupeKey"": ""370-40-123:2025-08-23:804270"", ""dealDate"": ""2025-08-23"", ""dealAmount"": ""804270"", ""pricePerSqm"": ""10053"", ""address"": ""דרך הים 31"", ""cityName"": ""אשקלון"", ""neighborhoodName"": ""מתחם מ-7"", ""rooms"": ""3"", ""floor"": ""שמינית"", ""area"": ""80"", ""gush"": ""370"", ""helka"": ""40"", ""tatHelka"": ""123"", ""parcelNum"": ""370-40-123"", ""assetId"": ""11352611009"", ""scrapedAt"": ""2026-09-05T16:18:44.177Z""}"
sold,C:\Users\AVIV\gaba\gabay_pricing_core\tax_enriched_ashkelon_3room_36m.json,1026,small_area_45_80,,2025-08-23,אשקלון,מתחם מ-7,דרך הים 31,,3.0,79.0,,,,,,,9907.0,,,,"{""dedupeKey"": ""370-40-109:2025-08-23:782616"", ""dealDate"": ""2025-08-23"", ""dealAmount"": ""782616"", ""pricePerSqm"": ""9907"", ""address"": ""דרך הים 31"", ""cityName"": ""אשקלון"", ""neighborhoodName"": ""מתחם מ-7"", ""rooms"": ""3"", ""floor"": ""עשירית"", ""area"": ""79"", ""gush"": ""370"", ""helka"": ""40"", ""tatHelka"": ""109"", ""parcelNum"": ""370-40-109"", ""assetId"": ""11352611000"", ""scrapedAt"": ""2026-09-05T16:18:44.177Z""}"
sold,C:\Users\AVIV\gaba\gabay_pricing_core\tax_enriched_ashkelon_3room_36m.json,1034,small_area_45_80,,2025-08-21,אשקלון,גן הורדים,השומר הצעיר 6,,3.0,67.0,,,,דירה בבית קומות,,,15373.0,,,,"{""dedupeKey"": ""2391-12-24:2025-08-21:1030000"", ""dealDate"": ""2025-08-21"", ""dealAmount"": ""1030000"", ""pricePerSqm"": ""15373"", ""address"": ""השומר הצעיר 6"", ""cityName"": ""אשקלון"", ""neighborhoodName"": ""גן הורדים"", ""rooms"": ""3"", ""floor"": ""ראשונה"", ""area"": ""67"", ""propertyType"": ""דירה בבית קומות"", ""gush"": ""2391"", ""helka"": ""12"", ""tatHelka"": ""24"", ""parcelNum"": ""2391-12-24"", ""assetId"": ""11272104450"", ""scrapedAt"": ""2026-09-05T16:18:44.177Z""}"
sold,C:\Users\AVIV\gaba\gabay_pricing_core\tax_enriched_ashkelon_3room_36m.json,1036,small_area_45_80,,2025-08-20,אשקלון,שקמים,יוספטל 3,,3.0,58.0,,,,דירה בבית קומות,,,13621.0,,,,"{""dedupeKey"": ""1965-20-12:2025-08-20:790000"", ""dealDate"": ""2025-08-20"", ""dealAmount"": ""790000"", ""pricePerSqm"": ""13621"", ""address"": ""יוספטל 3"", ""cityName"": ""אשקלון"", ""neighborhoodName"": ""שקמים"", ""rooms"": ""3"", ""floor"": ""שניה"", ""area"": ""58"", ""propertyType"": ""דירה בבית קומות"", ""gush"": ""1965"", ""helka"": ""20"", ""tatHelka"": ""12"", ""parcelNum"": ""1965-20-12"", ""assetId"": ""11271892770"", ""scrapedAt"": ""2026-09-05T16:18:44.177Z""}"
sold,C:\Users\AVIV\gaba\gabay_pricing_core\tax_enriched_ashkelon_3room_36m.json,1037,small_area_45_80,,2025-08-20,אשקלון,כוכב הצפון,אנה פרנק 10,,3.0,77.0,,,,דירה בבית קומות,,,13481.0,,,,"{""dedupeKey"": ""2879-10-4:2025-08-20:1038000"", ""dealDate"": ""2025-08-20"", ""dealAmount"": ""1038000"", ""pricePerSqm"": ""13481"", ""address"": ""אנה פרנק 10"", ""cityName"": ""אשקלון"", ""neighborhoodName"": ""כוכב הצפון"", ""rooms"": ""3"", ""floor"": ""ראשונה"", ""area"": ""77"", ""propertyType"": ""דירה בבית קומות"", ""gush"": ""2879"", ""helka"": ""10"", ""tatHelka"": ""4"", ""parcelNum"": ""2879-10-4"", ""assetId"": ""11272686480"", ""scrapedAt"": ""2026-09-05T16:18:44.177Z""}"
sold,C:\Users\AVIV\gaba\gabay_pricing_core\tax_enriched_ashkelon_3room_36m.json,1038,small_area_45_80,,2025-08-18,אשקלון,ז'בוטינסקי,גדוד הפורצים 2,,3.0,60.0,,,,דירה בבית קומות,,,20417.0,,,,"{""dedupeKey"": ""1998-22-13:2025-08-18:1225000"", ""dealDate"": ""2025-08-18"", ""dealAmount"": ""1225000"", ""pricePerSqm"": ""20417"", ""address"": ""גדוד הפורצים 2"", ""cityName"": ""אשקלון"", ""neighborhoodName"": ""ז'בוטינסקי"", ""rooms"": ""3"", ""floor"": ""שלישית"", ""area"": ""60"", ""propertyType"": ""דירה בבית קומות"", ""gush"": ""1998"", ""helka"": ""22"", ""tatHelka"": ""13"", ""parcelNum"": ""1998-22-13"", ""assetId"": ""11274040800"", ""scrapedAt"": ""2026-09-05T16:18:44.177Z""}"
sold,C:\Users\AVIV\gaba\gabay_pricing_core\tax_enriched_ashkelon_3room_36m.json,1039,small_area_45_80,,2025-08-18,אשקלון,שקמים,יוספטל 9,,3.0,50.0,,,,דירה בבית קומות,,,18000.0,,,,"{""dedupeKey"": ""1996-105-24:2025-08-18:900000"", ""dealDate"": ""2025-08-18"", ""dealAmount"": ""900000"", ""pricePerSqm"": ""18000"", ""address"": ""יוספטל 9"", ""cityName"": ""אשקלון"", ""neighborhoodName"": ""שקמים"", ""rooms"": ""3"", ""floor"": ""שלישית"", ""area"": ""50"", ""propertyType"": ""דירה בבית קומות"", ""gush"": ""1996"", ""helka"": ""105"", ""tatHelka"": ""24"", ""parcelNum"": ""1996-105-24"", ""assetId"": ""11273347440"", ""scrapedAt"": ""2026-09-05T16:18:44.177Z""}"
sold,C:\Users\AVIV\gaba\gabay_pricing_core\tax_enriched_ashkelon_3room_36m.json,1040,small_area_45_80,,2025-08-18,אשקלון,נווה אילן,מגידו 8,,3.0,80.0,,,,דירה בבית קומות,,,16750.0,,,,"{""dedupeKey"": ""2507-11-30:2025-08-18:1340000"", ""dealDate"": ""2025-08-18"", ""dealAmount"": ""1340000"", ""pricePerSqm"": ""16750"", ""address"": ""מגידו 8"", ""cityName"": ""אשקלון"", ""neighborhoodName"": ""נווה אילן"", ""rooms"": ""3"", ""floor"": ""שלישית"", ""area"": ""80"", ""propertyType"": ""דירה בבית קומות"", ""gush"": ""2507"", ""helka"": ""11"", ""tatHelka"": ""30"", ""parcelNum"": ""2507-11-30"", ""assetId"": ""11271654540"", ""scrapedAt"": ""2026-09-05T16:18:44.177Z""}"
sold,C:\Users\AVIV\gaba\gabay_pricing_core\tax_enriched_ashkelon_3room_36m.json,1041,small_area_45_80,,2025-08-18,אשקלון,כוכב הצפון,אנה פרנק 14,,3.0,71.0,,,,דירה בבית קומות,,,16056.0,,,,"{""dedupeKey"": ""2879-5-11:2025-08-18:1140000"", ""dealDate"": ""2025-08-18"", ""dealAmount"": ""1140000"", ""pricePerSqm"": ""16056"", ""address"": ""אנה פרנק 14"", ""cityName"": ""אשקלון"", ""neighborhoodName"": ""כוכב הצפון"", ""rooms"": ""3"", ""floor"": ""ראשונה"", ""area"": ""71"", ""propertyType"": ""דירה בבית קומות"", ""gush"": ""2879"", ""helka"": ""5"", ""tatHelka"": ""11"", ""parcelNum"": ""2879-5-11"", ""assetId"": ""11271594510"", ""scrapedAt"": ""2026-09-05T16:18:44.177Z""}"
sold,C:\Users\AVIV\gaba\gabay_pricing_core\tax_enriched_ashkelon_3room_36m.json,1042,small_area_45_80,,2025-08-17,אשקלון,נווה אלונים,שפירא 1,,3.0,61.0,,,,דירה בבית קומות,,,16066.0,,,,"{""dedupeKey"": ""3019-53-26:2025-08-17:980000"", ""dealDate"": ""2025-08-17"", ""dealAmount"": ""980000"", ""pricePerSqm"": ""16066"", ""address"": ""שפירא 1"", ""cityName"": ""אשקלון"", ""neighborhoodName"": ""נווה אלונים"", ""rooms"": ""3"", ""floor"": ""שלישית"", ""area"": ""61"", ""propertyType"": ""דירה בבית קומות"", ""gush"": ""3019"", ""helka"": ""53"", ""tatHelka"": ""26"", ""parcelNum"": ""3019-53-26"", ""assetId"": ""11271459960"", ""scrapedAt"": ""2026-09-05T16:18:44.177Z""}"
sold,C:\Users\AVIV\gaba\gabay_pricing_core\tax_enriched_ashkelon_3room_36m.json,1043,small_area_45_80,,2025-08-17,אשקלון,אזור תעשיה צפוני,,,3.0,75.0,,,,,,,21733.0,,,,"{""dedupeKey"": ""1197-90-56:2025-08-17:1630000"", ""dealDate"": ""2025-08-17"", ""dealAmount"": ""1630000"", ""pricePerSqm"": ""21733"", ""cityName"": ""אשקלון"", ""neighborhoodName"": ""אזור תעשיה צפוני"", ""rooms"": ""3"", ""floor"": ""רביעית"", ""area"": ""75"", ""gush"": ""1197"", ""helka"": ""90"", ""tatHelka"": ""56"", ""parcelNum"": ""1197-90-56"", ""assetId"": ""11352530347"", ""scrapedAt"": ""2026-09-05T16:18:44.177Z""}"
sold,C:\Users\AVIV\gaba\gabay_pricing_core\tax_enriched_ashkelon_3room_36m.json,1049,small_area_45_80,,2025-08-14,אשקלון,בן גוריון,שפינוזה 1,,3.0,54.0,,,,דירה בבית קומות,,,22222.0,,,,"{""dedupeKey"": ""1963-36-4:2025-08-14:1200000"", ""dealDate"": ""2025-08-14"", ""dealAmount"": ""1200000"", ""pricePerSqm"": ""22222"", ""address"": ""שפינוזה 1"", ""cityName"": ""אשקלון"", ""neighborhoodName"": ""בן גוריון"", ""rooms"": ""3"", ""floor"": ""ראשונה"", ""area"": ""54"", ""propertyType"": ""דירה בבית קומות"", ""gush"": ""1963"", ""helka"": ""36"", ""tatHelka"": ""4"", ""parcelNum"": ""1963-36-4"", ""assetId"": ""11272455720"", ""scrapedAt"": ""2026-09-05T16:18:44.177Z""}"
sold,C:\Users\AVIV\gaba\gabay_pricing_core\tax_enriched_ashkelon_3room_36m.json,1050,small_area_45_80,,2025-08-13,אשקלון,גני ברנע,משה שרת 42,,3.0,60.0,,,,דירה בבית קומות,,,29500.0,,,,"{""dedupeKey"": ""1934-117-37:2025-08-13:1770000"", ""dealDate"": ""2025-08-13"", ""dealAmount"": ""1770000"", ""pricePerSqm"": ""29500"", ""address"": ""משה שרת 42"", ""cityName"": ""אשקלון"", ""neighborhoodName"": ""גני ברנע"", ""rooms"": ""3"", ""floor"": ""תשיעית"", ""area"": ""60"", ""propertyType"": ""דירה בבית קומות"", ""gush"": ""1934"", ""helka"": ""117"", ""tatHelka"": ""37"", ""parcelNum"": ""1934-117-37"", ""assetId"": ""11271810510"", ""scrapedAt"": ""2026-09-05T16:18:44.177Z""}"
sold,C:\Users\AVIV\gaba\gabay_pricing_core\tax_enriched_ashkelon_3room_36m.json,1051,small_area_45_80,,2025-08-10,אשקלון,רמת אשכול,דוד רזיאל 3,,3.0,58.0,,,,דירה בבית קומות,,,12586.0,,,,"{""dedupeKey"": ""1995-16-21:2025-08-10:730000"", ""dealDate"": ""2025-08-10"", ""dealAmount"": ""730000"", ""pricePerSqm"": ""12586"", ""address"": ""דוד רזיאל 3"", ""cityName"": ""אשקלון"", ""neighborhoodName"": ""רמת אשכול"", ""rooms"": ""3"", ""floor"": ""שניה"", ""area"": ""58"", ""propertyType"": ""דירה בבית קומות"", ""gush"": ""1995"", ""helka"": ""16"", ""tatHelka"": ""21"", ""parcelNum"": ""1995-16-21"", ""assetId"": ""11272907880"", ""scrapedAt"": ""2026-09-05T16:18:44.184Z""}"
sold,C:\Users\AVIV\gaba\gabay_pricing_core\tax_enriched_ashkelon_3room_36m.json,1052,small_area_45_80,,2025-08-10,אשקלון,רמת אשכול,דוד רזיאל 8,,3.0,80.0,,,,דירה בבית קומות,,,12125.0,,,,"{""dedupeKey"": ""1995-17-27:2025-08-10:970000"", ""dealDate"": ""2025-08-10"", ""dealAmount"": ""970000"", ""pricePerSqm"": ""12125"", ""address"": ""דוד רזיאל 8"", ""cityName"": ""אשקלון"", ""neighborhoodName"": ""רמת אשכול"", ""rooms"": ""3"", ""floor"": ""שניה"", ""area"": ""80"", ""propertyType"": ""דירה בבית קומות"", ""gush"": ""1995"", ""helka"": ""17"", ""tatHelka"": ""27"", ""parcelNum"": ""1995-17-27"", ""assetId"": ""11271595860"", ""scrapedAt"": ""2026-09-05T16:18:44.184Z""}"
sold,C:\Users\AVIV\gaba\gabay_pricing_core\tax_enriched_ashkelon_3room_36m.json,1053,small_area_45_80,,2025-08-10,אשקלון,נווה הדרים,העונות 2,,3.0,67.0,,,,דירה בבית קומות,,,18806.0,,,,"{""dedupeKey"": ""2856-42-177:2025-08-10:1260000"", ""dealDate"": ""2025-08-10"", ""dealAmount"": ""1260000"", ""pricePerSqm"": ""18806"", ""address"": ""העונות 2"", ""cityName"": ""אשקלון"", ""neighborhoodName"": ""נווה הדרים"", ""rooms"": ""3"", ""floor"": ""קרקע"", ""area"": ""67"", ""propertyType"": ""דירה בבית קומות"", ""gush"": ""2856"", ""helka"": ""42"", ""tatHelka"": ""177"", ""parcelNum"": ""2856-42-177"", ""assetId"": ""11271212010"", ""scrapedAt"": ""2026-09-05T16:18:44.184Z""}"
sold,C:\Users\AVIV\gaba\gabay_pricing_core\tax_enriched_ashkelon_3room_36m.json,1057,small_area_45_80,,2025-08-07,אשקלון,נווה ים,שפירא 10,,3.0,73.0,,,,דירה בבית קומות,,,15685.0,,,,"{""dedupeKey"": ""3015-10-18:2025-08-07:1145000"", ""dealDate"": ""2025-08-07"", ""dealAmount"": ""1145000"", ""pricePerSqm"": ""15685"", ""address"": ""שפירא 10"", ""cityName"": ""אשקלון"", ""neighborhoodName"": ""נווה ים"", ""rooms"": ""3"", ""floor"": ""חמישית"", ""area"": ""73"", ""propertyType"": ""דירה בבית קומות"", ""gush"": ""3015"", ""helka"": ""10"", ""tatHelka"": ""18"", ""parcelNum"": ""3015-10-18"", ""assetId"": ""11271684330"", ""scrapedAt"": ""2026-09-05T16:18:44.184Z""}"
sold,C:\Users\AVIV\gaba\gabay_pricing_core\tax_enriched_ashkelon_3room_36m.json,1059,small_area_45_80,,2025-08-07,אשקלון,בן גוריון,יהודה הלוי 30,,3.0,65.0,,,,דירה בבית קומות,,,13231.0,,,,"{""dedupeKey"": ""1962-133-5:2025-08-07:860000"", ""dealDate"": ""2025-08-07"", ""dealAmount"": ""860000"", ""pricePerSqm"": ""13231"", ""address"": ""יהודה הלוי 30"", ""cityName"": ""אשקלון"", ""neighborhoodName"": ""בן גוריון"", ""rooms"": ""3"", ""floor"": ""שניה"", ""area"": ""65"", ""propertyType"": ""דירה בבית קומות"", ""gush"": ""1962"", ""helka"": ""133"", ""tatHelka"": ""5"", ""parcelNum"": ""1962-133-5"", ""assetId"": ""11271680550"", ""scrapedAt"": ""2026-09-05T16:18:44.184Z""}"
sold,C:\Users\AVIV\gaba\gabay_pricing_core\tax_enriched_ashkelon_3room_36m.json,1060,small_area_45_80,,2025-08-06,אשקלון,ז'בוטינסקי,ההסתדרות 63,,3.0,58.0,,,,דירה בבית קומות,,,15517.0,,,,"{""dedupeKey"": ""1998-16-15:2025-08-06:900000"", ""dealDate"": ""2025-08-06"", ""dealAmount"": ""900000"", ""pricePerSqm"": ""15517"", ""address"": ""ההסתדרות 63"", ""cityName"": ""אשקלון"", ""neighborhoodName"": ""ז'בוטינסקי"", ""rooms"": ""3"", ""floor"": ""רביעית"", ""area"": ""58"", ""propertyType"": ""דירה בבית קומות"", ""gush"": ""1998"", ""helka"": ""16"", ""tatHelka"": ""15"", ""parcelNum"": ""1998-16-15"", ""assetId"": ""11273122530"", ""scrapedAt"": ""2026-09-05T16:18:44.184Z""}"
sold,C:\Users\AVIV\gaba\gabay_pricing_core\tax_enriched_ashkelon_3room_36m.json,1063,small_area_45_80,,2025-08-06,אשקלון,נווה הדרים,העונות 2,,3.0,67.0,,,,דירה בבית קומות,,,20224.0,,,,"{""dedupeKey"": ""2856-42-93:2025-08-06:1355000"", ""dealDate"": ""2025-08-06"", ""dealAmount"": ""1355000"", ""pricePerSqm"": ""20224"", ""address"": ""העונות 2"", ""cityName"": ""אשקלון"", ""neighborhoodName"": ""נווה הדרים"", ""rooms"": ""3"", ""floor"": ""ראשונה"", ""area"": ""67"", ""propertyType"": ""דירה בבית קומות"", ""gush"": ""2856"", ""helka"": ""42"", ""tatHelka"": ""93"", ""parcelNum"": ""2856-42-93"", ""assetId"": ""11271124440"", ""scrapedAt"": ""2026-09-05T16:18:44.184Z""}"
sold,C:\Users\AVIV\gaba\gabay_pricing_core\tax_enriched_ashkelon_3room_36m.json,1064,small_area_45_80,,2025-08-06,אשקלון,בן גוריון,"י""ל פרץ 10",,3.0,45.0,,,,דירה בבית קומות,,,18444.0,,,,"{""dedupeKey"": ""1964-49-9:2025-08-06:830000"", ""dealDate"": ""2025-08-06"", ""dealAmount"": ""830000"", ""pricePerSqm"": ""18444"", ""address"": ""י\""ל פרץ 10"", ""cityName"": ""אשקלון"", ""neighborhoodName"": ""בן גוריון"", ""rooms"": ""3"", ""floor"": ""שלישית"", ""area"": ""45"", ""propertyType"": ""דירה בבית קומות"", ""gush"": ""1964"", ""helka"": ""49"", ""tatHelka"": ""9"", ""parcelNum"": ""1964-49-9"", ""assetId"": ""11271799260"", ""scrapedAt"": ""2026-09-05T16:18:44.184Z""}"
sold,C:\Users\AVIV\gaba\gabay_pricing_core\tax_enriched_ashkelon_3room_36m.json,1065,small_area_45_80,,2025-08-05,אשקלון,ז'בוטינסקי,גדוד הפורצים 452,,3.0,59.0,,,,דירה בבית קומות,,,21186.0,,,,"{""dedupeKey"": ""1998-25-19:2025-08-05:1250000"", ""dealDate"": ""2025-08-05"", ""dealAmount"": ""1250000"", ""pricePerSqm"": ""21186"", ""address"": ""גדוד הפורצים 452"", ""cityName"": ""אשקלון"", ""neighborhoodName"": ""ז'בוטינסקי"", ""rooms"": ""3"", ""floor"": ""שניה"", ""area"": ""59"", ""propertyType"": ""דירה בבית קומות"", ""gush"": ""1998"", ""helka"": ""25"", ""tatHelka"": ""19"", ""parcelNum"": ""1998-25-19"", ""assetId"": ""11273080770"", ""scrapedAt"": ""2026-09-05T16:18:44.184Z""}"
sold,C:\Users\AVIV\gaba\gabay_pricing_core\tax_enriched_ashkelon_3room_36m.json,1066,small_area_45_80,,2025-08-04,אשקלון,נאות אשקלון,איילה 29,,3.0,79.0,,,,דירה בבית קומות,False,,13228.0,,,,"{""dedupeKey"": ""1296-10-49:2025-08-04:1045000"", ""dealDate"": ""2025-08-04"", ""dealAmount"": ""1045000"", ""pricePerSqm"": ""13228"", ""address"": ""איילה 29"", ""cityName"": ""אשקלון"", ""neighborhoodName"": ""נאות אשקלון"", ""rooms"": ""3"", ""floor"": ""שמינית"", ""area"": ""79"", ""propertyType"": ""דירה בבית קומות"", ""isFirstHand"": ""False"", ""gush"": ""1296"", ""helka"": ""10"", ""tatHelka"": ""49"", ""parcelNum"": ""1296-10-49"", ""assetId"": ""11272295340"", ""scrapedAt"": ""2026-09-05T16:18:44.184Z""}"
sold,C:\Users\AVIV\gaba\gabay_pricing_core\tax_enriched_ashkelon_3room_36m.json,1067,small_area_45_80,,2025-08-04,אשקלון,גבעת ציון,התחייה 26,,3.0,52.0,,,,דירה בבית קומות,,,24615.0,,,,"{""dedupeKey"": ""1207-160-7:2025-08-04:1280000"", ""dealDate"": ""2025-08-04"", ""dealAmount"": ""1280000"", ""pricePerSqm"": ""24615"", ""address"": ""התחייה 26"", ""cityName"": ""אשקלון"", ""neighborhoodName"": ""גבעת ציון"", ""rooms"": ""3"", ""floor"": ""ראשונה"", ""area"": ""52"", ""propertyType"": ""דירה בבית קומות"", ""gush"": ""1207"", ""helka"": ""160"", ""tatHelka"": ""7"", ""parcelNum"": ""1207-160-7"", ""assetId"": ""11272936230"", ""scrapedAt"": ""2026-09-05T16:18:44.184Z""}"
sold,C:\Users\AVIV\gaba\gabay_pricing_core\tax_enriched_ashkelon_3room_36m.json,1068,small_area_45_80,,2025-08-04,אשקלון,ז'בוטינסקי,"ביל""ו 5",,3.0,67.0,,,,דירה בבית קומות,,,13433.0,,,,"{""dedupeKey"": ""1998-10-30:2025-08-04:900000"", ""dealDate"": ""2025-08-04"", ""dealAmount"": ""900000"", ""pricePerSqm"": ""13433"", ""address"": ""ביל\""ו 5"", ""cityName"": ""אשקלון"", ""neighborhoodName"": ""ז'בוטינסקי"", ""rooms"": ""3"", ""floor"": ""שלישית"", ""area"": ""67"", ""propertyType"": ""דירה בבית קומות"", ""gush"": ""1998"", ""helka"": ""10"", ""tatHelka"": ""30"", ""parcelNum"": ""1998-10-30"", ""assetId"": ""11270888100"", ""scrapedAt"": ""2026-09-05T16:18:44.184Z""}"
sold,C:\Users\AVIV\gaba\gabay_pricing_core\tax_enriched_ashkelon_3room_36m.json,1069,small_area_45_80,,2025-08-01,אשקלון,ז'בוטינסקי,מרדכי אנילביץ 14,,3.0,65.0,,,,דירה בבית קומות,,,19231.0,,,,"{""dedupeKey"": ""1996-83-20:2025-08-01:1250000"", ""dealDate"": ""2025-08-01"", ""dealAmount"": ""1250000"", ""pricePerSqm"": ""19231"", ""address"": ""מרדכי אנילביץ 14"", ""cityName"": ""אשקלון"", ""neighborhoodName"": ""ז'בוטינסקי"", ""rooms"": ""3"", ""floor"": ""ראשונה"", ""area"": ""65"", ""propertyType"": ""דירה בבית קומות"", ""gush"": ""1996"", ""helka"": ""83"", ""tatHelka"": ""20"", ""parcelNum"": ""1996-83-20"", ""assetId"": ""11270917890"", ""scrapedAt"": ""2026-09-05T16:18:44.184Z""}"
sold,C:\Users\AVIV\gaba\gabay_pricing_core\tax_enriched_ashkelon_3room_36m.json,1070,small_area_45_80,,2025-07-31,אשקלון,ז'בוטינסקי,יוספטל 8,,3.0,50.0,,,,דירה בבית קומות,,,16400.0,,,,"{""dedupeKey"": ""1996-150-13:2025-07-31:820000"", ""dealDate"": ""2025-07-31"", ""dealAmount"": ""820000"", ""pricePerSqm"": ""16400"", ""address"": ""יוספטל 8"", ""cityName"": ""אשקלון"", ""neighborhoodName"": ""ז'בוטינסקי"", ""rooms"": ""3"", ""floor"": ""קרקע"", ""area"": ""50"", ""propertyType"": ""דירה בבית קומות"", ""gush"": ""1996"", ""helka"": ""150"", ""tatHelka"": ""13"", ""parcelNum"": ""1996-150-13"", ""assetId"": ""11272425930"", ""scrapedAt"": ""2026-09-05T16:18:44.184Z""}"
sold,C:\Users\AVIV\gaba\gabay_pricing_core\tax_enriched_ashkelon_3room_36m.json,1071,small_area_45_80,,2025-07-30,אשקלון,נווה הדרים,העונות 2,,3.0,75.0,,,,דירה בבית קומות,,,18000.0,,,,"{""dedupeKey"": ""2856-42-233:2025-07-30:1350000"", ""dealDate"": ""2025-07-30"", ""dealAmount"": ""1350000"", ""pricePerSqm"": ""18000"", ""address"": ""העונות 2"", ""cityName"": ""אשקלון"", ""neighborhoodName"": ""נווה הדרים"", ""rooms"": ""3"", ""floor"": ""שביעית"", ""area"": ""75"", ""propertyType"": ""דירה בבית קומות"", ""gush"": ""2856"", ""helka"": ""42"", ""tatHelka"": ""233"", ""parcelNum"": ""2856-42-233"", ""assetId"": ""11270635020"", ""scrapedAt"": ""2026-09-05T16:18:44.184Z""}"
sold,C:\Users\AVIV\gaba\gabay_pricing_core\tax_enriched_ashkelon_3room_36m.json,1072,small_area_45_80,,2025-07-29,אשקלון,אפרידר,בר כוכבא 21,,3.0,70.0,,,,דירה בבית קומות,,,15714.0,,,,"{""dedupeKey"": ""2871-96-14:2025-07-29:1100000"", ""dealDate"": ""2025-07-29"", ""dealAmount"": ""1100000"", ""pricePerSqm"": ""15714"", ""address"": ""בר כוכבא 21"", ""cityName"": ""אשקלון"", ""neighborhoodName"": ""אפרידר"", ""rooms"": ""3"", ""floor"": ""רביעית"", ""area"": ""70"", ""propertyType"": ""דירה בבית קומות"", ""gush"": ""2871"", ""helka"": ""96"", ""tatHelka"": ""14"", ""parcelNum"": ""2871-96-14"", ""assetId"": ""11269979460"", ""scrapedAt"": ""2026-09-05T16:18:44.184Z""}"
sold,C:\Users\AVIV\gaba\gabay_pricing_core\tax_enriched_ashkelon_3room_36m.json,1073,small_area_45_80,,2025-07-29,אשקלון,שקמים,יוספטל 5,,3.0,60.0,,,,דירה בבית קומות,,,12833.0,,,,"{""dedupeKey"": ""1965-21-31:2025-07-29:770000"", ""dealDate"": ""2025-07-29"", ""dealAmount"": ""770000"", ""pricePerSqm"": ""12833"", ""address"": ""יוספטל 5"", ""cityName"": ""אשקלון"", ""neighborhoodName"": ""שקמים"", ""rooms"": ""3"", ""floor"": ""רביעית"", ""area"": ""60"", ""propertyType"": ""דירה בבית קומות"", ""gush"": ""1965"", ""helka"": ""21"", ""tatHelka"": ""31"", ""parcelNum"": ""1965-21-31"", ""assetId"": ""11270537730"", ""scrapedAt"": ""2026-09-05T16:18:44.184Z""}"
sold,C:\Users\AVIV\gaba\gabay_pricing_core\tax_enriched_ashkelon_3room_36m.json,1075,small_area_45_80,,2025-07-27,אשקלון,נוה דקלים,מנחם בגין 31,,3.0,78.0,,,,דירה בבית קומות,,,17179.0,,,,"{""dedupeKey"": ""3050-51-16:2025-07-27:1340000"", ""dealDate"": ""2025-07-27"", ""dealAmount"": ""1340000"", ""pricePerSqm"": ""17179"", ""address"": ""מנחם בגין 31"", ""cityName"": ""אשקלון"", ""neighborhoodName"": ""נוה דקלים"", ""rooms"": ""3"", ""floor"": ""שלישית"", ""area"": ""78"", ""propertyType"": ""דירה בבית קומות"", ""gush"": ""3050"", ""helka"": ""51"", ""tatHelka"": ""16"", ""parcelNum"": ""3050-51-16"", ""assetId"": ""11270204370"", ""scrapedAt"": ""2026-09-05T16:18:44.184Z""}"
sold,C:\Users\AVIV\gaba\gabay_pricing_core\tax_enriched_ashkelon_3room_36m.json,1076,small_area_45_80,,2025-07-27,אשקלון,נווה אילן,מגידו 8,,3.0,74.0,,,,דירה בבית קומות,,,18514.0,,,,"{""dedupeKey"": ""2507-11-17:2025-07-27:1370000"", ""dealDate"": ""2025-07-27"", ""dealAmount"": ""1370000"", ""pricePerSqm"": ""18514"", ""address"": ""מגידו 8"", ""cityName"": ""אשקלון"", ""neighborhoodName"": ""נווה אילן"", ""rooms"": ""3"", ""floor"": ""חמישית"", ""area"": ""74"", ""propertyType"": ""דירה בבית קומות"", ""gush"": ""2507"", ""helka"": ""11"", ""tatHelka"": ""17"", ""parcelNum"": ""2507-11-17"", ""assetId"": ""11269767060"", ""scrapedAt"": ""2026-09-05T16:18:44.184Z""}"
sold,C:\Users\AVIV\gaba\gabay_pricing_core\tax_enriched_ashkelon_3room_36m.json,1078,small_area_45_80,,2025-07-24,אשקלון,בן גוריון,שלום עליכם 1,,3.0,50.0,,,,דירה בבית קומות,,,22400.0,,,,"{""dedupeKey"": ""1964-25-7:2025-07-24:1120000"", ""dealDate"": ""2025-07-24"", ""dealAmount"": ""1120000"", ""pricePerSqm"": ""22400"", ""address"": ""שלום עליכם 1"", ""cityName"": ""אשקלון"", ""neighborhoodName"": ""בן גוריון"", ""rooms"": ""3"", ""floor"": ""ראשונה"", ""area"": ""50"", ""propertyType"": ""דירה בבית קומות"", ""gush"": ""1964"", ""helka"": ""25"", ""tatHelka"": ""7"", ""parcelNum"": ""1964-25-7"", ""assetId"": ""11271685050"", ""scrapedAt"": ""2026-09-05T16:18:44.184Z""}"
sold,C:\Users\AVIV\gaba\gabay_pricing_core\tax_enriched_ashkelon_3room_36m.json,1079,small_area_45_80,,2025-07-24,אשקלון,כוכב הצפון,"רמב""ם 28",,3.0,70.0,,3.0,,דירה בבית קומות,,,19000.0,,,,"{""dedupeKey"": ""1201-97-7:2025-07-24:1330000"", ""dealDate"": ""2025-07-24"", ""dealAmount"": ""1330000"", ""pricePerSqm"": ""19000"", ""address"": ""רמב\""ם 28"", ""cityName"": ""אשקלון"", ""neighborhoodName"": ""כוכב הצפון"", ""rooms"": ""3"", ""floor"": ""קומה ‎3‏"", ""area"": ""70"", ""propertyType"": ""דירה בבית קומות"", ""gush"": ""1201"", ""helka"": ""97"", ""tatHelka"": ""7"", ""parcelNum"": ""1201-97-7"", ""assetId"": ""11269604520"", ""scrapedAt"": ""2026-09-05T16:18:44.184Z""}"
sold,C:\Users\AVIV\gaba\gabay_pricing_core\tax_enriched_ashkelon_3room_36m.json,1080,small_area_45_80,,2025-07-24,אשקלון,נווה הדרים,העונות 2,,3.0,70.0,,,,דירה בבית קומות,,,18857.0,,,,"{""dedupeKey"": ""2856-42-90:2025-07-24:1320000"", ""dealDate"": ""2025-07-24"", ""dealAmount"": ""1320000"", ""pricePerSqm"": ""18857"", ""address"": ""העונות 2"", ""cityName"": ""אשקלון"", ""neighborhoodName"": ""נווה הדרים"", ""rooms"": ""3"", ""floor"": ""קרקע"", ""area"": ""70"", ""propertyType"": ""דירה בבית קומות"", ""gush"": ""2856"", ""helka"": ""42"", ""tatHelka"": ""90"", ""parcelNum"": ""2856-42-90"", ""assetId"": ""11269697310"", ""scrapedAt"": ""2026-09-05T16:18:44.184Z""}"
sold,C:\Users\AVIV\gaba\gabay_pricing_core\tax_enriched_ashkelon_3room_36m.json,1082,small_area_45_80,,2025-07-22,אשקלון,נאות אשקלון,איילה 31,,3.0,73.0,,,,דירה בבית קומות,False,,15616.0,,,,"{""dedupeKey"": ""1296-7-8:2025-07-22:1140000"", ""dealDate"": ""2025-07-22"", ""dealAmount"": ""1140000"", ""pricePerSqm"": ""15616"", ""address"": ""איילה 31"", ""cityName"": ""אשקלון"", ""neighborhoodName"": ""נאות אשקלון"", ""rooms"": ""3"", ""floor"": ""ראשונה"", ""area"": ""73"", ""propertyType"": ""דירה בבית קומות"", ""isFirstHand"": ""False"", ""gush"": ""1296"", ""helka"": ""7"", ""tatHelka"": ""8"", ""parcelNum"": ""1296-7-8"", ""assetId"": ""11270232720"", ""scrapedAt"": ""2026-09-05T16:18:44.184Z""}"
sold,C:\Users\AVIV\gaba\gabay_pricing_core\tax_enriched_ashkelon_3room_36m.json,1083,small_area_45_80,,2025-07-21,אשקלון,מתחם מ-7,דוריף 58,,3.0,79.0,,,,דירה בבית קומות,,,22025.0,,,,"{""dedupeKey"": ""370-43-162:2025-07-21:1740000"", ""dealDate"": ""2025-07-21"", ""dealAmount"": ""1740000"", ""pricePerSqm"": ""22025"", ""address"": ""דוריף 58"", ""cityName"": ""אשקלון"", ""neighborhoodName"": ""מתחם מ-7"", ""rooms"": ""3"", ""floor"": ""ראשונה"", ""area"": ""79"", ""propertyType"": ""דירה בבית קומות"", ""gush"": ""370"", ""helka"": ""43"", ""tatHelka"": ""162"", ""parcelNum"": ""370-43-162"", ""assetId"": ""11269525050"", ""scrapedAt"": ""2026-09-05T16:18:44.184Z""}"
sold,C:\Users\AVIV\gaba\gabay_pricing_core\tax_enriched_ashkelon_3room_36m.json,1084,small_area_45_80,,2025-07-21,אשקלון,כוכב הצפון,"רמב""ם 16",,3.0,78.0,,2.0,,דירה בבית קומות,,,13654.0,,,,"{""dedupeKey"": ""1201-111-14:2025-07-21:1065000"", ""dealDate"": ""2025-07-21"", ""dealAmount"": ""1065000"", ""pricePerSqm"": ""13654"", ""address"": ""רמב\""ם 16"", ""cityName"": ""אשקלון"", ""neighborhoodName"": ""כוכב הצפון"", ""rooms"": ""3"", ""floor"": ""קומה ‎2‏"", ""area"": ""78"", ""propertyType"": ""דירה בבית קומות"", ""gush"": ""1201"", ""helka"": ""111"", ""tatHelka"": ""14"", ""parcelNum"": ""1201-111-14"", ""assetId"": ""11269354770"", ""scrapedAt"": ""2026-09-05T16:18:44.184Z""}"
sold,C:\Users\AVIV\gaba\gabay_pricing_core\tax_enriched_ashkelon_3room_36m.json,1086,small_area_45_80,,2025-07-21,אשקלון,נווה ים,ההסתדרות 22,,3.0,69.0,,,,דירה בבית קומות,,,14855.0,,,,"{""dedupeKey"": ""3017-14-26:2025-07-21:1025000"", ""dealDate"": ""2025-07-21"", ""dealAmount"": ""1025000"", ""pricePerSqm"": ""14855"", ""address"": ""ההסתדרות 22"", ""cityName"": ""אשקלון"", ""neighborhoodName"": ""נווה ים"", ""rooms"": ""3"", ""floor"": ""שביעית"", ""area"": ""69"", ""propertyType"": ""דירה בבית קומות"", ""gush"": ""3017"", ""helka"": ""14"", ""tatHelka"": ""26"", ""parcelNum"": ""3017-14-26"", ""assetId"": ""11270416050"", ""scrapedAt"": ""2026-09-05T16:18:44.184Z""}"
sold,C:\Users\AVIV\gaba\gabay_pricing_core\tax_enriched_ashkelon_3room_36m.json,1087,small_area_45_80,,2025-07-20,אשקלון,בן גוריון,הרב עוזיאל 4,,3.0,48.0,,,,דירה בבית קומות,,,15938.0,,,,"{""dedupeKey"": ""1963-30-15:2025-07-20:765000"", ""dealDate"": ""2025-07-20"", ""dealAmount"": ""765000"", ""pricePerSqm"": ""15938"", ""address"": ""הרב עוזיאל 4"", ""cityName"": ""אשקלון"", ""neighborhoodName"": ""בן גוריון"", ""rooms"": ""3"", ""floor"": ""שלישית"", ""area"": ""48"", ""propertyType"": ""דירה בבית קומות"", ""gush"": ""1963"", ""helka"": ""30"", ""tatHelka"": ""15"", ""parcelNum"": ""1963-30-15"", ""assetId"": ""11270113110"", ""scrapedAt"": ""2026-09-05T16:18:44.184Z""}"
sold,C:\Users\AVIV\gaba\gabay_pricing_core\tax_enriched_ashkelon_3room_36m.json,1088,small_area_45_80,,2025-07-20,אשקלון,מתחם מ-7,דוריף 58,,3.0,79.0,,,,,,,22025.0,,,,"{""dedupeKey"": ""370-43-122:2025-07-20:1740000"", ""dealDate"": ""2025-07-20"", ""dealAmount"": ""1740000"", ""pricePerSqm"": ""22025"", ""address"": ""דוריף 58"", ""cityName"": ""אשקלון"", ""neighborhoodName"": ""מתחם מ-7"", ""rooms"": ""3"", ""floor"": ""ראשונה"", ""area"": ""79"", ""gush"": ""370"", ""helka"": ""43"", ""tatHelka"": ""122"", ""parcelNum"": ""370-43-122"", ""assetId"": ""11352611252"", ""scrapedAt"": ""2026-09-05T16:18:44.184Z""}"
sold,C:\Users\AVIV\gaba\gabay_pricing_core\tax_enriched_ashkelon_3room_36m.json,1091,small_area_45_80,,2025-07-16,אשקלון,ז'בוטינסקי,מרדכי אנילביץ 14,,3.0,73.0,,,,דירה בבית קומות,,,11096.0,,,,"{""dedupeKey"": ""1996-83-15:2025-07-16:810000"", ""dealDate"": ""2025-07-16"", ""dealAmount"": ""810000"", ""pricePerSqm"": ""11096"", ""address"": ""מרדכי אנילביץ 14"", ""cityName"": ""אשקלון"", ""neighborhoodName"": ""ז'בוטינסקי"", ""rooms"": ""3"", ""floor"": ""שניה"", ""area"": ""73"", ""propertyType"": ""דירה בבית קומות"", ""gush"": ""1996"", ""helka"": ""83"", ""tatHelka"": ""15"", ""parcelNum"": ""1996-83-15"", ""assetId"": ""11270624490"", ""scrapedAt"": ""2026-09-05T16:18:44.185Z""}"
sold,C:\Users\AVIV\gaba\gabay_pricing_core\tax_enriched_ashkelon_3room_36m.json,1094,small_area_45_80,,2025-07-13,אשקלון,שקמים,אפרים צור 33,,3.0,59.0,,,,דירה בבית קומות,,,15847.0,,,,"{""dedupeKey"": ""1965-49-26:2025-07-13:935000"", ""dealDate"": ""2025-07-13"", ""dealAmount"": ""935000"", ""pricePerSqm"": ""15847"", ""address"": ""אפרים צור 33"", ""cityName"": ""אשקלון"", ""neighborhoodName"": ""שקמים"", ""rooms"": ""3"", ""floor"": ""רביעית"", ""area"": ""59"", ""propertyType"": ""דירה בבית קומות"", ""gush"": ""1965"", ""helka"": ""49"", ""tatHelka"": ""26"", ""parcelNum"": ""1965-49-26"", ""assetId"": ""11268426870"", ""scrapedAt"": ""2026-09-05T16:18:44.185Z""}"
sold,C:\Users\AVIV\gaba\gabay_pricing_core\tax_enriched_ashkelon_3room_36m.json,1095,small_area_45_80,,2025-07-13,אשקלון,אזור תעשיה צפוני,,,3.0,75.0,,,,,,,24967.0,,,,"{""dedupeKey"": ""1197-90-46:2025-07-13:1872500"", ""dealDate"": ""2025-07-13"", ""dealAmount"": ""1872500"", ""pricePerSqm"": ""24967"", ""cityName"": ""אשקלון"", ""neighborhoodName"": ""אזור תעשיה צפוני"", ""rooms"": ""3"", ""area"": ""75"", ""gush"": ""1197"", ""helka"": ""90"", ""tatHelka"": ""46"", ""parcelNum"": ""1197-90-46"", ""assetId"": ""11352530336"", ""scrapedAt"": ""2026-09-05T16:18:44.185Z""}"
sold,C:\Users\AVIV\gaba\gabay_pricing_core\tax_enriched_ashkelon_3room_36m.json,1099,small_area_45_80,,2025-07-13,אשקלון,בן גוריון,ברגסון 3,,3.0,73.0,,,,דירה בבית קומות,,,15068.0,,,,"{""dedupeKey"": ""1963-76-2:2025-07-13:1100000"", ""dealDate"": ""2025-07-13"", ""dealAmount"": ""1100000"", ""pricePerSqm"": ""15068"", ""address"": ""ברגסון 3"", ""cityName"": ""אשקלון"", ""neighborhoodName"": ""בן גוריון"", ""rooms"": ""3"", ""floor"": ""ראשונה"", ""area"": ""73"", ""propertyType"": ""דירה בבית קומות"", ""gush"": ""1963"", ""helka"": ""76"", ""tatHelka"": ""2"", ""parcelNum"": ""1963-76-2"", ""assetId"": ""11269421820"", ""scrapedAt"": ""2026-09-05T16:18:44.185Z""}"
sold,C:\Users\AVIV\gaba\gabay_pricing_core\tax_enriched_ashkelon_3room_36m.json,1101,small_area_45_80,,2025-07-10,אשקלון,גולדה,שני אליהו 12,,3.0,71.0,,,,דירה בבית קומות,,,15352.0,,,,"{""dedupeKey"": ""3013-15-5:2025-07-10:1090000"", ""dealDate"": ""2025-07-10"", ""dealAmount"": ""1090000"", ""pricePerSqm"": ""15352"", ""address"": ""שני אליהו 12"", ""cityName"": ""אשקלון"", ""neighborhoodName"": ""גולדה"", ""rooms"": ""3"", ""floor"": ""שניה"", ""area"": ""71"", ""propertyType"": ""דירה בבית קומות"", ""gush"": ""3013"", ""helka"": ""15"", ""tatHelka"": ""5"", ""parcelNum"": ""3013-15-5"", ""assetId"": ""11268899910"", ""scrapedAt"": ""2026-09-05T16:18:44.185Z""}"
sold,C:\Users\AVIV\gaba\gabay_pricing_core\tax_enriched_ashkelon_3room_36m.json,1103,small_area_45_80,,2025-07-10,אשקלון,נווה אילן,טבריה 2,,3.0,79.0,,,,דירה בבית קומות,,,17215.0,,,,"{""dedupeKey"": ""2507-14-22:2025-07-10:1360000"", ""dealDate"": ""2025-07-10"", ""dealAmount"": ""1360000"", ""pricePerSqm"": ""17215"", ""address"": ""טבריה 2"", ""cityName"": ""אשקלון"", ""neighborhoodName"": ""נווה אילן"", ""rooms"": ""3"", ""floor"": ""שלישית"", ""area"": ""79"", ""propertyType"": ""דירה בבית קומות"", ""gush"": ""2507"", ""helka"": ""14"", ""tatHelka"": ""22"", ""parcelNum"": ""2507-14-22"", ""assetId"": ""11268337050"", ""scrapedAt"": ""2026-09-05T16:18:44.185Z""}"
sold,C:\Users\AVIV\gaba\gabay_pricing_core\tax_enriched_ashkelon_3room_36m.json,1104,small_area_45_80,,2025-07-10,אשקלון,אפרידר,הרב נורוק 4,,3.0,56.0,,,,דירה בבית קומות,,,18179.0,,,,"{""dedupeKey"": ""1942-177-118:2025-07-10:1018000"", ""dealDate"": ""2025-07-10"", ""dealAmount"": ""1018000"", ""pricePerSqm"": ""18179"", ""address"": ""הרב נורוק 4"", ""cityName"": ""אשקלון"", ""neighborhoodName"": ""אפרידר"", ""rooms"": ""3"", ""floor"": ""ראשונה"", ""area"": ""56"", ""propertyType"": ""דירה בבית קומות"", ""gush"": ""1942"", ""helka"": ""177"", ""tatHelka"": ""118"", ""parcelNum"": ""1942-177-118"", ""assetId"": ""11268679320"", ""scrapedAt"": ""2026-09-05T16:18:44.185Z""}"
sold,C:\Users\AVIV\gaba\gabay_pricing_core\tax_enriched_ashkelon_3room_36m.json,1106,small_area_45_80,,2025-07-09,אשקלון,הסיטי,גבע 1,,3.0,71.0,,,,דירה בבית קומות,,,20000.0,,,,"{""dedupeKey"": ""2869-18-65:2025-07-09:1420000"", ""dealDate"": ""2025-07-09"", ""dealAmount"": ""1420000"", ""pricePerSqm"": ""20000"", ""address"": ""גבע 1"", ""cityName"": ""אשקלון"", ""neighborhoodName"": ""הסיטי"", ""rooms"": ""3"", ""floor"": ""שלוש עשרה"", ""area"": ""71"", ""propertyType"": ""דירה בבית קומות"", ""gush"": ""2869"", ""helka"": ""18"", ""tatHelka"": ""65"", ""parcelNum"": ""2869-18-65"", ""assetId"": ""11268366570"", ""scrapedAt"": ""2026-09-05T16:18:44.185Z""}"
sold,C:\Users\AVIV\gaba\gabay_pricing_core\tax_enriched_ashkelon_3room_36m.json,1107,small_area_45_80,,2025-07-09,אשקלון,ז'בוטינסקי,מרדכי אנילביץ 438,,3.0,71.0,,,,דירה בבית קומות,,,14789.0,,,,"{""dedupeKey"": ""1996-84-5:2025-07-09:1050000"", ""dealDate"": ""2025-07-09"", ""dealAmount"": ""1050000"", ""pricePerSqm"": ""14789"", ""address"": ""מרדכי אנילביץ 438"", ""cityName"": ""אשקלון"", ""neighborhoodName"": ""ז'בוטינסקי"", ""rooms"": ""3"", ""floor"": ""שלישית"", ""area"": ""71"", ""propertyType"": ""דירה בבית קומות"", ""gush"": ""1996"", ""helka"": ""84"", ""tatHelka"": ""5"", ""parcelNum"": ""1996-84-5"", ""assetId"": ""11268815040"", ""scrapedAt"": ""2026-09-05T16:18:44.185Z""}"
sold,C:\Users\AVIV\gaba\gabay_pricing_core\tax_enriched_ashkelon_3room_36m.json,1108,small_area_45_80,,2025-07-09,אשקלון,נווה אלונים,שפירא 7,,3.0,61.0,,,,דירה בבית קומות,,,16066.0,,,,"{""dedupeKey"": ""3019-56-10:2025-07-09:980000"", ""dealDate"": ""2025-07-09"", ""dealAmount"": ""980000"", ""pricePerSqm"": ""16066"", ""address"": ""שפירא 7"", ""cityName"": ""אשקלון"", ""neighborhoodName"": ""נווה אלונים"", ""rooms"": ""3"", ""floor"": ""שלישית"", ""area"": ""61"", ""propertyType"": ""דירה בבית קומות"", ""gush"": ""3019"", ""helka"": ""56"", ""tatHelka"": ""10"", ""parcelNum"": ""3019-56-10"", ""assetId"": ""11268755010"", ""scrapedAt"": ""2026-09-05T16:18:44.185Z""}"
sold,C:\Users\AVIV\gaba\gabay_pricing_core\tax_enriched_ashkelon_3room_36m.json,1109,small_area_45_80,,2025-07-09,אשקלון,כוכב הצפון,שבזי 41,,3.0,78.0,,,,דירה בבית קומות,,,14103.0,,,,"{""dedupeKey"": ""2881-2-1:2025-07-09:1100000"", ""dealDate"": ""2025-07-09"", ""dealAmount"": ""1100000"", ""pricePerSqm"": ""14103"", ""address"": ""שבזי 41"", ""cityName"": ""אשקלון"", ""neighborhoodName"": ""כוכב הצפון"", ""rooms"": ""3"", ""floor"": ""ראשונה"", ""area"": ""78"", ""propertyType"": ""דירה בבית קומות"", ""gush"": ""2881"", ""helka"": ""2"", ""tatHelka"": ""1"", ""parcelNum"": ""2881-2-1"", ""assetId"": ""11268688860"", ""scrapedAt"": ""2026-09-05T16:18:44.185Z""}"
sold,C:\Users\AVIV\gaba\gabay_pricing_core\tax_enriched_ashkelon_3room_36m.json,1110,small_area_45_80,,2025-07-09,אשקלון,כוכב הצפון,,,3.0,75.0,,,,דירה בבית קומות,,,14267.0,,,,"{""dedupeKey"": ""1201-137-1:2025-07-09:1070000"", ""dealDate"": ""2025-07-09"", ""dealAmount"": ""1070000"", ""pricePerSqm"": ""14267"", ""cityName"": ""אשקלון"", ""neighborhoodName"": ""כוכב הצפון"", ""rooms"": ""3"", ""floor"": ""שלישית"", ""area"": ""75"", ""propertyType"": ""דירה בבית קומות"", ""gush"": ""1201"", ""helka"": ""137"", ""tatHelka"": ""1"", ""parcelNum"": ""1201-137-1"", ""assetId"": ""11268212220"", ""scrapedAt"": ""2026-09-05T16:18:44.185Z""}"
sold,C:\Users\AVIV\gaba\gabay_pricing_core\tax_enriched_ashkelon_3room_36m.json,1111,small_area_45_80,,2025-07-08,אשקלון,נאות אשקלון,איילה 31,,3.0,70.0,,,,דירה בבית קומות,False,,14857.0,,,,"{""dedupeKey"": ""1296-7-48:2025-07-08:1040000"", ""dealDate"": ""2025-07-08"", ""dealAmount"": ""1040000"", ""pricePerSqm"": ""14857"", ""address"": ""איילה 31"", ""cityName"": ""אשקלון"", ""neighborhoodName"": ""נאות אשקלון"", ""rooms"": ""3"", ""floor"": ""שמינית"", ""area"": ""70"", ""propertyType"": ""דירה בבית קומות"", ""isFirstHand"": ""False"", ""gush"": ""1296"", ""helka"": ""7"", ""tatHelka"": ""48"", ""parcelNum"": ""1296-7-48"", ""assetId"": ""11268057060"", ""scrapedAt"": ""2026-09-05T16:18:44.185Z""}"
sold,C:\Users\AVIV\gaba\gabay_pricing_core\tax_enriched_ashkelon_3room_36m.json,1112,small_area_45_80,,2025-07-08,אשקלון,נוה דקלים,סלעית 4,,3.0,60.0,,,,קוטג' דו משפחתי,,,17917.0,,,,"{""dedupeKey"": ""3046-79-1:2025-07-08:1075000"", ""dealDate"": ""2025-07-08"", ""dealAmount"": ""1075000"", ""pricePerSqm"": ""17917"", ""address"": ""סלעית 4"", ""cityName"": ""אשקלון"", ""neighborhoodName"": ""נוה דקלים"", ""rooms"": ""3"", ""area"": ""60"", ""propertyType"": ""קוטג' דו משפחתי"", ""gush"": ""3046"", ""helka"": ""79"", ""tatHelka"": ""1"", ""parcelNum"": ""3046-79-1"", ""assetId"": ""11268763920"", ""scrapedAt"": ""2026-09-05T16:18:44.185Z""}"
sold,C:\Users\AVIV\gaba\gabay_pricing_core\tax_enriched_ashkelon_3room_36m.json,1113,small_area_45_80,,2025-07-06,אשקלון,שקמים,יוספטל 3,,3.0,60.0,,,,דירה בבית קומות,,,11833.0,,,,"{""dedupeKey"": ""1965-20-26:2025-07-06:710000"", ""dealDate"": ""2025-07-06"", ""dealAmount"": ""710000"", ""pricePerSqm"": ""11833"", ""address"": ""יוספטל 3"", ""cityName"": ""אשקלון"", ""neighborhoodName"": ""שקמים"", ""rooms"": ""3"", ""floor"": ""רביעית"", ""area"": ""60"", ""propertyType"": ""דירה בבית קומות"", ""gush"": ""1965"", ""helka"": ""20"", ""tatHelka"": ""26"", ""parcelNum"": ""1965-20-26"", ""assetId"": ""11267917470"", ""scrapedAt"": ""2026-09-05T16:18:44.185Z""}"
sold,C:\Users\AVIV\gaba\gabay_pricing_core\tax_enriched_ashkelon_3room_36m.json,1114,small_area_45_80,,2025-07-06,אשקלון,נווה אלונים,"ש""י עגנון 7",,3.0,75.0,,,,דירה בבית קומות,,,14267.0,,,,"{""dedupeKey"": ""3019-14-2:2025-07-06:1070000"", ""dealDate"": ""2025-07-06"", ""dealAmount"": ""1070000"", ""pricePerSqm"": ""14267"", ""address"": ""ש\""י עגנון 7"", ""cityName"": ""אשקלון"", ""neighborhoodName"": ""נווה אלונים"", ""rooms"": ""3"", ""floor"": ""ראשונה"", ""area"": ""75"", ""propertyType"": ""דירה בבית קומות"", ""gush"": ""3019"", ""helka"": ""14"", ""tatHelka"": ""2"", ""parcelNum"": ""3019-14-2"", ""assetId"": ""11267760870"", ""scrapedAt"": ""2026-09-05T16:18:44.185Z""}"
sold,C:\Users\AVIV\gaba\gabay_pricing_core\tax_enriched_ashkelon_3room_36m.json,1115,small_area_45_80,,2025-07-03,אשקלון,גבעת ציון,חזון עובדיה 51,,3.0,79.0,,,,דירה בבית קומות,,,17127.0,,,,"{""dedupeKey"": ""1475-58-69:2025-07-03:1353000"", ""dealDate"": ""2025-07-03"", ""dealAmount"": ""1353000"", ""pricePerSqm"": ""17127"", ""address"": ""חזון עובדיה 51"", ""cityName"": ""אשקלון"", ""neighborhoodName"": ""גבעת ציון"", ""rooms"": ""3"", ""floor"": ""רביעית"", ""area"": ""79"", ""propertyType"": ""דירה בבית קומות"", ""gush"": ""1475"", ""helka"": ""58"", ""tatHelka"": ""69"", ""parcelNum"": ""1475-58-69"", ""assetId"": ""11268473400"", ""scrapedAt"": ""2026-09-05T16:18:44.185Z""}"
sold,C:\Users\AVIV\gaba\gabay_pricing_core\tax_enriched_ashkelon_3room_36m.json,1116,small_area_45_80,,2025-07-03,אשקלון,נאות אשקלון,אריה 10,,3.0,77.0,,,,דירה בבית קומות,False,,14935.0,,,,"{""dedupeKey"": ""1296-9-22:2025-07-03:1150000"", ""dealDate"": ""2025-07-03"", ""dealAmount"": ""1150000"", ""pricePerSqm"": ""14935"", ""address"": ""אריה 10"", ""cityName"": ""אשקלון"", ""neighborhoodName"": ""נאות אשקלון"", ""rooms"": ""3"", ""floor"": ""שישית"", ""area"": ""77"", ""propertyType"": ""דירה בבית קומות"", ""isFirstHand"": ""False"", ""gush"": ""1296"", ""helka"": ""9"", ""tatHelka"": ""22"", ""parcelNum"": ""1296-9-22"", ""assetId"": ""11267971830"", ""scrapedAt"": ""2026-09-05T16:18:44.185Z""}"
sold,C:\Users\AVIV\gaba\gabay_pricing_core\tax_enriched_ashkelon_3room_36m.json,1117,small_area_45_80,,2025-07-02,אשקלון,גבעת ציון,עמק יזרעאל 99,,3.0,79.0,,,,,,,20127.0,,,,"{""dedupeKey"": ""1475-6-5:2025-07-02:1590000"", ""dealDate"": ""2025-07-02"", ""dealAmount"": ""1590000"", ""pricePerSqm"": ""20127"", ""address"": ""עמק יזרעאל 99"", ""cityName"": ""אשקלון"", ""neighborhoodName"": ""גבעת ציון"", ""rooms"": ""3"", ""floor"": ""רביעית"", ""area"": ""79"", ""gush"": ""1475"", ""helka"": ""6"", ""tatHelka"": ""5"", ""parcelNum"": ""1475-6-5"", ""assetId"": ""11352540517"", ""scrapedAt"": ""2026-09-05T16:18:44.185Z""}"
sold,C:\Users\AVIV\gaba\gabay_pricing_core\tax_enriched_ashkelon_3room_36m.json,1118,small_area_45_80,,2025-07-02,אשקלון,שקמים,אפרים צור 48,,3.0,50.0,,,,דירה בבית קומות,,,13600.0,,,,"{""dedupeKey"": ""1965-24-9:2025-07-02:680000"", ""dealDate"": ""2025-07-02"", ""dealAmount"": ""680000"", ""pricePerSqm"": ""13600"", ""address"": ""אפרים צור 48"", ""cityName"": ""אשקלון"", ""neighborhoodName"": ""שקמים"", ""rooms"": ""3"", ""floor"": ""שניה"", ""area"": ""50"", ""propertyType"": ""דירה בבית קומות"", ""gush"": ""1965"", ""helka"": ""24"", ""tatHelka"": ""9"", ""parcelNum"": ""1965-24-9"", ""assetId"": ""11268500310"", ""scrapedAt"": ""2026-09-05T16:18:44.185Z""}"
sold,C:\Users\AVIV\gaba\gabay_pricing_core\tax_enriched_ashkelon_3room_36m.json,1119,small_area_45_80,,2025-07-01,אשקלון,נווה אילן,מגידו 4,,3.0,75.0,,,,דירה בבית קומות,,,17600.0,,,,"{""dedupeKey"": ""2507-13-40:2025-07-01:1320000"", ""dealDate"": ""2025-07-01"", ""dealAmount"": ""1320000"", ""pricePerSqm"": ""17600"", ""address"": ""מגידו 4"", ""cityName"": ""אשקלון"", ""neighborhoodName"": ""נווה אילן"", ""rooms"": ""3"", ""floor"": ""שלישית"", ""area"": ""75"", ""propertyType"": ""דירה בבית קומות"", ""gush"": ""2507"", ""helka"": ""13"", ""tatHelka"": ""40"", ""parcelNum"": ""2507-13-40"", ""assetId"": ""11267563410"", ""scrapedAt"": ""2026-09-05T16:18:44.185Z""}"
sold,C:\Users\AVIV\gaba\gabay_pricing_core\tax_enriched_ashkelon_3room_36m.json,1120,small_area_45_80,,2025-07-01,אשקלון,בן גוריון,"חיד""א 6",,3.0,64.0,,,,דירה בבית קומות,,,13281.0,,,,"{""dedupeKey"": ""1963-53-42:2025-07-01:850000"", ""dealDate"": ""2025-07-01"", ""dealAmount"": ""850000"", ""pricePerSqm"": ""13281"", ""address"": ""חיד\""א 6"", ""cityName"": ""אשקלון"", ""neighborhoodName"": ""בן גוריון"", ""rooms"": ""3"", ""floor"": ""שלישית"", ""area"": ""64"", ""propertyType"": ""דירה בבית קומות"", ""gush"": ""1963"", ""helka"": ""53"", ""tatHelka"": ""42"", ""parcelNum"": ""1963-53-42"", ""assetId"": ""11268134190"", ""scrapedAt"": ""2026-09-05T16:18:44.185Z""}"
sold,C:\Users\AVIV\gaba\gabay_pricing_core\tax_enriched_ashkelon_3room_36m.json,1121,small_area_45_80,,2025-06-30,אשקלון,נווה ים,שפירא 14,,3.0,65.0,,,,דירה בבית קומות,,,15385.0,,,,"{""dedupeKey"": ""3015-3-11:2025-06-30:1000000"", ""dealDate"": ""2025-06-30"", ""dealAmount"": ""1000000"", ""pricePerSqm"": ""15385"", ""address"": ""שפירא 14"", ""cityName"": ""אשקלון"", ""neighborhoodName"": ""נווה ים"", ""rooms"": ""3"", ""floor"": ""שלישית"", ""area"": ""65"", ""propertyType"": ""דירה בבית קומות"", ""gush"": ""3015"", ""helka"": ""3"", ""tatHelka"": ""11"", ""parcelNum"": ""3015-3-11"", ""assetId"": ""11270367720"", ""scrapedAt"": ""2026-09-05T16:18:44.185Z""}"
sold,C:\Users\AVIV\gaba\gabay_pricing_core\tax_enriched_ashkelon_3room_36m.json,1122,small_area_45_80,,2025-06-29,אשקלון,בן גוריון,שפינוזה 13,,3.0,62.0,,,,דירה בבית קומות,,,16774.0,,,,"{""dedupeKey"": ""1963-63-8:2025-06-29:1040000"", ""dealDate"": ""2025-06-29"", ""dealAmount"": ""1040000"", ""pricePerSqm"": ""16774"", ""address"": ""שפינוזה 13"", ""cityName"": ""אשקלון"", ""neighborhoodName"": ""בן גוריון"", ""rooms"": ""3"", ""floor"": ""ראשונה"", ""area"": ""62"", ""propertyType"": ""דירה בבית קומות"", ""gush"": ""1963"", ""helka"": ""63"", ""tatHelka"": ""8"", ""parcelNum"": ""1963-63-8"", ""assetId"": ""11267791290"", ""scrapedAt"": ""2026-09-05T16:18:44.185Z""}"
sold,C:\Users\AVIV\gaba\gabay_pricing_core\tax_enriched_ashkelon_3room_36m.json,1123,small_area_45_80,,2025-06-29,אשקלון,אפרידר,אלי כהן 3,,3.0,74.0,,,,דירה בבית קומות,,,17297.0,,,,"{""dedupeKey"": ""1942-126-23:2025-06-29:1280000"", ""dealDate"": ""2025-06-29"", ""dealAmount"": ""1280000"", ""pricePerSqm"": ""17297"", ""address"": ""אלי כהן 3"", ""cityName"": ""אשקלון"", ""neighborhoodName"": ""אפרידר"", ""rooms"": ""3"", ""floor"": ""שלישית"", ""area"": ""74"", ""propertyType"": ""דירה בבית קומות"", ""gush"": ""1942"", ""helka"": ""126"", ""tatHelka"": ""23"", ""parcelNum"": ""1942-126-23"", ""assetId"": ""11268707400"", ""scrapedAt"": ""2026-09-05T16:18:44.185Z""}"
sold,C:\Users\AVIV\gaba\gabay_pricing_core\tax_enriched_ashkelon_3room_36m.json,1124,small_area_45_80,,2025-06-29,אשקלון,אזור תעשיה צפוני,הרב יוסף שרביט 7,,3.0,75.0,,,,דירה בבית קומות,,,21667.0,,,,"{""dedupeKey"": ""1197-87-90:2025-06-29:1625000"", ""dealDate"": ""2025-06-29"", ""dealAmount"": ""1625000"", ""pricePerSqm"": ""21667"", ""address"": ""הרב יוסף שרביט 7"", ""cityName"": ""אשקלון"", ""neighborhoodName"": ""אזור תעשיה צפוני"", ""rooms"": ""3"", ""floor"": ""ראשונה"", ""area"": ""75"", ""propertyType"": ""דירה בבית קומות"", ""gush"": ""1197"", ""helka"": ""87"", ""tatHelka"": ""90"", ""parcelNum"": ""1197-87-90"", ""assetId"": ""11268560430"", ""scrapedAt"": ""2026-09-05T16:18:44.185Z""}"
sold,C:\Users\AVIV\gaba\gabay_pricing_core\tax_enriched_ashkelon_3room_36m.json,1126,small_area_45_80,,2025-06-29,אשקלון,נוה דקלים,יהדות ספרד 2,,3.0,62.0,,,,דירה בבית קומות,,,17419.0,,,,"{""dedupeKey"": ""3053-61-40:2025-06-29:1080000"", ""dealDate"": ""2025-06-29"", ""dealAmount"": ""1080000"", ""pricePerSqm"": ""17419"", ""address"": ""יהדות ספרד 2"", ""cityName"": ""אשקלון"", ""neighborhoodName"": ""נוה דקלים"", ""rooms"": ""3"", ""floor"": ""שניה"", ""area"": ""62"", ""propertyType"": ""דירה בבית קומות"", ""gush"": ""3053"", ""helka"": ""61"", ""tatHelka"": ""40"", ""parcelNum"": ""3053-61-40"", ""assetId"": ""11267429040"", ""scrapedAt"": ""2026-09-05T16:18:44.185Z""}"
sold,C:\Users\AVIV\gaba\gabay_pricing_core\tax_enriched_ashkelon_3room_36m.json,1127,small_area_45_80,,2025-06-28,אשקלון,אזור תעשיה צפוני,הרב יוסף שרביט 7,,3.0,75.0,,,,,,,21667.0,,,,"{""dedupeKey"": ""1197-87-59:2025-06-28:1625000"", ""dealDate"": ""2025-06-28"", ""dealAmount"": ""1625000"", ""pricePerSqm"": ""21667"", ""address"": ""הרב יוסף שרביט 7"", ""cityName"": ""אשקלון"", ""neighborhoodName"": ""אזור תעשיה צפוני"", ""rooms"": ""3"", ""floor"": ""רביעית"", ""area"": ""75"", ""gush"": ""1197"", ""helka"": ""87"", ""tatHelka"": ""59"", ""parcelNum"": ""1197-87-59"", ""assetId"": ""11352530280"", ""scrapedAt"": ""2026-09-05T16:18:44.185Z""}"
sold,C:\Users\AVIV\gaba\gabay_pricing_core\tax_enriched_ashkelon_3room_36m.json,1129,small_area_45_80,,2025-06-26,אשקלון,בן גוריון,"חיד""א 6",,3.0,48.0,,,,דירה בבית קומות,,,12500.0,,,,"{""dedupeKey"": ""1963-53-61:2025-06-26:600000"", ""dealDate"": ""2025-06-26"", ""dealAmount"": ""600000"", ""pricePerSqm"": ""12500"", ""address"": ""חיד\""א 6"", ""cityName"": ""אשקלון"", ""neighborhoodName"": ""בן גוריון"", ""rooms"": ""3"", ""floor"": ""רביעית"", ""area"": ""48"", ""propertyType"": ""דירה בבית קומות"", ""gush"": ""1963"", ""helka"": ""53"", ""tatHelka"": ""61"", ""parcelNum"": ""1963-53-61"", ""assetId"": ""11269213920"", ""scrapedAt"": ""2026-09-05T16:18:44.185Z""}"
sold,C:\Users\AVIV\gaba\gabay_pricing_core\tax_enrichment_diagnostics.json,130,large_area_140_195,,2026-06-10,,מתחם מ-7,דרך הים 31,,5.0,153.0,,,20.0,,True,,20850.0,,,,"{""dealDate"": ""2026-06-10"", ""dealAmount"": ""3190000"", ""pricePerSqm"": ""20850"", ""address"": ""דרך הים 31"", ""neighborhoodName"": ""מתחם מ-7"", ""rooms"": ""5"", ""floor"": ""שלוש עשרה"", ""buildingFloors"": ""20"", ""area"": ""153"", ""yearBuilt"": ""2020"", ""isFirstHand"": ""True"", ""gush"": ""370"", ""helka"": ""40"", ""tatHelka"": ""192"", ""assetId"": ""4920984""}"
sold,C:\Users\AVIV\gaba\gabay_pricing_core\tax_enrichment_diagnostics.json,131,large_area_140_195,,2026-06-11,,מתחם מ-7,דרך הים 31,,5.0,153.0,,,20.0,דירה בבית קומות,,,20850.0,,,,"{""dealDate"": ""2026-06-11"", ""dealAmount"": ""3190000"", ""pricePerSqm"": ""20850"", ""address"": ""דרך הים 31"", ""neighborhoodName"": ""מתחם מ-7"", ""rooms"": ""5"", ""floor"": ""שלוש עשרה"", ""buildingFloors"": ""20"", ""area"": ""153"", ""yearBuilt"": ""2020"", ""propertyType"": ""דירה בבית קומות"", ""gush"": ""370"", ""helka"": ""40"", ""tatHelka"": ""193"", ""assetId"": ""4920984""}"
