source_class,file,record_index,targets,special_types,date,city,neighborhood,address,street,rooms,area_sqm,outdoor_area_sqm,floor,total_floors,property_type,deal_type,price,price_per_sqm,parking,storage,description,raw_preview
unknown,C:\Users\AVIV\gaba\gabay_pricing_core\comparable_demo_unit17.json,1,small_area_45_80,,,,,,,3.0,69.0,12.0,4.0,,,,,,,,,"{""unit_number"": ""17"", ""floor"": ""4"", ""rooms"": ""3"", ""internal_area"": ""69"", ""balcony_area"": ""12"", ""orientation"": ""מזרח"", ""unit_type"": ""standard_apartment""}"
unknown,C:\Users\AVIV\gaba\gabay_pricing_core\comparable_demo_unit17.json,8,small_area_45_80,,,,,נחלה 7,,3.0,80.0,,9.0,,standard_apartment,,1680000.0,21000.0,,,,"{""lane"": ""sold"", ""source"": ""govmap_via_nadlan_deals"", ""source_id"": ""11356430310"", ""price"": ""1680000.0"", ""rooms"": ""3.0"", ""area"": ""80.0"", ""floor"": ""9"", ""property_type"": ""standard_apartment"", ""latitude"": ""31.67669796087469"", ""longitude"": ""34.59060699815149"", ""event_date"": ""2026-07-21"", ""address"": ""נחלה 7"", ""distance_m"": ""888.9"", ""area_difference_pct"": ""0.1594"", ""floor_difference"": ""5.0"", ""quality_status"": ""usable"", ""reasons"": ""[]""}"
unknown,C:\Users\AVIV\gaba\gabay_pricing_core\comparable_demo_unit17.json,10,small_area_45_80,,,,,נחלה 7,,3.0,80.0,,9.0,,standard_apartment,,1750000.0,21875.0,,,,"{""lane"": ""sold"", ""source"": ""govmap_via_nadlan_deals"", ""source_id"": ""11349838890"", ""price"": ""1750000.0"", ""rooms"": ""3.0"", ""area"": ""80.0"", ""floor"": ""9"", ""property_type"": ""standard_apartment"", ""latitude"": ""31.67669796087469"", ""longitude"": ""34.59060699815149"", ""event_date"": ""2026-05-06"", ""address"": ""נחלה 7"", ""distance_m"": ""888.9"", ""area_difference_pct"": ""0.1594"", ""floor_difference"": ""5.0"", ""quality_status"": ""usable"", ""reasons"": ""[]""}"
unknown,C:\Users\AVIV\gaba\gabay_pricing_core\comparable_demo_unit17.json,12,small_area_45_80,,,,,נחלה 7,,3.0,80.0,,7.0,,standard_apartment,,1720000.0,21500.0,,,,"{""lane"": ""sold"", ""source"": ""govmap_via_nadlan_deals"", ""source_id"": ""11267742330"", ""price"": ""1720000.0"", ""rooms"": ""3.0"", ""area"": ""80.0"", ""floor"": ""7"", ""property_type"": ""standard_apartment"", ""latitude"": ""31.67669796087469"", ""longitude"": ""34.59060699815149"", ""event_date"": ""2025-06-08"", ""address"": ""נחלה 7"", ""distance_m"": ""888.9"", ""area_difference_pct"": ""0.1594"", ""floor_difference"": ""3.0"", ""quality_status"": ""usable"", ""reasons"": ""[]""}"
unknown,C:\Users\AVIV\gaba\gabay_pricing_core\comparable_demo_unit17.json,14,small_area_45_80,,,,,נחלה 7,,3.0,80.0,,12.0,,standard_apartment,,1826000.0,22825.0,,,,"{""lane"": ""sold"", ""source"": ""govmap_via_nadlan_deals"", ""source_id"": ""11263118670"", ""price"": ""1826000.0"", ""rooms"": ""3.0"", ""area"": ""80.0"", ""floor"": ""12"", ""property_type"": ""standard_apartment"", ""latitude"": ""31.67669796087469"", ""longitude"": ""34.59060699815149"", ""event_date"": ""2025-04-24"", ""address"": ""נחלה 7"", ""distance_m"": ""888.9"", ""area_difference_pct"": ""0.1594"", ""floor_difference"": ""8.0"", ""quality_status"": ""usable"", ""reasons"": ""[]""}"
unknown,C:\Users\AVIV\gaba\gabay_pricing_core\comparable_demo_unit17.json,15,small_area_45_80,,,,,נחלה 7,,3.0,80.0,,4.0,,standard_apartment,,1755000.0,21937.5,,,,"{""lane"": ""sold"", ""source"": ""govmap_via_nadlan_deals"", ""source_id"": ""11260093590"", ""price"": ""1755000.0"", ""rooms"": ""3.0"", ""area"": ""80.0"", ""floor"": ""4"", ""property_type"": ""standard_apartment"", ""latitude"": ""31.67669796087469"", ""longitude"": ""34.59060699815149"", ""event_date"": ""2025-03-25"", ""address"": ""נחלה 7"", ""distance_m"": ""888.9"", ""area_difference_pct"": ""0.1594"", ""floor_difference"": ""0.0"", ""quality_status"": ""usable"", ""reasons"": ""[]""}"
unknown,C:\Users\AVIV\gaba\gabay_pricing_core\comparable_demo_unit17.json,17,small_area_45_80,,,,,נחלה 7,,3.0,80.0,,2.0,,standard_apartment,,1700000.0,21250.0,,,,"{""lane"": ""sold"", ""source"": ""govmap_via_nadlan_deals"", ""source_id"": ""11252756430"", ""price"": ""1700000.0"", ""rooms"": ""3.0"", ""area"": ""80.0"", ""floor"": ""2"", ""property_type"": ""standard_apartment"", ""latitude"": ""31.67669796087469"", ""longitude"": ""34.59060699815149"", ""event_date"": ""2025-01-09"", ""address"": ""נחלה 7"", ""distance_m"": ""888.9"", ""area_difference_pct"": ""0.1594"", ""floor_difference"": ""2.0"", ""quality_status"": ""usable"", ""reasons"": ""[]""}"
unknown,C:\Users\AVIV\gaba\gabay_pricing_core\comparable_demo_unit17.json,18,small_area_45_80,,,,,נחלה 7,,3.0,80.0,,7.0,,standard_apartment,,1760000.0,22000.0,,,,"{""lane"": ""sold"", ""source"": ""govmap_via_nadlan_deals"", ""source_id"": ""11252073240"", ""price"": ""1760000.0"", ""rooms"": ""3.0"", ""area"": ""80.0"", ""floor"": ""7"", ""property_type"": ""standard_apartment"", ""latitude"": ""31.67669796087469"", ""longitude"": ""34.59060699815149"", ""event_date"": ""2024-12-19"", ""address"": ""נחלה 7"", ""distance_m"": ""888.9"", ""area_difference_pct"": ""0.1594"", ""floor_difference"": ""3.0"", ""quality_status"": ""usable"", ""reasons"": ""[]""}"
unknown,C:\Users\AVIV\gaba\gabay_pricing_core\comparable_demo_unit17.json,19,small_area_45_80,,,,,נחלה 7,,3.0,80.0,,4.0,,standard_apartment,,1745000.0,21812.5,,,,"{""lane"": ""sold"", ""source"": ""govmap_via_nadlan_deals"", ""source_id"": ""11186402940"", ""price"": ""1745000.0"", ""rooms"": ""3.0"", ""area"": ""80.0"", ""floor"": ""4"", ""property_type"": ""standard_apartment"", ""latitude"": ""31.67669796087469"", ""longitude"": ""34.59060699815149"", ""event_date"": ""2024-11-24"", ""address"": ""נחלה 7"", ""distance_m"": ""888.9"", ""area_difference_pct"": ""0.1594"", ""floor_difference"": ""0.0"", ""quality_status"": ""usable"", ""reasons"": ""[]""}"
unknown,C:\Users\AVIV\gaba\gabay_pricing_core\comparable_demo_unit17.json,20,small_area_45_80,,,,,נחלה 7,,3.0,80.0,,8.0,,standard_apartment,,1740000.0,21750.0,,,,"{""lane"": ""sold"", ""source"": ""govmap_via_nadlan_deals"", ""source_id"": ""11189999610"", ""price"": ""1740000.0"", ""rooms"": ""3.0"", ""area"": ""80.0"", ""floor"": ""8"", ""property_type"": ""standard_apartment"", ""latitude"": ""31.67669796087469"", ""longitude"": ""34.59060699815149"", ""event_date"": ""2024-11-16"", ""address"": ""נחלה 7"", ""distance_m"": ""888.9"", ""area_difference_pct"": ""0.1594"", ""floor_difference"": ""4.0"", ""quality_status"": ""usable"", ""reasons"": ""[]""}"
unknown,C:\Users\AVIV\gaba\gabay_pricing_core\comparable_demo_unit17.json,22,small_area_45_80,,,,,נחלה 16,,3.0,77.0,,3.0,,standard_apartment,,843000.0,10948.051948051949,,,,"{""lane"": ""sold"", ""source"": ""govmap_via_nadlan_deals"", ""source_id"": ""10980897300"", ""price"": ""843000.0"", ""rooms"": ""3.0"", ""area"": ""77.0"", ""floor"": ""3"", ""property_type"": ""standard_apartment"", ""latitude"": ""31.67631358193458"", ""longitude"": ""34.591604042256755"", ""event_date"": ""2022-01-09"", ""address"": ""נחלה 16"", ""distance_m"": ""903.0"", ""area_difference_pct"": ""0.1159"", ""floor_difference"": ""1.0"", ""quality_status"": ""usable"", ""reasons"": ""[]""}"
unknown,C:\Users\AVIV\gaba\gabay_pricing_core\comparable_demo_unit17.json,24,small_area_45_80,,,,,נחלה 16,,3.0,77.0,,8.0,,standard_apartment,,846000.0,10987.012987012988,,,,"{""lane"": ""sold"", ""source"": ""govmap_via_nadlan_deals"", ""source_id"": ""10913306940"", ""price"": ""846000.0"", ""rooms"": ""3.0"", ""area"": ""77.0"", ""floor"": ""8"", ""property_type"": ""standard_apartment"", ""latitude"": ""31.67631358193458"", ""longitude"": ""34.591604042256755"", ""event_date"": ""2021-09-14"", ""address"": ""נחלה 16"", ""distance_m"": ""903.0"", ""area_difference_pct"": ""0.1159"", ""floor_difference"": ""4.0"", ""quality_status"": ""usable"", ""reasons"": ""[]""}"
unknown,C:\Users\AVIV\gaba\gabay_pricing_core\comparable_demo_unit17.json,25,small_area_45_80,,,,,נחלה 16,,3.0,77.0,,9.0,,standard_apartment,,838000.0,10883.116883116883,,,,"{""lane"": ""sold"", ""source"": ""govmap_via_nadlan_deals"", ""source_id"": ""10913197050"", ""price"": ""838000.0"", ""rooms"": ""3.0"", ""area"": ""77.0"", ""floor"": ""9"", ""property_type"": ""standard_apartment"", ""latitude"": ""31.67631358193458"", ""longitude"": ""34.591604042256755"", ""event_date"": ""2021-09-12"", ""address"": ""נחלה 16"", ""distance_m"": ""903.0"", ""area_difference_pct"": ""0.1159"", ""floor_difference"": ""5.0"", ""quality_status"": ""usable"", ""reasons"": ""[]""}"
unknown,C:\Users\AVIV\gaba\gabay_pricing_core\comparable_demo_unit17.json,50,small_area_45_80,,,,כוכב הצפון,"הרב כהנא 8, אשקלון",,3.0,70.0,,3.0,,standard_apartment,,1099999.0,15714.271428571428,,,,"{""lane"": ""current_asking"", ""source"": ""madlan_listing"", ""source_id"": ""OCPLtoxK4L1"", ""source_url"": ""https://www.madlan.co.il/listings/OCPLtoxK4L1"", ""price"": ""1099999.0"", ""rooms"": ""3.0"", ""area"": ""70.0"", ""floor"": ""3"", ""property_type"": ""standard_apartment"", ""latitude"": ""31.670236732914102"", ""longitude"": ""34.588981618462924"", ""event_date"": ""2026-08-01"", ""neighborhood"": ""כוכב הצפון"", ""address"": ""הרב כהנא 8, אשקלון"", ""distance_m"": ""1619.9"", ""area_difference_pct"": ""0.0145"", ""floor_difference"": ""1.0"", ""quality_status"": ""usable"", ""reasons"": ""[]""}"
unknown,C:\Users\AVIV\gaba\gabay_pricing_core\comparable_demo_unit17.json,51,small_area_45_80,,,,גני ברנע,"מונטיפיורי 18, אשקלון",,3.0,70.0,,4.0,,standard_apartment,,1100000.0,15714.285714285714,,,,"{""lane"": ""current_asking"", ""source"": ""madlan_listing"", ""source_id"": ""CqokJD8JOmq"", ""source_url"": ""https://www.madlan.co.il/listings/CqokJD8JOmq"", ""price"": ""1100000.0"", ""rooms"": ""3.0"", ""area"": ""70.0"", ""floor"": ""4"", ""property_type"": ""standard_apartment"", ""latitude"": ""31.680894475"", ""longitude"": ""34.576972350000005"", ""event_date"": ""2026-05-21"", ""neighborhood"": ""גני ברנע"", ""address"": ""מונטיפיורי 18, אשקלון"", ""distance_m"": ""1634.6"", ""area_difference_pct"": ""0.0145"", ""floor_difference"": ""0.0"", ""quality_status"": ""usable"", ""reasons"": ""[]""}"
unknown,C:\Users\AVIV\gaba\gabay_pricing_core\comparable_demo_unit17.json,52,small_area_45_80,,,,גני ברנע,"מעלות אשר 25, אשקלון",,3.0,80.0,,7.0,,standard_apartment,,1630000.0,20375.0,,,,"{""lane"": ""current_asking"", ""source"": ""madlan_listing"", ""source_id"": ""Cbj8cwS0wQr"", ""source_url"": ""https://www.madlan.co.il/listings/Cbj8cwS0wQr"", ""price"": ""1630000.0"", ""rooms"": ""3.0"", ""area"": ""80.0"", ""floor"": ""7"", ""property_type"": ""standard_apartment"", ""latitude"": ""31.6775469"", ""longitude"": ""34.5770431"", ""event_date"": ""2026-07-08"", ""neighborhood"": ""גני ברנע"", ""address"": ""מעלות אשר 25, אשקלון"", ""distance_m"": ""1750.5"", ""area_difference_pct"": ""0.1594"", ""floor_difference"": ""3.0"", ""quality_status"": ""usable"", ""reasons"": ""[]""}"
unknown,C:\Users\AVIV\gaba\gabay_pricing_core\comparable_demo_unit17.json,53,small_area_45_80,,,,נווה הדרים,"העונות 6, אשקלון",,3.0,70.0,,10.0,,standard_apartment,,1350000.0,19285.714285714286,,,,"{""lane"": ""current_asking"", ""source"": ""madlan_listing"", ""source_id"": ""jywNIQMfnAZ"", ""source_url"": ""https://www.madlan.co.il/listings/jywNIQMfnAZ"", ""price"": ""1350000.0"", ""rooms"": ""3.0"", ""area"": ""70.0"", ""floor"": ""10"", ""property_type"": ""standard_apartment"", ""latitude"": ""31.670435300060163"", ""longitude"": ""34.57561875501271"", ""event_date"": ""2026-05-21"", ""neighborhood"": ""נווה הדרים"", ""address"": ""העונות 6, אשקלון"", ""distance_m"": ""2303.9"", ""area_difference_pct"": ""0.0145"", ""floor_difference"": ""6.0"", ""quality_status"": ""usable"", ""reasons"": ""[]""}"
unknown,C:\Users\AVIV\gaba\gabay_pricing_core\comparable_demo_unit17.json,54,small_area_45_80,,,,נווה אילן,"הפלמ""ח 12, אשקלון",,3.0,77.0,,5.0,,standard_apartment,,1320000.0,17142.85714285714,,,,"{""lane"": ""current_asking"", ""source"": ""madlan_listing"", ""source_id"": ""D6vBZcPULJU"", ""source_url"": ""https://www.madlan.co.il/listings/D6vBZcPULJU"", ""price"": ""1320000.0"", ""rooms"": ""3.0"", ""area"": ""77.0"", ""floor"": ""5"", ""property_type"": ""standard_apartment"", ""latitude"": ""31.66399682222222"", ""longitude"": ""34.58370503333333"", ""event_date"": ""2026-08-25"", ""neighborhood"": ""נווה אילן"", ""address"": ""הפלמ\""ח 12, אשקלון"", ""distance_m"": ""2442.8"", ""area_difference_pct"": ""0.1159"", ""floor_difference"": ""1.0"", ""quality_status"": ""usable"", ""reasons"": ""[]""}"
unknown,C:\Users\AVIV\gaba\gabay_pricing_core\comparable_demo_unit17.json,58,small_area_45_80,,,,נאות אשקלון,"האריה 12, אשקלון",,3.0,76.0,,7.0,,standard_apartment,,1100000.0,14473.684210526315,,,,"{""lane"": ""current_asking"", ""source"": ""madlan_listing"", ""source_id"": ""8i58vSWbfsQ"", ""source_url"": ""https://www.madlan.co.il/listings/8i58vSWbfsQ"", ""price"": ""1100000.0"", ""rooms"": ""3.0"", ""area"": ""76.0"", ""floor"": ""7"", ""property_type"": ""standard_apartment"", ""latitude"": ""31.66356125"", ""longitude"": ""34.577382275"", ""event_date"": ""2026-07-07"", ""neighborhood"": ""נאות אשקלון"", ""address"": ""האריה 12, אשקלון"", ""distance_m"": ""2772.9"", ""area_difference_pct"": ""0.1014"", ""floor_difference"": ""3.0"", ""quality_status"": ""usable"", ""reasons"": ""[]""}"
unknown,C:\Users\AVIV\gaba\gabay_pricing_core\comparable_demo_unit17.json,59,small_area_45_80,,,,מרינה,"יפה נוף 42, אשקלון",,3.0,60.0,,4.0,,standard_apartment,,1226000.0,20433.333333333332,,,,"{""lane"": ""current_asking"", ""source"": ""madlan_listing"", ""source_id"": ""lymiohoUUWv"", ""source_url"": ""https://www.madlan.co.il/listings/lymiohoUUWv"", ""price"": ""1226000.0"", ""rooms"": ""3.0"", ""area"": ""60.0"", ""floor"": ""4"", ""property_type"": ""standard_apartment"", ""latitude"": ""31.6835656"", ""longitude"": ""34.5613485"", ""event_date"": ""2026-06-02"", ""neighborhood"": ""מרינה"", ""address"": ""יפה נוף 42, אשקלון"", ""distance_m"": ""3071.5"", ""area_difference_pct"": ""0.1304"", ""floor_difference"": ""0.0"", ""quality_status"": ""usable"", ""reasons"": ""[]""}"
unknown,C:\Users\AVIV\gaba\gabay_pricing_core\comparable_demo_unit17.json,60,small_area_45_80,,,,אפרידר,"השייטת 1, אשקלון",,3.0,70.0,,6.0,,standard_apartment,,1500000.0,21428.571428571428,,,,"{""lane"": ""current_asking"", ""source"": ""madlan_listing"", ""source_id"": ""KFZHM2txobL"", ""source_url"": ""https://www.madlan.co.il/listings/KFZHM2txobL"", ""price"": ""1500000.0"", ""rooms"": ""3.0"", ""area"": ""70.0"", ""floor"": ""6"", ""property_type"": ""standard_apartment"", ""latitude"": ""31.675471"", ""longitude"": ""34.560509"", ""event_date"": ""2026-08-03"", ""neighborhood"": ""אפרידר"", ""address"": ""השייטת 1, אשקלון"", ""distance_m"": ""3296.9"", ""area_difference_pct"": ""0.0145"", ""floor_difference"": ""2.0"", ""quality_status"": ""usable"", ""reasons"": ""[]""}"
unknown,C:\Users\AVIV\gaba\gabay_pricing_core\comparable_demo_unit17.json,61,small_area_45_80,,,,מרינה,"יפה נוף 29, אשקלון",,3.0,60.0,,6.0,,standard_apartment,,1625000.0,27083.333333333332,,,,"{""lane"": ""current_asking"", ""source"": ""madlan_listing"", ""source_id"": ""SaRNAom2CKX"", ""source_url"": ""https://www.madlan.co.il/listings/SaRNAom2CKX"", ""price"": ""1625000.0"", ""rooms"": ""3.0"", ""area"": ""60.0"", ""floor"": ""6"", ""property_type"": ""standard_apartment"", ""latitude"": ""31.6813996"", ""longitude"": ""34.5587901"", ""event_date"": ""2026-07-24"", ""neighborhood"": ""מרינה"", ""address"": ""יפה נוף 29, אשקלון"", ""distance_m"": ""3327.5"", ""area_difference_pct"": ""0.1304"", ""floor_difference"": ""2.0"", ""quality_status"": ""usable"", ""reasons"": ""[]""}"
unknown,C:\Users\AVIV\gaba\gabay_pricing_core\comparable_demo_unit17.json,62,small_area_45_80,,,,,"אשקלון 1, אשקלון",,3.0,70.0,,4.0,,standard_apartment,,1150000.0,16428.571428571428,,,,"{""lane"": ""current_asking"", ""source"": ""madlan_listing"", ""source_id"": ""dCPWfS5f2B6"", ""source_url"": ""https://www.madlan.co.il/listings/dCPWfS5f2B6"", ""price"": ""1150000.0"", ""rooms"": ""3.0"", ""area"": ""70.0"", ""floor"": ""4"", ""property_type"": ""standard_apartment"", ""latitude"": ""31.664300194149185"", ""longitude"": ""34.56582865158464"", ""event_date"": ""2026-07-07"", ""address"": ""אשקלון 1, אשקלון"", ""distance_m"": ""3451.2"", ""area_difference_pct"": ""0.0145"", ""floor_difference"": ""0.0"", ""quality_status"": ""usable"", ""reasons"": ""[]""}"
unknown,C:\Users\AVIV\gaba\gabay_pricing_core\comparable_demo_unit17.json,63,small_area_45_80,,,,מרינה,"יפה נוף 26, אשקלון",,3.0,70.0,,14.0,,standard_apartment,,2200000.0,31428.571428571428,,,,"{""lane"": ""current_asking"", ""source"": ""madlan_listing"", ""source_id"": ""GJjKTrVLt6k"", ""source_url"": ""https://www.madlan.co.il/listings/GJjKTrVLt6k"", ""price"": ""2200000.0"", ""rooms"": ""3.0"", ""area"": ""70.0"", ""floor"": ""14"", ""property_type"": ""standard_apartment"", ""latitude"": ""31.6786056"", ""longitude"": ""34.5571214"", ""event_date"": ""2026-07-05"", ""neighborhood"": ""מרינה"", ""address"": ""יפה נוף 26, אשקלון"", ""distance_m"": ""3526.3"", ""area_difference_pct"": ""0.0145"", ""floor_difference"": ""10.0"", ""quality_status"": ""usable"", ""reasons"": ""[]""}"
unknown,C:\Users\AVIV\gaba\gabay_pricing_core\comparable_demo_unit17.json,64,small_area_45_80,,,,מרינה,"השונית 2, אשקלון",,3.0,60.0,,1.0,,standard_apartment,,1050000.0,17500.0,,,,"{""lane"": ""current_asking"", ""source"": ""madlan_listing"", ""source_id"": ""iP5YVLOahv9"", ""source_url"": ""https://www.madlan.co.il/listings/iP5YVLOahv9"", ""price"": ""1050000.0"", ""rooms"": ""3.0"", ""area"": ""60.0"", ""floor"": ""1"", ""property_type"": ""standard_apartment"", ""latitude"": ""31.678872450906418"", ""longitude"": ""34.55611562235301"", ""event_date"": ""2026-06-20"", ""neighborhood"": ""מרינה"", ""address"": ""השונית 2, אשקלון"", ""distance_m"": ""3615.0"", ""area_difference_pct"": ""0.1304"", ""floor_difference"": ""3.0"", ""quality_status"": ""usable"", ""reasons"": ""[]""}"
unknown,C:\Users\AVIV\gaba\gabay_pricing_core\comparable_demo_unit17.json,66,small_area_45_80,,,,מרינה,"שונית 4, אשקלון",,3.0,60.0,,1.0,,standard_apartment,,1370000.0,22833.333333333332,,,,"{""lane"": ""current_asking"", ""source"": ""madlan_listing"", ""source_id"": ""Bou9xp8pAnz"", ""source_url"": ""https://www.madlan.co.il/listings/Bou9xp8pAnz"", ""price"": ""1370000.0"", ""rooms"": ""3.0"", ""area"": ""60.0"", ""floor"": ""1"", ""property_type"": ""standard_apartment"", ""latitude"": ""31.67904097144053"", ""longitude"": ""34.5558523572934"", ""event_date"": ""2026-08-12"", ""neighborhood"": ""מרינה"", ""address"": ""שונית 4, אשקלון"", ""distance_m"": ""3636.6"", ""area_difference_pct"": ""0.1304"", ""floor_difference"": ""3.0"", ""quality_status"": ""usable"", ""reasons"": ""[]""}"
unknown,C:\Users\AVIV\gaba\gabay_pricing_core\comparable_demo_unit17.json,68,small_area_45_80,,,,מרינה,"השונית 8, אשקלון",,3.0,65.0,,1.0,,standard_apartment,,1050000.0,16153.846153846154,,,,"{""lane"": ""current_asking"", ""source"": ""madlan_listing"", ""source_id"": ""ZsBHc1bRvOn"", ""source_url"": ""https://www.madlan.co.il/listings/ZsBHc1bRvOn"", ""price"": ""1050000.0"", ""rooms"": ""3.0"", ""area"": ""65.0"", ""floor"": ""1"", ""property_type"": ""standard_apartment"", ""latitude"": ""31.6787369"", ""longitude"": ""34.5557828"", ""event_date"": ""2026-07-11"", ""neighborhood"": ""מרינה"", ""address"": ""השונית 8, אשקלון"", ""distance_m"": ""3648.6"", ""area_difference_pct"": ""0.058"", ""floor_difference"": ""3.0"", ""quality_status"": ""usable"", ""reasons"": ""[]""}"
unknown,C:\Users\AVIV\gaba\gabay_pricing_core\comparable_demo_unit17.json,69,small_area_45_80,,,,מרינה,"השונית 20, אשקלון",,3.0,60.0,,1.0,,standard_apartment,,1370000.0,22833.333333333332,,,,"{""lane"": ""current_asking"", ""source"": ""madlan_listing"", ""source_id"": ""5Edgn9EN9T2"", ""source_url"": ""https://www.madlan.co.il/listings/5Edgn9EN9T2"", ""price"": ""1370000.0"", ""rooms"": ""3.0"", ""area"": ""60.0"", ""floor"": ""1"", ""property_type"": ""standard_apartment"", ""latitude"": ""31.6787369"", ""longitude"": ""34.5557828"", ""event_date"": ""2026-07-07"", ""neighborhood"": ""מרינה"", ""address"": ""השונית 20, אשקלון"", ""distance_m"": ""3648.6"", ""area_difference_pct"": ""0.1304"", ""floor_difference"": ""3.0"", ""quality_status"": ""usable"", ""reasons"": ""[]""}"
unknown,C:\Users\AVIV\gaba\gabay_pricing_core\comparable_demo_unit17.json,70,small_area_45_80,,,,גן הורדים,"בני עקיבא 2, אשקלון",,3.0,75.0,,6.0,,standard_apartment,,1060000.0,14133.333333333334,,,,"{""lane"": ""current_asking"", ""source"": ""madlan_listing"", ""source_id"": ""8YMpE7ahQ63"", ""source_url"": ""https://www.madlan.co.il/listings/8YMpE7ahQ63"", ""price"": ""1060000.0"", ""rooms"": ""3.0"", ""area"": ""75.0"", ""floor"": ""6"", ""property_type"": ""standard_apartment"", ""latitude"": ""31.65827832902431"", ""longitude"": ""34.56984115309271"", ""event_date"": ""2026-06-22"", ""neighborhood"": ""גן הורדים"", ""address"": ""בני עקיבא 2, אשקלון"", ""distance_m"": ""3668.7"", ""area_difference_pct"": ""0.087"", ""floor_difference"": ""2.0"", ""quality_status"": ""usable"", ""reasons"": ""[]""}"
unknown,C:\Users\AVIV\gaba\gabay_pricing_core\comparable_demo_unit17.json,71,small_area_45_80,,,,גן הורדים,"השומר הצעיר 16, אשקלון",,3.0,80.0,,5.0,,standard_apartment,,1450000.0,18125.0,,,,"{""lane"": ""current_asking"", ""source"": ""madlan_listing"", ""source_id"": ""adgmIj1IW4Z"", ""source_url"": ""https://www.madlan.co.il/listings/adgmIj1IW4Z"", ""price"": ""1450000.0"", ""rooms"": ""3.0"", ""area"": ""80.0"", ""floor"": ""5"", ""property_type"": ""standard_apartment"", ""latitude"": ""31.657047978419747"", ""longitude"": ""34.57168599771444"", ""event_date"": ""2026-06-28"", ""neighborhood"": ""גן הורדים"", ""address"": ""השומר הצעיר 16, אשקלון"", ""distance_m"": ""3675.0"", ""area_difference_pct"": ""0.1594"", ""floor_difference"": ""1.0"", ""quality_status"": ""usable"", ""reasons"": ""[]""}"
unknown,C:\Users\AVIV\gaba\gabay_pricing_core\comparable_demo_unit17.json,72,small_area_45_80,,,,גבעת ציון,"אליעזר מילרוד 2, אשקלון",,3.0,60.0,,4.0,,standard_apartment,,830000.0,13833.333333333334,,,,"{""lane"": ""current_asking"", ""source"": ""madlan_listing"", ""source_id"": ""2zaQerpIP2q"", ""source_url"": ""https://www.madlan.co.il/listings/2zaQerpIP2q"", ""price"": ""830000.0"", ""rooms"": ""3.0"", ""area"": ""60.0"", ""floor"": ""4"", ""property_type"": ""standard_apartment"", ""latitude"": ""31.650372723019718"", ""longitude"": ""34.57802574197121"", ""event_date"": ""2026-07-14"", ""neighborhood"": ""גבעת ציון"", ""address"": ""אליעזר מילרוד 2, אשקלון"", ""distance_m"": ""4048.5"", ""area_difference_pct"": ""0.1304"", ""floor_difference"": ""0.0"", ""quality_status"": ""usable"", ""reasons"": ""[]""}"
unknown,C:\Users\AVIV\gaba\gabay_pricing_core\comparable_demo_unit17.json,73,small_area_45_80,,,,בן גוריון,"ההסתדרות 25, אשקלון",,3.0,75.0,,3.0,,standard_apartment,,850000.0,11333.333333333334,,,,"{""lane"": ""current_asking"", ""source"": ""madlan_listing"", ""source_id"": ""D3tW5zeBrCO"", ""source_url"": ""https://www.madlan.co.il/listings/D3tW5zeBrCO"", ""price"": ""850000.0"", ""rooms"": ""3.0"", ""area"": ""75.0"", ""floor"": ""3"", ""property_type"": ""standard_apartment"", ""latitude"": ""31.658515818089054"", ""longitude"": ""34.56163861600856"", ""event_date"": ""2026-07-22"", ""neighborhood"": ""בן גוריון"", ""address"": ""ההסתדרות 25, אשקלון"", ""distance_m"": ""4174.9"", ""area_difference_pct"": ""0.087"", ""floor_difference"": ""1.0"", ""quality_status"": ""usable"", ""reasons"": ""[]""}"
unknown,C:\Users\AVIV\gaba\gabay_pricing_core\comparable_demo_unit17.json,74,small_area_45_80,,,,שקמים,"הרב מימון 25, אשקלון",,3.0,64.0,,1.0,,standard_apartment,,870000.0,13593.75,,,,"{""lane"": ""current_asking"", ""source"": ""madlan_listing"", ""source_id"": ""WFVceWQpxlT"", ""source_url"": ""https://www.madlan.co.il/listings/WFVceWQpxlT"", ""price"": ""870000.0"", ""rooms"": ""3.0"", ""area"": ""64.0"", ""floor"": ""1"", ""property_type"": ""standard_apartment"", ""latitude"": ""31.65348"", ""longitude"": ""34.564819"", ""event_date"": ""2026-07-30"", ""neighborhood"": ""שקמים"", ""address"": ""הרב מימון 25, אשקלון"", ""distance_m"": ""4382.1"", ""area_difference_pct"": ""0.0725"", ""floor_difference"": ""3.0"", ""quality_status"": ""usable"", ""reasons"": ""[]""}"
unknown,C:\Users\AVIV\gaba\gabay_pricing_core\comparable_demo_unit17.json,75,small_area_45_80,,,,ז'בוטינסקי,"ז'בוטינסקי 1, אשקלון",,3.0,69.0,,2.0,,standard_apartment,,970000.0,14057.971014492754,,,,"{""lane"": ""current_asking"", ""source"": ""madlan_listing"", ""source_id"": ""EanqdahrVzC"", ""source_url"": ""https://www.madlan.co.il/listings/EanqdahrVzC"", ""price"": ""970000.0"", ""rooms"": ""3.0"", ""area"": ""69.0"", ""floor"": ""2"", ""property_type"": ""standard_apartment"", ""latitude"": ""31.655789556008692"", ""longitude"": ""34.561202007199974"", ""event_date"": ""2026-08-18"", ""neighborhood"": ""ז'בוטינסקי"", ""address"": ""ז'בוטינסקי 1, אשקלון"", ""distance_m"": ""4416.8"", ""area_difference_pct"": ""0.0"", ""floor_difference"": ""2.0"", ""quality_status"": ""usable"", ""reasons"": ""[]""}"
unknown,C:\Users\AVIV\gaba\gabay_pricing_core\comparable_demo_unit17.json,76,small_area_45_80,,,,שקמים,"גיורא יוספטל 5, אשקלון",,3.0,60.0,,3.0,,standard_apartment,,820000.0,13666.666666666666,,,,"{""lane"": ""current_asking"", ""source"": ""madlan_listing"", ""source_id"": ""suqrhoRMuWO"", ""source_url"": ""https://www.madlan.co.il/listings/suqrhoRMuWO"", ""price"": ""820000.0"", ""rooms"": ""3.0"", ""area"": ""60.0"", ""floor"": ""3"", ""property_type"": ""standard_apartment"", ""latitude"": ""31.6544704"", ""longitude"": ""34.5627461"", ""event_date"": ""2026-06-30"", ""neighborhood"": ""שקמים"", ""address"": ""גיורא יוספטל 5, אשקלון"", ""distance_m"": ""4424.6"", ""area_difference_pct"": ""0.1304"", ""floor_difference"": ""1.0"", ""quality_status"": ""usable"", ""reasons"": ""[]""}"
unknown,C:\Users\AVIV\gaba\gabay_pricing_core\comparable_demo_unit17.json,79,small_area_45_80,,,,שקמים,"אפרים צור 48, אשקלון",,3.0,47.0,,1.0,,standard_apartment,,955000.0,20319.14893617021,,,,"{""lane"": ""current_asking"", ""source"": ""madlan_listing"", ""source_id"": ""LCI5OTZlOqk"", ""source_url"": ""https://www.madlan.co.il/listings/LCI5OTZlOqk"", ""price"": ""955000.0"", ""rooms"": ""3.0"", ""area"": ""47.0"", ""floor"": ""1"", ""property_type"": ""standard_apartment"", ""latitude"": ""31.654065981672684"", ""longitude"": ""34.56305662487347"", ""event_date"": ""2026-06-30"", ""neighborhood"": ""שקמים"", ""address"": ""אפרים צור 48, אשקלון"", ""distance_m"": ""4439.0"", ""area_difference_pct"": ""0.3188"", ""floor_difference"": ""3.0"", ""quality_status"": ""usable"", ""reasons"": ""[]""}"
unknown,C:\Users\AVIV\gaba\gabay_pricing_core\comparable_demo_unit17.json,81,small_area_45_80,,,,נווה אלונים,"שי עגנון 21, אשקלון",,3.0,74.0,,9.0,,standard_apartment,,1040000.0,14054.054054054053,,,,"{""lane"": ""current_asking"", ""source"": ""madlan_listing"", ""source_id"": ""8tXRL1xSzxY"", ""source_url"": ""https://www.madlan.co.il/listings/8tXRL1xSzxY"", ""price"": ""1040000.0"", ""rooms"": ""3.0"", ""area"": ""74.0"", ""floor"": ""9"", ""property_type"": ""standard_apartment"", ""latitude"": ""31.658632067714418"", ""longitude"": ""34.556637286642314"", ""event_date"": ""2026-06-09"", ""neighborhood"": ""נווה אלונים"", ""address"": ""שי עגנון 21, אשקלון"", ""distance_m"": ""4523.4"", ""area_difference_pct"": ""0.0725"", ""floor_difference"": ""5.0"", ""quality_status"": ""usable"", ""reasons"": ""[]""}"
unknown,C:\Users\AVIV\gaba\gabay_pricing_core\comparable_demo_unit17.json,83,small_area_45_80,,,,ז'בוטינסקי,"גיורא יוספטל 14, אשקלון",,3.0,55.0,,2.0,,standard_apartment,,820000.0,14909.09090909091,,,,"{""lane"": ""current_asking"", ""source"": ""madlan_listing"", ""source_id"": ""aLVohGppbq6"", ""source_url"": ""https://www.madlan.co.il/listings/aLVohGppbq6"", ""price"": ""820000.0"", ""rooms"": ""3.0"", ""area"": ""55.0"", ""floor"": ""2"", ""property_type"": ""standard_apartment"", ""latitude"": ""31.6528702"", ""longitude"": ""34.5604773"", ""event_date"": ""2026-07-20"", ""neighborhood"": ""ז'בוטינסקי"", ""address"": ""גיורא יוספטל 14, אשקלון"", ""distance_m"": ""4700.4"", ""area_difference_pct"": ""0.2029"", ""floor_difference"": ""2.0"", ""quality_status"": ""usable"", ""reasons"": ""[]""}"
unknown,C:\Users\AVIV\gaba\gabay_pricing_core\comparable_demo_unit17.json,84,small_area_45_80,,,,שקמים,"אליעזר מילרוד 8, אשקלון",,3.0,50.0,,3.0,,standard_apartment,,849000.0,16980.0,,,,"{""lane"": ""current_asking"", ""source"": ""madlan_listing"", ""source_id"": ""vttXqFNuu4p"", ""source_url"": ""https://www.madlan.co.il/listings/vttXqFNuu4p"", ""price"": ""849000.0"", ""rooms"": ""3.0"", ""area"": ""50.0"", ""floor"": ""3"", ""property_type"": ""standard_apartment"", ""latitude"": ""31.651920896599897"", ""longitude"": ""34.56136205887704"", ""event_date"": ""2026-08-11"", ""neighborhood"": ""שקמים"", ""address"": ""אליעזר מילרוד 8, אשקלון"", ""distance_m"": ""4724.4"", ""area_difference_pct"": ""0.2754"", ""floor_difference"": ""1.0"", ""quality_status"": ""usable"", ""reasons"": ""[]""}"
unknown,C:\Users\AVIV\gaba\gabay_pricing_core\comparable_demo_unit17.json,85,small_area_45_80,,,,שקמים,"אליעזר מילרוד 5, אשקלון",,3.0,55.0,,1.0,,standard_apartment,,850000.0,15454.545454545454,,,,"{""lane"": ""current_asking"", ""source"": ""madlan_listing"", ""source_id"": ""5wOgAttFlQZ"", ""source_url"": ""https://www.madlan.co.il/listings/5wOgAttFlQZ"", ""price"": ""850000.0"", ""rooms"": ""3.0"", ""area"": ""55.0"", ""floor"": ""1"", ""property_type"": ""standard_apartment"", ""latitude"": ""31.650498806878964"", ""longitude"": ""34.560222242685015"", ""event_date"": ""2026-07-21"", ""neighborhood"": ""שקמים"", ""address"": ""אליעזר מילרוד 5, אשקלון"", ""distance_m"": ""4914.7"", ""area_difference_pct"": ""0.2029"", ""floor_difference"": ""3.0"", ""quality_status"": ""usable"", ""reasons"": ""[]""}"
unknown,C:\Users\AVIV\gaba\gabay_pricing_core\comparable_demo_unit17.json,86,small_area_45_80,,,,ז'בוטינסקי,"שפירא 31, אשקלון",,3.0,69.0,,2.0,,standard_apartment,,1050000.0,15217.391304347826,,,,"{""lane"": ""current_asking"", ""source"": ""madlan_listing"", ""source_id"": ""XbizS9Xtjzm"", ""source_url"": ""https://www.madlan.co.il/listings/XbizS9Xtjzm"", ""price"": ""1050000.0"", ""rooms"": ""3.0"", ""area"": ""69.0"", ""floor"": ""2"", ""property_type"": ""standard_apartment"", ""latitude"": ""31.6537018"", ""longitude"": ""34.5548629"", ""event_date"": ""2026-07-30"", ""neighborhood"": ""ז'בוטינסקי"", ""address"": ""שפירא 31, אשקלון"", ""distance_m"": ""5009.1"", ""area_difference_pct"": ""0.0"", ""floor_difference"": ""2.0"", ""quality_status"": ""usable"", ""reasons"": ""[]""}"
unknown,C:\Users\AVIV\gaba\gabay_pricing_core\comparable_demo_unit17.json,87,small_area_45_80,,,,שקמים,"שפירא 53, אשקלון",,3.0,70.0,,1.0,,standard_apartment,,1130000.0,16142.857142857143,,,,"{""lane"": ""current_asking"", ""source"": ""madlan_listing"", ""source_id"": ""YcPHbtBtFjA"", ""source_url"": ""https://www.madlan.co.il/listings/YcPHbtBtFjA"", ""price"": ""1130000.0"", ""rooms"": ""3.0"", ""area"": ""70.0"", ""floor"": ""1"", ""property_type"": ""standard_apartment"", ""latitude"": ""31.6485671735633"", ""longitude"": ""34.55795417375701"", ""event_date"": ""2026-08-29"", ""neighborhood"": ""שקמים"", ""address"": ""שפירא 53, אשקלון"", ""distance_m"": ""5217.5"", ""area_difference_pct"": ""0.0145"", ""floor_difference"": ""3.0"", ""quality_status"": ""usable"", ""reasons"": ""[]""}"
unknown,C:\Users\AVIV\gaba\gabay_pricing_core\qa_output_ashkelon\sold_primary_usable.json,3,small_area_45_80,,2025-06-19,אשקלון,גולדה,עולי הגרדום 88,,4.0,77.0,,3.0,,דירה בבית קומות,,,13766.0,,,,"{""source_index"": ""1"", ""deal_date"": ""2025-06-19"", ""deal_amount"": ""1060000.0"", ""price_per_sqm"": ""13766.0"", ""address"": ""עולי הגרדום 88"", ""city"": ""אשקלון"", ""neighborhood"": ""גולדה"", ""rooms"": ""4.0"", ""floor"": ""3"", ""area"": ""77.0"", ""property_type"": ""דירה בבית קומות"", ""gush"": ""2843"", ""helka"": ""47"", ""tat_helka"": ""37"", ""asset_id"": ""11266991730"", ""latitude"": ""31.646318833481814"", ""longitude"": ""34.55575244487248"", ""scraped_at"": ""2026-09-04T18:19:03.256Z""}"
unknown,C:\Users\AVIV\gaba\gabay_pricing_core\qa_output_ashkelon\sold_primary_usable.json,5,small_area_45_80,,2024-12-08,אשקלון,גולדה,עולי הגרדום 88,,4.0,80.0,,3.0,,דירה בבית קומות,,,14625.0,,,,"{""source_index"": ""2"", ""deal_date"": ""2024-12-08"", ""deal_amount"": ""1170000.0"", ""price_per_sqm"": ""14625.0"", ""address"": ""עולי הגרדום 88"", ""city"": ""אשקלון"", ""neighborhood"": ""גולדה"", ""rooms"": ""4.0"", ""floor"": ""3"", ""area"": ""80.0"", ""property_type"": ""דירה בבית קומות"", ""gush"": ""2843"", ""helka"": ""47"", ""tat_helka"": ""11"", ""asset_id"": ""11188484820"", ""latitude"": ""31.646318833481814"", ""longitude"": ""34.55575244487248"", ""scraped_at"": ""2026-09-04T18:19:03.257Z""}"
unknown,C:\Users\AVIV\gaba\gabay_pricing_core\qa_output_ashkelon\sold_primary_usable.json,11,small_area_45_80,,2023-08-28,אשקלון,גולדה,עולי הגרדום 88,,3.0,75.0,,2.0,,דירה בבית קומות,,,14533.0,,,,"{""source_index"": ""5"", ""deal_date"": ""2023-08-28"", ""deal_amount"": ""1090000.0"", ""price_per_sqm"": ""14533.0"", ""address"": ""עולי הגרדום 88"", ""city"": ""אשקלון"", ""neighborhood"": ""גולדה"", ""rooms"": ""3.0"", ""floor"": ""2"", ""area"": ""75.0"", ""property_type"": ""דירה בבית קומות"", ""gush"": ""2843"", ""helka"": ""47"", ""tat_helka"": ""68"", ""asset_id"": ""11091045150"", ""latitude"": ""31.646318833481814"", ""longitude"": ""34.55575244487248"", ""scraped_at"": ""2026-09-04T18:19:03.257Z""}"
unknown,C:\Users\AVIV\gaba\gabay_pricing_core\qa_output_ashkelon\sold_primary_usable.json,15,small_area_45_80,,2022-04-15,אשקלון,גולדה,עולי הגרדום 88,,4.0,79.0,,1.0,,דירה,,,12658.0,,,,"{""source_index"": ""7"", ""deal_date"": ""2022-04-15"", ""deal_amount"": ""1000000.0"", ""price_per_sqm"": ""12658.0"", ""address"": ""עולי הגרדום 88"", ""city"": ""אשקלון"", ""neighborhood"": ""גולדה"", ""rooms"": ""4.0"", ""floor"": ""1"", ""area"": ""79.0"", ""property_type"": ""דירה"", ""gush"": ""2843"", ""helka"": ""47"", ""tat_helka"": ""5"", ""asset_id"": ""10990474830"", ""latitude"": ""31.646318833481814"", ""longitude"": ""34.55575244487248"", ""scraped_at"": ""2026-09-04T18:19:03.258Z""}"
unknown,C:\Users\AVIV\gaba\gabay_pricing_core\qa_output_ashkelon\sold_primary_usable.json,17,small_area_45_80,,2026-05-13,אשקלון,גולדה,עולי הגרדום 84,,3.0,69.0,,0.0,,דירה בבית קומות,,,18841.0,,,,"{""source_index"": ""8"", ""deal_date"": ""2026-05-13"", ""deal_amount"": ""1300000.0"", ""price_per_sqm"": ""18841.0"", ""address"": ""עולי הגרדום 84"", ""city"": ""אשקלון"", ""neighborhood"": ""גולדה"", ""rooms"": ""3.0"", ""floor"": ""0"", ""area"": ""69.0"", ""property_type"": ""דירה בבית קומות"", ""gush"": ""3011"", ""helka"": ""8"", ""tat_helka"": ""5"", ""asset_id"": ""11351577960"", ""latitude"": ""31.646669725624307"", ""longitude"": ""34.554732447135336"", ""scraped_at"": ""2026-09-04T18:19:03.258Z""}"
unknown,C:\Users\AVIV\gaba\gabay_pricing_core\qa_output_ashkelon\sold_primary_usable.json,19,small_area_45_80,,2026-03-12,אשקלון,גולדה,עולי הגרדום 22,,3.0,68.0,,0.0,,דירה בבית קומות,,,16912.0,,,,"{""source_index"": ""9"", ""deal_date"": ""2026-03-12"", ""deal_amount"": ""1150000.0"", ""price_per_sqm"": ""16912.0"", ""address"": ""עולי הגרדום 22"", ""city"": ""אשקלון"", ""neighborhood"": ""גולדה"", ""rooms"": ""3.0"", ""floor"": ""0"", ""area"": ""68.0"", ""property_type"": ""דירה בבית קומות"", ""gush"": ""3012"", ""helka"": ""14"", ""tat_helka"": ""3"", ""asset_id"": ""11346171840"", ""latitude"": ""31.650287100819952"", ""longitude"": ""34.553252367252014"", ""scraped_at"": ""2026-09-04T18:19:03.258Z""}"
unknown,C:\Users\AVIV\gaba\gabay_pricing_core\qa_output_ashkelon\sold_primary_usable.json,21,small_area_45_80,,2026-01-11,אשקלון,גולדה,עולי הגרדום 11,,3.0,69.0,,3.0,,דירה בבית קומות,,,16884.0,,,,"{""source_index"": ""10"", ""deal_date"": ""2026-01-11"", ""deal_amount"": ""1165000.0"", ""price_per_sqm"": ""16884.0"", ""address"": ""עולי הגרדום 11"", ""city"": ""אשקלון"", ""neighborhood"": ""גולדה"", ""rooms"": ""3.0"", ""floor"": ""3"", ""area"": ""69.0"", ""property_type"": ""דירה בבית קומות"", ""gush"": ""3012"", ""helka"": ""39"", ""tat_helka"": ""11"", ""asset_id"": ""11341789560"", ""latitude"": ""31.650150140195407"", ""longitude"": ""34.55431569432552"", ""scraped_at"": ""2026-09-04T18:19:03.258Z""}"
unknown,C:\Users\AVIV\gaba\gabay_pricing_core\qa_output_ashkelon\sold_primary_usable.json,23,small_area_45_80,,2025-12-17,אשקלון,גולדה,עולי הגרדום 1,,4.0,79.0,,2.0,,דירה בבית קומות,,,14684.0,,,,"{""source_index"": ""11"", ""deal_date"": ""2025-12-17"", ""deal_amount"": ""1160000.0"", ""price_per_sqm"": ""14684.0"", ""address"": ""עולי הגרדום 1"", ""city"": ""אשקלון"", ""neighborhood"": ""גולדה"", ""rooms"": ""4.0"", ""floor"": ""2"", ""area"": ""79.0"", ""property_type"": ""דירה בבית קומות"", ""gush"": ""3012"", ""helka"": ""35"", ""tat_helka"": ""11"", ""asset_id"": ""11340474390"", ""latitude"": ""31.651881952404594"", ""longitude"": ""34.55336192274768"", ""scraped_at"": ""2026-09-04T18:19:03.258Z""}"
unknown,C:\Users\AVIV\gaba\gabay_pricing_core\qa_output_ashkelon\sold_primary_usable.json,25,small_area_45_80,,2025-12-10,אשקלון,גולדה,עולי הגרדום 9,,3.0,69.0,,1.0,,דירה בבית קומות,,,17391.0,,,,"{""source_index"": ""12"", ""deal_date"": ""2025-12-10"", ""deal_amount"": ""1200000.0"", ""price_per_sqm"": ""17391.0"", ""address"": ""עולי הגרדום 9"", ""city"": ""אשקלון"", ""neighborhood"": ""גולדה"", ""rooms"": ""3.0"", ""floor"": ""1"", ""area"": ""69.0"", ""property_type"": ""דירה בבית קומות"", ""gush"": ""3012"", ""helka"": ""38"", ""tat_helka"": ""4"", ""asset_id"": ""11280587490"", ""latitude"": ""31.650581820566003"", ""longitude"": ""34.554061719220805"", ""scraped_at"": ""2026-09-04T18:19:03.258Z""}"
unknown,C:\Users\AVIV\gaba\gabay_pricing_core\qa_output_ashkelon\sold_primary_usable.json,27,small_area_45_80,,2025-12-09,אשקלון,גולדה,עולי הגרדום 10,,3.0,62.0,,0.0,,דירה בבית קומות,,,23871.0,,,,"{""source_index"": ""13"", ""deal_date"": ""2025-12-09"", ""deal_amount"": ""1480000.0"", ""price_per_sqm"": ""23871.0"", ""address"": ""עולי הגרדום 10"", ""city"": ""אשקלון"", ""neighborhood"": ""גולדה"", ""rooms"": ""3.0"", ""floor"": ""0"", ""area"": ""62.0"", ""property_type"": ""דירה בבית קומות"", ""gush"": ""3012"", ""helka"": ""5"", ""tat_helka"": ""1"", ""asset_id"": ""11281829760"", ""latitude"": ""31.650881698378285"", ""longitude"": ""34.55218429845048"", ""scraped_at"": ""2026-09-04T18:19:03.259Z""}"
unknown,C:\Users\AVIV\gaba\gabay_pricing_core\qa_output_ashkelon\sold_primary_usable.json,29,small_area_45_80,,2025-12-08,אשקלון,גולדה,עולי הגרדום 21,,4.0,80.0,,3.0,,דירה בבית קומות,,,16250.0,,,,"{""source_index"": ""14"", ""deal_date"": ""2025-12-08"", ""deal_amount"": ""1300000.0"", ""price_per_sqm"": ""16250.0"", ""address"": ""עולי הגרדום 21"", ""city"": ""אשקלון"", ""neighborhood"": ""גולדה"", ""rooms"": ""4.0"", ""floor"": ""3"", ""area"": ""80.0"", ""property_type"": ""דירה בבית קומות"", ""gush"": ""2843"", ""helka"": ""32"", ""tat_helka"": ""60"", ""asset_id"": ""11282143050"", ""latitude"": ""31.647005428103625"", ""longitude"": ""34.556112775941955"", ""scraped_at"": ""2026-09-04T18:19:03.259Z""}"
unknown,C:\Users\AVIV\gaba\gabay_pricing_core\qa_output_ashkelon\sold_primary_usable.json,31,small_area_45_80,,2025-11-12,אשקלון,גולדה,עולי הגרדום 36,,3.0,62.0,,0.0,,דירה בבית קומות,,,20161.0,,,,"{""source_index"": ""15"", ""deal_date"": ""2025-11-12"", ""deal_amount"": ""1250000.0"", ""price_per_sqm"": ""20161.0"", ""address"": ""עולי הגרדום 36"", ""city"": ""אשקלון"", ""neighborhood"": ""גולדה"", ""rooms"": ""3.0"", ""floor"": ""0"", ""area"": ""62.0"", ""property_type"": ""דירה בבית קומות"", ""gush"": ""3012"", ""helka"": ""19"", ""tat_helka"": ""4"", ""asset_id"": ""11278061550"", ""latitude"": ""31.649828568994707"", ""longitude"": ""34.553797275253295"", ""scraped_at"": ""2026-09-04T18:19:03.259Z""}"
unknown,C:\Users\AVIV\gaba\gabay_pricing_core\qa_output_ashkelon\sold_primary_usable.json,33,small_area_45_80,,2025-10-28,אשקלון,גולדה,עולי הגרדום 11,,3.0,63.0,,1.0,,דירה בבית קומות,,,15873.0,,,,"{""source_index"": ""16"", ""deal_date"": ""2025-10-28"", ""deal_amount"": ""1000000.0"", ""price_per_sqm"": ""15873.0"", ""address"": ""עולי הגרדום 11"", ""city"": ""אשקלון"", ""neighborhood"": ""גולדה"", ""rooms"": ""3.0"", ""floor"": ""1"", ""area"": ""63.0"", ""property_type"": ""דירה בבית קומות"", ""gush"": ""3012"", ""helka"": ""39"", ""tat_helka"": ""1"", ""asset_id"": ""11277201600"", ""latitude"": ""31.650150140195407"", ""longitude"": ""34.55431569432552"", ""scraped_at"": ""2026-09-04T18:19:03.259Z""}"
unknown,C:\Users\AVIV\gaba\gabay_pricing_core\qa_output_ashkelon\sold_primary_usable.json,35,small_area_45_80,,2025-10-28,אשקלון,גולדה,עולי הגרדום 28,,3.0,68.0,,0.0,,דירה בבית קומות,,,21691.0,,,,"{""source_index"": ""17"", ""deal_date"": ""2025-10-28"", ""deal_amount"": ""1475000.0"", ""price_per_sqm"": ""21691.0"", ""address"": ""עולי הגרדום 28"", ""city"": ""אשקלון"", ""neighborhood"": ""גולדה"", ""rooms"": ""3.0"", ""floor"": ""0"", ""area"": ""68.0"", ""property_type"": ""דירה בבית קומות"", ""gush"": ""3012"", ""helka"": ""16"", ""tat_helka"": ""2"", ""asset_id"": ""11279252430"", ""latitude"": ""31.6499421676167"", ""longitude"": ""34.55278783981278"", ""scraped_at"": ""2026-09-04T18:19:03.259Z""}"
unknown,C:\Users\AVIV\gaba\gabay_pricing_core\qa_output_ashkelon\sold_primary_usable.json,37,small_area_45_80,,2025-09-14,אשקלון,גולדה,עולי הגרדום 9,,3.0,63.0,,1.0,,דירה בבית קומות,,,19365.0,,,,"{""source_index"": ""18"", ""deal_date"": ""2025-09-14"", ""deal_amount"": ""1220000.0"", ""price_per_sqm"": ""19365.0"", ""address"": ""עולי הגרדום 9"", ""city"": ""אשקלון"", ""neighborhood"": ""גולדה"", ""rooms"": ""3.0"", ""floor"": ""1"", ""area"": ""63.0"", ""property_type"": ""דירה בבית קומות"", ""gush"": ""3012"", ""helka"": ""38"", ""tat_helka"": ""2"", ""asset_id"": ""11274914880"", ""latitude"": ""31.650581820566003"", ""longitude"": ""34.554061719220805"", ""scraped_at"": ""2026-09-04T18:19:03.259Z""}"
unknown,C:\Users\AVIV\gaba\gabay_pricing_core\qa_output_ashkelon\sold_primary_usable.json,39,small_area_45_80,,2025-09-03,אשקלון,גולדה,עולי הגרדום 5,,3.0,63.0,,3.0,,דירה בבית קומות,,,19841.0,,,,"{""source_index"": ""19"", ""deal_date"": ""2025-09-03"", ""deal_amount"": ""1250000.0"", ""price_per_sqm"": ""19841.0"", ""address"": ""עולי הגרדום 5"", ""city"": ""אשקלון"", ""neighborhood"": ""גולדה"", ""rooms"": ""3.0"", ""floor"": ""3"", ""area"": ""63.0"", ""property_type"": ""דירה בבית קומות"", ""gush"": ""3012"", ""helka"": ""37"", ""tat_helka"": ""11"", ""asset_id"": ""11274978690"", ""latitude"": ""31.651073698939854"", ""longitude"": ""34.55375607548224"", ""scraped_at"": ""2026-09-04T18:19:03.259Z""}"
unknown,C:\Users\AVIV\gaba\gabay_pricing_core\qa_output_ashkelon\sold_primary_usable.json,43,small_area_45_80,,2025-06-04,אשקלון,גולדה,עולי הגרדום 21,,4.0,80.0,,2.0,,דירה בבית קומות,,,15625.0,,,,"{""source_index"": ""21"", ""deal_date"": ""2025-06-04"", ""deal_amount"": ""1250000.0"", ""price_per_sqm"": ""15625.0"", ""address"": ""עולי הגרדום 21"", ""city"": ""אשקלון"", ""neighborhood"": ""גולדה"", ""rooms"": ""4.0"", ""floor"": ""2"", ""area"": ""80.0"", ""property_type"": ""דירה בבית קומות"", ""gush"": ""2843"", ""helka"": ""32"", ""tat_helka"": ""32"", ""asset_id"": ""11265621750"", ""latitude"": ""31.647005428103625"", ""longitude"": ""34.556112775941955"", ""scraped_at"": ""2026-09-04T18:19:03.259Z""}"
unknown,C:\Users\AVIV\gaba\gabay_pricing_core\qa_output_ashkelon\sold_primary_usable.json,45,small_area_45_80,,2025-05-19,אשקלון,גולדה,עולי הגרדום 5,,3.0,72.0,,3.0,,דירה בבית קומות,,,13542.0,,,,"{""source_index"": ""22"", ""deal_date"": ""2025-05-19"", ""deal_amount"": ""975000.0"", ""price_per_sqm"": ""13542.0"", ""address"": ""עולי הגרדום 5"", ""city"": ""אשקלון"", ""neighborhood"": ""גולדה"", ""rooms"": ""3.0"", ""floor"": ""3"", ""area"": ""72.0"", ""property_type"": ""דירה בבית קומות"", ""gush"": ""3012"", ""helka"": ""37"", ""tat_helka"": ""11"", ""asset_id"": ""11265926940"", ""latitude"": ""31.651073698939854"", ""longitude"": ""34.55375607548224"", ""scraped_at"": ""2026-09-04T18:19:03.259Z""}"
unknown,C:\Users\AVIV\gaba\gabay_pricing_core\qa_output_ashkelon\sold_primary_usable.json,49,small_area_45_80,,2025-01-26,אשקלון,גולדה,עולי הגרדום 11,,3.0,64.0,,4.0,,דירה בבית קומות,,,18750.0,,,,"{""source_index"": ""24"", ""deal_date"": ""2025-01-26"", ""deal_amount"": ""1200000.0"", ""price_per_sqm"": ""18750.0"", ""address"": ""עולי הגרדום 11"", ""city"": ""אשקלון"", ""neighborhood"": ""גולדה"", ""rooms"": ""3.0"", ""floor"": ""4"", ""area"": ""64.0"", ""property_type"": ""דירה בבית קומות"", ""gush"": ""3012"", ""helka"": ""39"", ""tat_helka"": ""14"", ""asset_id"": ""11253839670"", ""latitude"": ""31.650150140195407"", ""longitude"": ""34.55431569432552"", ""scraped_at"": ""2026-09-04T18:19:03.259Z""}"
unknown,C:\Users\AVIV\gaba\gabay_pricing_core\qa_output_ashkelon\sold_primary_usable.json,51,small_area_45_80,,2025-01-16,אשקלון,גולדה,עולי הגרדום 9,,3.0,70.0,,2.0,,דירה בבית קומות,,,16071.0,,,,"{""source_index"": ""25"", ""deal_date"": ""2025-01-16"", ""deal_amount"": ""1125000.0"", ""price_per_sqm"": ""16071.0"", ""address"": ""עולי הגרדום 9"", ""city"": ""אשקלון"", ""neighborhood"": ""גולדה"", ""rooms"": ""3.0"", ""floor"": ""2"", ""area"": ""70.0"", ""property_type"": ""דירה בבית קומות"", ""gush"": ""3012"", ""helka"": ""38"", ""tat_helka"": ""22"", ""asset_id"": ""11252293020"", ""latitude"": ""31.650581820566003"", ""longitude"": ""34.554061719220805"", ""scraped_at"": ""2026-09-04T18:19:03.259Z""}"
unknown,C:\Users\AVIV\gaba\gabay_pricing_core\qa_output_ashkelon\sold_primary_usable.json,53,small_area_45_80,,2024-12-23,אשקלון,גולדה,עולי הגרדום 32,,3.0,68.0,,0.0,,דירה בבית קומות,,,13235.0,,,,"{""source_index"": ""26"", ""deal_date"": ""2024-12-23"", ""deal_amount"": ""900000.0"", ""price_per_sqm"": ""13235.0"", ""address"": ""עולי הגרדום 32"", ""city"": ""אשקלון"", ""neighborhood"": ""גולדה"", ""rooms"": ""3.0"", ""floor"": ""0"", ""area"": ""68.0"", ""property_type"": ""דירה בבית קומות"", ""gush"": ""3012"", ""helka"": ""18"", ""tat_helka"": ""1"", ""asset_id"": ""11251550520"", ""latitude"": ""31.649651788953648"", ""longitude"": ""34.553402643999185"", ""scraped_at"": ""2026-09-04T18:19:03.259Z""}"
unknown,C:\Users\AVIV\gaba\gabay_pricing_core\qa_output_ashkelon\sold_primary_usable.json,55,small_area_45_80,,2024-12-22,אשקלון,גולדה,עולי הגרדום 9,,3.0,69.0,,1.0,,דירה בבית קומות,,,15652.0,,,,"{""source_index"": ""27"", ""deal_date"": ""2024-12-22"", ""deal_amount"": ""1080000.0"", ""price_per_sqm"": ""15652.0"", ""address"": ""עולי הגרדום 9"", ""city"": ""אשקלון"", ""neighborhood"": ""גולדה"", ""rooms"": ""3.0"", ""floor"": ""1"", ""area"": ""69.0"", ""property_type"": ""דירה בבית קומות"", ""gush"": ""3012"", ""helka"": ""38"", ""tat_helka"": ""20"", ""asset_id"": ""11251743480"", ""latitude"": ""31.650581820566003"", ""longitude"": ""34.554061719220805"", ""scraped_at"": ""2026-09-04T18:19:03.259Z""}"
unknown,C:\Users\AVIV\gaba\gabay_pricing_core\qa_output_ashkelon\sold_primary_usable.json,57,small_area_45_80,,2024-12-01,אשקלון,גולדה,עולי הגרדום 5,,3.0,63.0,,4.0,,דירה בבית קומות,,,16508.0,,,,"{""source_index"": ""28"", ""deal_date"": ""2024-12-01"", ""deal_amount"": ""1040000.0"", ""price_per_sqm"": ""16508.0"", ""address"": ""עולי הגרדום 5"", ""city"": ""אשקלון"", ""neighborhood"": ""גולדה"", ""rooms"": ""3.0"", ""floor"": ""4"", ""area"": ""63.0"", ""property_type"": ""דירה בבית קומות"", ""gush"": ""3012"", ""helka"": ""37"", ""tat_helka"": ""29"", ""asset_id"": ""11187578880"", ""latitude"": ""31.651073698939854"", ""longitude"": ""34.55375607548224"", ""scraped_at"": ""2026-09-04T18:19:03.259Z""}"
unknown,C:\Users\AVIV\gaba\gabay_pricing_core\qa_output_ashkelon\sold_primary_usable.json,59,small_area_45_80,,2024-10-29,אשקלון,גולדה,עולי הגרדום 11,,3.0,63.0,,2.0,,דירה בבית קומות,,,18254.0,,,,"{""source_index"": ""29"", ""deal_date"": ""2024-10-29"", ""deal_amount"": ""1150000.0"", ""price_per_sqm"": ""18254.0"", ""address"": ""עולי הגרדום 11"", ""city"": ""אשקלון"", ""neighborhood"": ""גולדה"", ""rooms"": ""3.0"", ""floor"": ""2"", ""area"": ""63.0"", ""property_type"": ""דירה בבית קומות"", ""gush"": ""3012"", ""helka"": ""39"", ""tat_helka"": ""7"", ""asset_id"": ""11185483590"", ""latitude"": ""31.650150140195407"", ""longitude"": ""34.55431569432552"", ""scraped_at"": ""2026-09-04T18:19:03.259Z""}"
unknown,C:\Users\AVIV\gaba\gabay_pricing_core\qa_output_ashkelon\sold_primary_usable.json,61,small_area_45_80,,2024-10-10,אשקלון,גולדה,עולי הגרדום 12,,3.0,69.0,,0.0,,דירה בבית קומות,,,22754.0,,,,"{""source_index"": ""30"", ""deal_date"": ""2024-10-10"", ""deal_amount"": ""1570000.0"", ""price_per_sqm"": ""22754.0"", ""address"": ""עולי הגרדום 12"", ""city"": ""אשקלון"", ""neighborhood"": ""גולדה"", ""rooms"": ""3.0"", ""floor"": ""0"", ""area"": ""69.0"", ""property_type"": ""דירה בבית קומות"", ""gush"": ""3012"", ""helka"": ""10"", ""tat_helka"": ""3"", ""asset_id"": ""11184323850"", ""latitude"": ""31.650599708360033"", ""longitude"": ""34.55241230976787"", ""scraped_at"": ""2026-09-04T18:19:03.260Z""}"
unknown,C:\Users\AVIV\gaba\gabay_pricing_core\qa_output_ashkelon\sold_primary_usable.json,65,small_area_45_80,,2024-09-04,אשקלון,גולדה,עולי הגרדום 11,,3.0,64.0,,4.0,,דירה בבית קומות,,,13281.0,,,,"{""source_index"": ""32"", ""deal_date"": ""2024-09-04"", ""deal_amount"": ""850000.0"", ""price_per_sqm"": ""13281.0"", ""address"": ""עולי הגרדום 11"", ""city"": ""אשקלון"", ""neighborhood"": ""גולדה"", ""rooms"": ""3.0"", ""floor"": ""4"", ""area"": ""64.0"", ""property_type"": ""דירה בבית קומות"", ""gush"": ""3012"", ""helka"": ""39"", ""tat_helka"": ""29"", ""asset_id"": ""11182270770"", ""latitude"": ""31.650150140195407"", ""longitude"": ""34.55431569432552"", ""scraped_at"": ""2026-09-04T18:19:03.260Z""}"
unknown,C:\Users\AVIV\gaba\gabay_pricing_core\qa_output_ashkelon\sold_primary_usable.json,67,small_area_45_80,,2024-08-07,אשקלון,גולדה,עולי הגרדום 5,,3.0,63.0,,3.0,,דירה בבית קומות,,,18413.0,,,,"{""source_index"": ""33"", ""deal_date"": ""2024-08-07"", ""deal_amount"": ""1160000.0"", ""price_per_sqm"": ""18413.0"", ""address"": ""עולי הגרדום 5"", ""city"": ""אשקלון"", ""neighborhood"": ""גולדה"", ""rooms"": ""3.0"", ""floor"": ""3"", ""area"": ""63.0"", ""property_type"": ""דירה בבית קומות"", ""gush"": ""3012"", ""helka"": ""37"", ""tat_helka"": ""9"", ""asset_id"": ""11177883540"", ""latitude"": ""31.651073698939854"", ""longitude"": ""34.55375607548224"", ""scraped_at"": ""2026-09-04T18:19:03.260Z""}"
unknown,C:\Users\AVIV\gaba\gabay_pricing_core\qa_output_ashkelon\sold_primary_usable.json,69,small_area_45_80,,2024-07-09,אשקלון,גולדה,עולי הגרדום 66,,3.0,62.0,,0.0,,קוטג' טורי,,,18548.0,,,,"{""source_index"": ""34"", ""deal_date"": ""2024-07-09"", ""deal_amount"": ""1150000.0"", ""price_per_sqm"": ""18548.0"", ""address"": ""עולי הגרדום 66"", ""city"": ""אשקלון"", ""neighborhood"": ""גולדה"", ""rooms"": ""3.0"", ""floor"": ""0"", ""area"": ""62.0"", ""property_type"": ""קוטג' טורי"", ""gush"": ""3012"", ""helka"": ""33"", ""tat_helka"": ""2"", ""asset_id"": ""11174986170"", ""latitude"": ""31.647736879341807"", ""longitude"": ""34.55405519009021"", ""scraped_at"": ""2026-09-04T18:19:03.260Z""}"
unknown,C:\Users\AVIV\gaba\gabay_pricing_core\qa_output_ashkelon\sold_primary_usable.json,75,small_area_45_80,,2023-10-30,אשקלון,גולדה,עולי הגרדום 5,,3.0,64.0,,4.0,,דירה בבית קומות,,,15313.0,,,,"{""source_index"": ""37"", ""deal_date"": ""2023-10-30"", ""deal_amount"": ""980000.0"", ""price_per_sqm"": ""15313.0"", ""address"": ""עולי הגרדום 5"", ""city"": ""אשקלון"", ""neighborhood"": ""גולדה"", ""rooms"": ""3.0"", ""floor"": ""4"", ""area"": ""64.0"", ""property_type"": ""דירה בבית קומות"", ""gush"": ""3012"", ""helka"": ""37"", ""tat_helka"": ""29"", ""asset_id"": ""11093213970"", ""latitude"": ""31.651073698939854"", ""longitude"": ""34.55375607548224"", ""scraped_at"": ""2026-09-04T18:19:03.260Z""}"
unknown,C:\Users\AVIV\gaba\gabay_pricing_core\qa_output_ashkelon\sold_primary_usable.json,77,small_area_45_80,,2023-08-16,אשקלון,גולדה,עולי הגרדום 54,,3.0,74.0,,0.0,,דירה בבית קומות,,,11176.0,,,,"{""source_index"": ""38"", ""deal_date"": ""2023-08-16"", ""deal_amount"": ""827000.0"", ""price_per_sqm"": ""11176.0"", ""address"": ""עולי הגרדום 54"", ""city"": ""אשקלון"", ""neighborhood"": ""גולדה"", ""rooms"": ""3.0"", ""floor"": ""0"", ""area"": ""74.0"", ""property_type"": ""דירה בבית קומות"", ""gush"": ""3012"", ""helka"": ""27"", ""tat_helka"": ""6"", ""asset_id"": ""11091684510"", ""latitude"": ""31.64890780605063"", ""longitude"": ""34.55411296611685"", ""scraped_at"": ""2026-09-04T18:19:03.260Z""}"
unknown,C:\Users\AVIV\gaba\gabay_pricing_core\qa_output_ashkelon\sold_primary_usable.json,79,small_area_45_80,,2023-07-28,אשקלון,גולדה,עולי הגרדום 3,,3.0,65.0,,3.0,,דירה בבית קומות,,,18462.0,,,,"{""source_index"": ""39"", ""deal_date"": ""2023-07-28"", ""deal_amount"": ""1200000.0"", ""price_per_sqm"": ""18462.0"", ""address"": ""עולי הגרדום 3"", ""city"": ""אשקלון"", ""neighborhood"": ""גולדה"", ""rooms"": ""3.0"", ""floor"": ""3"", ""area"": ""65.0"", ""property_type"": ""דירה בבית קומות"", ""gush"": ""3012"", ""helka"": ""36"", ""tat_helka"": ""12"", ""asset_id"": ""11087778150"", ""latitude"": ""31.651550875575367"", ""longitude"": ""34.55348416586267"", ""scraped_at"": ""2026-09-04T18:19:03.260Z""}"
unknown,C:\Users\AVIV\gaba\gabay_pricing_core\qa_output_ashkelon\sold_primary_usable.json,85,small_area_45_80,,2023-06-19,אשקלון,גולדה,עולי הגרדום 11,,3.0,63.0,,4.0,,דירה בבית קומות,,,16667.0,,,,"{""source_index"": ""42"", ""deal_date"": ""2023-06-19"", ""deal_amount"": ""1050000.0"", ""price_per_sqm"": ""16667.0"", ""address"": ""עולי הגרדום 11"", ""city"": ""אשקלון"", ""neighborhood"": ""גולדה"", ""rooms"": ""3.0"", ""floor"": ""4"", ""area"": ""63.0"", ""property_type"": ""דירה בבית קומות"", ""gush"": ""3012"", ""helka"": ""39"", ""tat_helka"": ""14"", ""asset_id"": ""11084113080"", ""latitude"": ""31.650150140195407"", ""longitude"": ""34.55431569432552"", ""scraped_at"": ""2026-09-04T18:19:03.327Z""}"
unknown,C:\Users\AVIV\gaba\gabay_pricing_core\qa_output_ashkelon\sold_primary_usable.json,87,small_area_45_80,,2023-05-07,אשקלון,גולדה,עולי הגרדום 3,,3.0,69.0,,1.0,,דירה בבית קומות,,,13913.0,,,,"{""source_index"": ""43"", ""deal_date"": ""2023-05-07"", ""deal_amount"": ""960000.0"", ""price_per_sqm"": ""13913.0"", ""address"": ""עולי הגרדום 3"", ""city"": ""אשקלון"", ""neighborhood"": ""גולדה"", ""rooms"": ""3.0"", ""floor"": ""1"", ""area"": ""69.0"", ""property_type"": ""דירה בבית קומות"", ""gush"": ""3012"", ""helka"": ""36"", ""tat_helka"": ""3"", ""asset_id"": ""11081468970"", ""latitude"": ""31.651550875575367"", ""longitude"": ""34.55348416586267"", ""scraped_at"": ""2026-09-04T18:19:03.327Z""}"
unknown,C:\Users\AVIV\gaba\gabay_pricing_core\qa_output_ashkelon\sold_primary_usable.json,89,small_area_45_80,,2023-02-19,אשקלון,גולדה,עולי הגרדום 56,,4.0,72.0,,0.0,,קוטג' דו משפחתי,,,20139.0,,,,"{""source_index"": ""44"", ""deal_date"": ""2023-02-19"", ""deal_amount"": ""1450000.0"", ""price_per_sqm"": ""20139.0"", ""address"": ""עולי הגרדום 56"", ""city"": ""אשקלון"", ""neighborhood"": ""גולדה"", ""rooms"": ""4.0"", ""floor"": ""0"", ""area"": ""72.0"", ""property_type"": ""קוטג' דו משפחתי"", ""gush"": ""3012"", ""helka"": ""28"", ""tat_helka"": ""3"", ""asset_id"": ""11074170960"", ""latitude"": ""31.64876015719669"", ""longitude"": ""34.55442382425444"", ""scraped_at"": ""2026-09-04T18:19:03.327Z""}"
unknown,C:\Users\AVIV\gaba\gabay_pricing_core\qa_output_ashkelon\sold_primary_usable.json,93,small_area_45_80,,2023-01-19,אשקלון,גולדה,עולי הגרדום 5,,3.0,65.0,,3.0,,דירה בבית קומות,,,16308.0,,,,"{""source_index"": ""46"", ""deal_date"": ""2023-01-19"", ""deal_amount"": ""1060000.0"", ""price_per_sqm"": ""16308.0"", ""address"": ""עולי הגרדום 5"", ""city"": ""אשקלון"", ""neighborhood"": ""גולדה"", ""rooms"": ""3.0"", ""floor"": ""3"", ""area"": ""65.0"", ""property_type"": ""דירה בבית קומות"", ""gush"": ""3012"", ""helka"": ""37"", ""tat_helka"": ""28"", ""asset_id"": ""11072973330"", ""latitude"": ""31.651073698939854"", ""longitude"": ""34.55375607548224"", ""scraped_at"": ""2026-09-04T18:19:03.327Z""}"
unknown,C:\Users\AVIV\gaba\gabay_pricing_core\qa_output_ashkelon\sold_primary_usable.json,97,small_area_45_80,,2022-10-30,אשקלון,גולדה,עולי הגרדום 10,,3.0,68.0,,0.0,,דירה בבית קומות,,,16176.0,,,,"{""source_index"": ""48"", ""deal_date"": ""2022-10-30"", ""deal_amount"": ""1100000.0"", ""price_per_sqm"": ""16176.0"", ""address"": ""עולי הגרדום 10"", ""city"": ""אשקלון"", ""neighborhood"": ""גולדה"", ""rooms"": ""3.0"", ""floor"": ""0"", ""area"": ""68.0"", ""property_type"": ""דירה בבית קומות"", ""gush"": ""3012"", ""helka"": ""5"", ""tat_helka"": ""6"", ""asset_id"": ""11009920950"", ""latitude"": ""31.650881698378285"", ""longitude"": ""34.55218429845048"", ""scraped_at"": ""2026-09-04T18:19:03.327Z""}"
unknown,C:\Users\AVIV\gaba\gabay_pricing_core\qa_output_ashkelon\sold_primary_usable.json,99,small_area_45_80,,2022-09-07,אשקלון,גולדה,עולי הגרדום 12,,3.0,69.0,,0.0,,דירה בבית קומות,,,18551.0,,,,"{""source_index"": ""49"", ""deal_date"": ""2022-09-07"", ""deal_amount"": ""1280000.0"", ""price_per_sqm"": ""18551.0"", ""address"": ""עולי הגרדום 12"", ""city"": ""אשקלון"", ""neighborhood"": ""גולדה"", ""rooms"": ""3.0"", ""floor"": ""0"", ""area"": ""69.0"", ""property_type"": ""דירה בבית קומות"", ""gush"": ""3012"", ""helka"": ""10"", ""tat_helka"": ""3"", ""asset_id"": ""11004829740"", ""latitude"": ""31.650599708360033"", ""longitude"": ""34.55241230976787"", ""scraped_at"": ""2026-09-04T18:19:03.327Z""}"
unknown,C:\Users\AVIV\gaba\gabay_pricing_core\qa_output_ashkelon\sold_primary_usable.json,101,small_area_45_80,,2022-07-27,אשקלון,גולדה,עולי הגרדום 32,,3.0,70.0,,0.0,,קוטג' דו משפחתי,,,18571.0,,,,"{""source_index"": ""50"", ""deal_date"": ""2022-07-27"", ""deal_amount"": ""1300000.0"", ""price_per_sqm"": ""18571.0"", ""address"": ""עולי הגרדום 32"", ""city"": ""אשקלון"", ""neighborhood"": ""גולדה"", ""rooms"": ""3.0"", ""floor"": ""0"", ""area"": ""70.0"", ""property_type"": ""קוטג' דו משפחתי"", ""gush"": ""3012"", ""helka"": ""18"", ""tat_helka"": ""4"", ""asset_id"": ""11000879640"", ""latitude"": ""31.649651788953648"", ""longitude"": ""34.553402643999185"", ""scraped_at"": ""2026-09-04T18:19:03.327Z""}"
unknown,C:\Users\AVIV\gaba\gabay_pricing_core\qa_output_ashkelon\sold_primary_usable.json,103,small_area_45_80,,2022-07-26,אשקלון,גולדה,עולי הגרדום 80,,3.0,63.0,,0.0,,דירה בבית קומות,,,18254.0,,,,"{""source_index"": ""51"", ""deal_date"": ""2022-07-26"", ""deal_amount"": ""1150000.0"", ""price_per_sqm"": ""18254.0"", ""address"": ""עולי הגרדום 80"", ""city"": ""אשקלון"", ""neighborhood"": ""גולדה"", ""rooms"": ""3.0"", ""floor"": ""0"", ""area"": ""63.0"", ""property_type"": ""דירה בבית קומות"", ""gush"": ""3011"", ""helka"": ""5"", ""tat_helka"": ""2"", ""asset_id"": ""11000973060"", ""latitude"": ""31.647265074161012"", ""longitude"": ""34.5548424174822"", ""scraped_at"": ""2026-09-04T18:19:03.327Z""}"
unknown,C:\Users\AVIV\gaba\gabay_pricing_core\qa_output_ashkelon\sold_primary_usable.json,105,small_area_45_80,,2022-07-11,אשקלון,גולדה,עולי הגרדום 72,,3.0,65.0,,0.0,,דירה בבית קומות,,,21846.0,,,,"{""source_index"": ""52"", ""deal_date"": ""2022-07-11"", ""deal_amount"": ""1420000.0"", ""price_per_sqm"": ""21846.0"", ""address"": ""עולי הגרדום 72"", ""city"": ""אשקלון"", ""neighborhood"": ""גולדה"", ""rooms"": ""3.0"", ""floor"": ""0"", ""area"": ""65.0"", ""property_type"": ""דירה בבית קומות"", ""gush"": ""3012"", ""helka"": ""34"", ""tat_helka"": ""1"", ""asset_id"": ""10999886850"", ""latitude"": ""31.647913939968063"", ""longitude"": ""34.55476319978359"", ""scraped_at"": ""2026-09-04T18:19:03.327Z""}"
unknown,C:\Users\AVIV\gaba\gabay_pricing_core\qa_output_ashkelon\sold_primary_usable.json,107,small_area_45_80,,2022-06-20,אשקלון,גולדה,עולי הגרדום 28,,3.0,68.0,,0.0,,דירה בבית קומות,,,15882.0,,,,"{""source_index"": ""53"", ""deal_date"": ""2022-06-20"", ""deal_amount"": ""1080000.0"", ""price_per_sqm"": ""15882.0"", ""address"": ""עולי הגרדום 28"", ""city"": ""אשקלון"", ""neighborhood"": ""גולדה"", ""rooms"": ""3.0"", ""floor"": ""0"", ""area"": ""68.0"", ""property_type"": ""דירה בבית קומות"", ""gush"": ""3012"", ""helka"": ""16"", ""tat_helka"": ""2"", ""asset_id"": ""10997222040"", ""latitude"": ""31.6499421676167"", ""longitude"": ""34.55278783981278"", ""scraped_at"": ""2026-09-04T18:19:03.327Z""}"
unknown,C:\Users\AVIV\gaba\gabay_pricing_core\qa_output_ashkelon\sold_primary_usable.json,109,small_area_45_80,,2022-06-15,אשקלון,גולדה,עולי הגרדום 84,,3.0,69.0,,0.0,,דירה בבית קומות,,,7826.0,,,,"{""source_index"": ""54"", ""deal_date"": ""2022-06-15"", ""deal_amount"": ""540000.0"", ""price_per_sqm"": ""7826.0"", ""address"": ""עולי הגרדום 84"", ""city"": ""אשקלון"", ""neighborhood"": ""גולדה"", ""rooms"": ""3.0"", ""floor"": ""0"", ""area"": ""69.0"", ""property_type"": ""דירה בבית קומות"", ""gush"": ""3011"", ""helka"": ""8"", ""tat_helka"": ""3"", ""asset_id"": ""10997077410"", ""latitude"": ""31.646669725624307"", ""longitude"": ""34.554732447135336"", ""scraped_at"": ""2026-09-04T18:19:03.327Z""}"
unknown,C:\Users\AVIV\gaba\gabay_pricing_core\qa_output_ashkelon\sold_primary_usable.json,111,small_area_45_80,,2022-05-18,אשקלון,גולדה,עולי הגרדום 76,,3.0,70.0,,0.0,,דירה בבית קומות,,,19000.0,,,,"{""source_index"": ""55"", ""deal_date"": ""2022-05-18"", ""deal_amount"": ""1330000.0"", ""price_per_sqm"": ""19000.0"", ""address"": ""עולי הגרדום 76"", ""city"": ""אשקלון"", ""neighborhood"": ""גולדה"", ""rooms"": ""3.0"", ""floor"": ""0"", ""area"": ""70.0"", ""property_type"": ""דירה בבית קומות"", ""gush"": ""3011"", ""helka"": ""3"", ""tat_helka"": ""3"", ""asset_id"": ""10992801870"", ""latitude"": ""31.647413369487268"", ""longitude"": ""34.55522355324791"", ""scraped_at"": ""2026-09-04T18:19:03.327Z""}"
unknown,C:\Users\AVIV\gaba\gabay_pricing_core\qa_output_ashkelon\sold_primary_usable.json,113,small_area_45_80,,2022-04-13,אשקלון,גולדה,עולי הגרדום 8,,3.0,76.0,,0.0,,קוטג' דו משפחתי,,,15789.0,,,,"{""source_index"": ""56"", ""deal_date"": ""2022-04-13"", ""deal_amount"": ""1200000.0"", ""price_per_sqm"": ""15789.0"", ""address"": ""עולי הגרדום 8"", ""city"": ""אשקלון"", ""neighborhood"": ""גולדה"", ""rooms"": ""3.0"", ""floor"": ""0"", ""area"": ""76.0"", ""property_type"": ""קוטג' דו משפחתי"", ""gush"": ""3012"", ""helka"": ""4"", ""tat_helka"": ""2"", ""asset_id"": ""10989961110"", ""latitude"": ""31.651247764377047"", ""longitude"": ""34.55198228401632"", ""scraped_at"": ""2026-09-04T18:19:03.328Z""}"
unknown,C:\Users\AVIV\gaba\gabay_pricing_core\qa_output_ashkelon\sold_primary_usable.json,115,small_area_45_80,,2022-03-30,אשקלון,גולדה,עולי הגרדום 64,,3.0,78.0,,0.0,,דירה בבית קומות,,,14974.0,,,,"{""source_index"": ""57"", ""deal_date"": ""2022-03-30"", ""deal_amount"": ""1168000.0"", ""price_per_sqm"": ""14974.0"", ""address"": ""עולי הגרדום 64"", ""city"": ""אשקלון"", ""neighborhood"": ""גולדה"", ""rooms"": ""3.0"", ""floor"": ""0"", ""area"": ""78.0"", ""property_type"": ""דירה בבית קומות"", ""gush"": ""3012"", ""helka"": ""32"", ""tat_helka"": ""1"", ""asset_id"": ""10990717560"", ""latitude"": ""31.648148307651127"", ""longitude"": ""34.553901804547976"", ""scraped_at"": ""2026-09-04T18:19:03.328Z""}"
unknown,C:\Users\AVIV\gaba\gabay_pricing_core\qa_output_ashkelon\sold_primary_usable.json,117,small_area_45_80,,2022-03-11,אשקלון,גולדה,עולי הגרדום 64,,3.0,69.0,,0.0,,דירה בבית קומות,,,20290.0,,,,"{""source_index"": ""58"", ""deal_date"": ""2022-03-11"", ""deal_amount"": ""1400000.0"", ""price_per_sqm"": ""20290.0"", ""address"": ""עולי הגרדום 64"", ""city"": ""אשקלון"", ""neighborhood"": ""גולדה"", ""rooms"": ""3.0"", ""floor"": ""0"", ""area"": ""69.0"", ""property_type"": ""דירה בבית קומות"", ""gush"": ""3012"", ""helka"": ""32"", ""tat_helka"": ""2"", ""asset_id"": ""10987825050"", ""latitude"": ""31.648148307651127"", ""longitude"": ""34.553901804547976"", ""scraped_at"": ""2026-09-04T18:19:03.328Z""}"
unknown,C:\Users\AVIV\gaba\gabay_pricing_core\qa_output_ashkelon\sold_primary_usable.json,119,small_area_45_80,,2022-02-09,אשקלון,גולדה,עולי הגרדום 5,,3.0,63.0,,3.0,,דירה בבית קומות,,,12302.0,,,,"{""source_index"": ""59"", ""deal_date"": ""2022-02-09"", ""deal_amount"": ""775000.0"", ""price_per_sqm"": ""12302.0"", ""address"": ""עולי הגרדום 5"", ""city"": ""אשקלון"", ""neighborhood"": ""גולדה"", ""rooms"": ""3.0"", ""floor"": ""3"", ""area"": ""63.0"", ""property_type"": ""דירה בבית קומות"", ""gush"": ""3012"", ""helka"": ""37"", ""tat_helka"": ""9"", ""asset_id"": ""10984687830"", ""latitude"": ""31.651073698939854"", ""longitude"": ""34.55375607548224"", ""scraped_at"": ""2026-09-04T18:19:03.328Z""}"
unknown,C:\Users\AVIV\gaba\gabay_pricing_core\qa_output_ashkelon\sold_primary_usable.json,121,small_area_45_80,,2022-02-02,אשקלון,גולדה,עולי הגרדום 6,,4.0,62.0,,0.0,,דירה בבית קומות,,,22097.0,,,,"{""source_index"": ""60"", ""deal_date"": ""2022-02-02"", ""deal_amount"": ""1370000.0"", ""price_per_sqm"": ""22097.0"", ""address"": ""עולי הגרדום 6"", ""city"": ""אשקלון"", ""neighborhood"": ""גולדה"", ""rooms"": ""4.0"", ""floor"": ""0"", ""area"": ""62.0"", ""property_type"": ""דירה בבית קומות"", ""gush"": ""3012"", ""helka"": ""3"", ""tat_helka"": ""2"", ""asset_id"": ""10983505770"", ""latitude"": ""31.651513117007326"", ""longitude"": ""34.55226408236758"", ""scraped_at"": ""2026-09-04T18:19:03.328Z""}"
unknown,C:\Users\AVIV\gaba\gabay_pricing_core\qa_output_ashkelon\sold_primary_usable.json,123,small_area_45_80,,2022-01-06,אשקלון,גולדה,עולי הגרדום 11,,3.0,75.0,,3.0,,דירה בבית קומות,,,10533.0,,,,"{""source_index"": ""61"", ""deal_date"": ""2022-01-06"", ""deal_amount"": ""790000.0"", ""price_per_sqm"": ""10533.0"", ""address"": ""עולי הגרדום 11"", ""city"": ""אשקלון"", ""neighborhood"": ""גולדה"", ""rooms"": ""3.0"", ""floor"": ""3"", ""area"": ""75.0"", ""property_type"": ""דירה בבית קומות"", ""gush"": ""3012"", ""helka"": ""39"", ""tat_helka"": ""12"", ""asset_id"": ""10982663820"", ""latitude"": ""31.650150140195407"", ""longitude"": ""34.55431569432552"", ""scraped_at"": ""2026-09-04T18:19:03.328Z""}"
unknown,C:\Users\AVIV\gaba\gabay_pricing_core\qa_output_ashkelon\sold_primary_usable.json,125,small_area_45_80,,2021-11-11,אשקלון,גולדה,עולי הגרדום 60,,3.0,68.0,,0.0,,דירה בבית קומות,,,9118.0,,,,"{""source_index"": ""62"", ""deal_date"": ""2021-11-11"", ""deal_amount"": ""620000.0"", ""price_per_sqm"": ""9118.0"", ""address"": ""עולי הגרדום 60"", ""city"": ""אשקלון"", ""neighborhood"": ""גולדה"", ""rooms"": ""3.0"", ""floor"": ""0"", ""area"": ""68.0"", ""property_type"": ""דירה בבית קומות"", ""gush"": ""3012"", ""helka"": ""30"", ""tat_helka"": ""7"", ""asset_id"": ""10917974970"", ""latitude"": ""31.64812490433728"", ""longitude"": ""34.554506490731534"", ""scraped_at"": ""2026-09-04T18:19:03.328Z""}"
unknown,C:\Users\AVIV\gaba\gabay_pricing_core\qa_output_ashkelon\sold_primary_usable.json,127,small_area_45_80,,2021-10-20,אשקלון,גולדה,עולי הגרדום 48,,4.0,63.0,,0.0,,דירה בבית קומות,,,18968.0,,,,"{""source_index"": ""63"", ""deal_date"": ""2021-10-20"", ""deal_amount"": ""1195000.0"", ""price_per_sqm"": ""18968.0"", ""address"": ""עולי הגרדום 48"", ""city"": ""אשקלון"", ""neighborhood"": ""גולדה"", ""rooms"": ""4.0"", ""floor"": ""0"", ""area"": ""63.0"", ""property_type"": ""דירה בבית קומות"", ""gush"": ""3012"", ""helka"": ""24"", ""tat_helka"": ""3"", ""asset_id"": ""10915783920"", ""latitude"": ""31.648847248904232"", ""longitude"": ""34.55352153454586"", ""scraped_at"": ""2026-09-04T18:19:03.328Z""}"
unknown,C:\Users\AVIV\gaba\gabay_pricing_core\qa_output_ashkelon\sold_primary_usable.json,129,small_area_45_80,,2021-10-04,אשקלון,גולדה,עולי הגרדום 5,,3.0,64.0,,2.0,,דירה בבית קומות,,,12969.0,,,,"{""source_index"": ""64"", ""deal_date"": ""2021-10-04"", ""deal_amount"": ""830000.0"", ""price_per_sqm"": ""12969.0"", ""address"": ""עולי הגרדום 5"", ""city"": ""אשקלון"", ""neighborhood"": ""גולדה"", ""rooms"": ""3.0"", ""floor"": ""2"", ""area"": ""64.0"", ""property_type"": ""דירה בבית קומות"", ""gush"": ""3012"", ""helka"": ""37"", ""tat_helka"": ""21"", ""asset_id"": ""10916990550"", ""latitude"": ""31.651073698939854"", ""longitude"": ""34.55375607548224"", ""scraped_at"": ""2026-09-04T18:19:03.328Z""}"
unknown,C:\Users\AVIV\gaba\gabay_pricing_core\qa_output_ashkelon\sold_primary_usable.json,131,large_area_140_195,,2021-10-04,אשקלון,גולדה,עולי הגרדום 19,,5.0,140.0,,,,דירה בבית קומות,,,11679.0,,,,"{""source_index"": ""65"", ""deal_date"": ""2021-10-04"", ""deal_amount"": ""1635000.0"", ""price_per_sqm"": ""11679.0"", ""address"": ""עולי הגרדום 19"", ""city"": ""אשקלון"", ""neighborhood"": ""גולדה"", ""rooms"": ""5.0"", ""floor"": ""קרקע ראשונה ושניה"", ""area"": ""140.0"", ""property_type"": ""דירה בבית קומות"", ""gush"": ""2843"", ""helka"": ""34"", ""tat_helka"": ""1"", ""asset_id"": ""10915309440"", ""latitude"": ""31.647863055879995"", ""longitude"": ""34.55544718968453"", ""scraped_at"": ""2026-09-04T18:19:03.328Z""}"
unknown,C:\Users\AVIV\gaba\gabay_pricing_core\qa_output_ashkelon\sold_primary_usable.json,133,large_area_140_195,,2024-07-11,אשקלון,האגמים,עין עברונה 9,,5.0,146.0,,,,דירה בבית קומות,,,14692.0,,,,"{""source_index"": ""66"", ""deal_date"": ""2024-07-11"", ""deal_amount"": ""2145000.0"", ""price_per_sqm"": ""14692.0"", ""address"": ""עין עברונה 9"", ""city"": ""אשקלון"", ""neighborhood"": ""האגמים"", ""rooms"": ""5.0"", ""floor"": ""שניה, שלישית"", ""area"": ""146.0"", ""property_type"": ""דירה בבית קומות"", ""gush"": ""2882"", ""helka"": ""5"", ""tat_helka"": ""14"", ""asset_id"": ""11175019650"", ""latitude"": ""31.647303165578975"", ""longitude"": ""34.56144928493107"", ""scraped_at"": ""2026-09-04T18:19:03.519Z""}"
unknown,C:\Users\AVIV\gaba\gabay_pricing_core\qa_output_ashkelon\sold_primary_usable.json,135,special_property_type,garden,2023-06-01,אשקלון,האגמים,עין עברונה 9,,4.0,101.0,,0.0,,דירת גן,,,19307.0,,,,"{""source_index"": ""67"", ""deal_date"": ""2023-06-01"", ""deal_amount"": ""1950000.0"", ""price_per_sqm"": ""19307.0"", ""address"": ""עין עברונה 9"", ""city"": ""אשקלון"", ""neighborhood"": ""האגמים"", ""rooms"": ""4.0"", ""floor"": ""0"", ""area"": ""101.0"", ""property_type"": ""דירת גן"", ""gush"": ""2882"", ""helka"": ""5"", ""tat_helka"": ""8"", ""asset_id"": ""11083544280"", ""latitude"": ""31.647303165578975"", ""longitude"": ""34.56144928493107"", ""scraped_at"": ""2026-09-04T18:19:03.519Z""}"
unknown,C:\Users\AVIV\gaba\gabay_pricing_core\qa_output_ashkelon\sold_primary_usable.json,137,small_area_45_80 | special_property_type,garden,2022-11-24,אשקלון,האגמים,עין עברונה 9,,3.0,80.0,,0.0,,דירת גן,,,22250.0,,,,"{""source_index"": ""68"", ""deal_date"": ""2022-11-24"", ""deal_amount"": ""1780000.0"", ""price_per_sqm"": ""22250.0"", ""address"": ""עין עברונה 9"", ""city"": ""אשקלון"", ""neighborhood"": ""האגמים"", ""rooms"": ""3.0"", ""floor"": ""0"", ""area"": ""80.0"", ""property_type"": ""דירת גן"", ""gush"": ""2882"", ""helka"": ""5"", ""tat_helka"": ""7"", ""asset_id"": ""11012682420"", ""latitude"": ""31.647303165578975"", ""longitude"": ""34.56144928493107"", ""scraped_at"": ""2026-09-04T18:19:03.519Z""}"
unknown,C:\Users\AVIV\gaba\gabay_pricing_core\qa_output_ashkelon\sold_primary_usable.json,161,small_area_45_80,,2026-06-08,אשקלון,האגמים,נחל עירון 1,,3.0,71.0,,2.0,,דירה בבית קומות,,,20352.0,,,,"{""source_index"": ""80"", ""deal_date"": ""2026-06-08"", ""deal_amount"": ""1445000.0"", ""price_per_sqm"": ""20352.0"", ""address"": ""נחל עירון 1"", ""city"": ""אשקלון"", ""neighborhood"": ""האגמים"", ""rooms"": ""3.0"", ""floor"": ""2"", ""area"": ""71.0"", ""property_type"": ""דירה בבית קומות"", ""gush"": ""2882"", ""helka"": ""8"", ""tat_helka"": ""19"", ""asset_id"": ""11352802410"", ""latitude"": ""31.647107337288077"", ""longitude"": ""34.55954460990013"", ""scraped_at"": ""2026-09-04T18:19:04.706Z""}"
unknown,C:\Users\AVIV\gaba\gabay_pricing_core\qa_output_ashkelon\sold_primary_usable.json,187,small_area_45_80,,2021-12-22,אשקלון,האגמים,נחל עירון 1,,3.0,71.0,,3.0,,דירה בבית קומות,,,18592.0,,,,"{""source_index"": ""93"", ""deal_date"": ""2021-12-22"", ""deal_amount"": ""1320000.0"", ""price_per_sqm"": ""18592.0"", ""address"": ""נחל עירון 1"", ""city"": ""אשקלון"", ""neighborhood"": ""האגמים"", ""rooms"": ""3.0"", ""floor"": ""3"", ""area"": ""71.0"", ""property_type"": ""דירה בבית קומות"", ""gush"": ""2882"", ""helka"": ""8"", ""tat_helka"": ""25"", ""asset_id"": ""10987395750"", ""latitude"": ""31.647107337288077"", ""longitude"": ""34.55954460990013"", ""scraped_at"": ""2026-09-04T18:19:04.707Z""}"
unknown,C:\Users\AVIV\gaba\gabay_pricing_core\qa_output_ashkelon\sold_primary_usable.json,191,special_property_type,garden,2026-05-25,אשקלון,גולדה,התקווה 5,,4.0,89.0,,0.0,,דירת גן,,,17978.0,,,,"{""source_index"": ""95"", ""deal_date"": ""2026-05-25"", ""deal_amount"": ""1600000.0"", ""price_per_sqm"": ""17978.0"", ""address"": ""התקווה 5"", ""city"": ""אשקלון"", ""neighborhood"": ""גולדה"", ""rooms"": ""4.0"", ""floor"": ""0"", ""area"": ""89.0"", ""property_type"": ""דירת גן"", ""gush"": ""2843"", ""helka"": ""35"", ""tat_helka"": ""1"", ""asset_id"": ""11352888450"", ""latitude"": ""31.64776225342972"", ""longitude"": ""34.55617216227605"", ""scraped_at"": ""2026-09-04T18:19:04.710Z""}"
unknown,C:\Users\AVIV\gaba\gabay_pricing_core\qa_output_ashkelon\sold_primary_usable.json,195,special_property_type,garden,2023-04-24,אשקלון,גולדה,התקווה 5,,4.0,90.0,,0.0,,דירת גן,,,18333.0,,,,"{""source_index"": ""97"", ""deal_date"": ""2023-04-24"", ""deal_amount"": ""1650000.0"", ""price_per_sqm"": ""18333.0"", ""address"": ""התקווה 5"", ""city"": ""אשקלון"", ""neighborhood"": ""גולדה"", ""rooms"": ""4.0"", ""floor"": ""0"", ""area"": ""90.0"", ""property_type"": ""דירת גן"", ""gush"": ""2843"", ""helka"": ""35"", ""tat_helka"": ""4"", ""asset_id"": ""11079377280"", ""latitude"": ""31.64776225342972"", ""longitude"": ""34.55617216227605"", ""scraped_at"": ""2026-09-04T18:19:04.710Z""}"
unknown,C:\Users\AVIV\gaba\gabay_pricing_core\qa_output_ashkelon\sold_primary_usable.json,199,large_area_140_195,,2025-12-08,אשקלון,גולדה,התקווה 1,,5.0,145.0,,,,דירה בבית קומות,,,14276.0,,,,"{""source_index"": ""99"", ""deal_date"": ""2025-12-08"", ""deal_amount"": ""2070000.0"", ""price_per_sqm"": ""14276.0"", ""address"": ""התקווה 1"", ""city"": ""אשקלון"", ""neighborhood"": ""גולדה"", ""rooms"": ""5.0"", ""area"": ""145.0"", ""property_type"": ""דירה בבית קומות"", ""gush"": ""2843"", ""helka"": ""44"", ""tat_helka"": ""6"", ""asset_id"": ""11340050490"", ""latitude"": ""31.6491533958462"", ""longitude"": ""34.555343723058236"", ""scraped_at"": ""2026-09-04T18:19:04.710Z""}"
unknown,C:\Users\AVIV\gaba\gabay_pricing_core\qa_output_ashkelon\sold_primary_usable.json,207,large_area_140_195,,2022-12-28,אשקלון,גולדה,התקווה 1,,5.0,145.0,,1.0,,דירה בבית קומות,,,13103.0,,,,"{""source_index"": ""103"", ""deal_date"": ""2022-12-28"", ""deal_amount"": ""1900000.0"", ""price_per_sqm"": ""13103.0"", ""address"": ""התקווה 1"", ""city"": ""אשקלון"", ""neighborhood"": ""גולדה"", ""rooms"": ""5.0"", ""floor"": ""1"", ""area"": ""145.0"", ""property_type"": ""דירה בבית קומות"", ""gush"": ""2843"", ""helka"": ""44"", ""tat_helka"": ""4"", ""asset_id"": ""11070108720"", ""latitude"": ""31.6491533958462"", ""longitude"": ""34.555343723058236"", ""scraped_at"": ""2026-09-04T18:19:04.710Z""}"
unknown,C:\Users\AVIV\gaba\gabay_pricing_core\qa_output_ashkelon\sold_primary_usable.json,209,large_area_140_195,,2022-12-12,אשקלון,גולדה,התקווה 3,,5.0,164.0,,1.0,,קוטג' דו משפחתי,,,10061.0,,,,"{""source_index"": ""104"", ""deal_date"": ""2022-12-12"", ""deal_amount"": ""1650000.0"", ""price_per_sqm"": ""10061.0"", ""address"": ""התקווה 3"", ""city"": ""אשקלון"", ""neighborhood"": ""גולדה"", ""rooms"": ""5.0"", ""floor"": ""1"", ""area"": ""164.0"", ""property_type"": ""קוטג' דו משפחתי"", ""gush"": ""2843"", ""helka"": ""39"", ""tat_helka"": ""3"", ""asset_id"": ""11070826650"", ""latitude"": ""31.64845093029257"", ""longitude"": ""34.555785329784264"", ""scraped_at"": ""2026-09-04T18:19:04.710Z""}"
unknown,C:\Users\AVIV\gaba\gabay_pricing_core\qa_output_ashkelon\sold_primary_usable.json,215,special_property_type,garden,2026-04-20,אשקלון,האגמים,עמק חפר 77,,4.0,105.0,,0.0,,דירת גן,,,22857.0,,,,"{""source_index"": ""107"", ""deal_date"": ""2026-04-20"", ""deal_amount"": ""2400000.0"", ""price_per_sqm"": ""22857.0"", ""address"": ""עמק חפר 77"", ""city"": ""אשקלון"", ""neighborhood"": ""האגמים"", ""rooms"": ""4.0"", ""floor"": ""0"", ""area"": ""105.0"", ""property_type"": ""דירת גן"", ""gush"": ""2884"", ""helka"": ""12"", ""tat_helka"": ""33"", ""asset_id"": ""11349159570"", ""latitude"": ""31.646376878134234"", ""longitude"": ""34.56919336410422"", ""scraped_at"": ""2026-09-04T18:19:04.712Z""}"
unknown,C:\Users\AVIV\gaba\gabay_pricing_core\qa_output_ashkelon\sold_primary_usable.json,221,special_property_type,garden,2026-02-10,אשקלון,האגמים,עמק חפר 11,,4.0,88.0,,0.0,,דירת גן,,,25000.0,,,,"{""source_index"": ""110"", ""deal_date"": ""2026-02-10"", ""deal_amount"": ""2200000.0"", ""price_per_sqm"": ""25000.0"", ""address"": ""עמק חפר 11"", ""city"": ""אשקלון"", ""neighborhood"": ""האגמים"", ""rooms"": ""4.0"", ""floor"": ""0"", ""area"": ""88.0"", ""property_type"": ""דירת גן"", ""gush"": ""2882"", ""helka"": ""9"", ""tat_helka"": ""21"", ""asset_id"": ""11344236030"", ""latitude"": ""31.64667239461572"", ""longitude"": ""34.560254109325975"", ""scraped_at"": ""2026-09-04T18:19:04.713Z""}"
unknown,C:\Users\AVIV\gaba\gabay_pricing_core\qa_output_ashkelon\sold_primary_usable.json,223,special_property_type,garden,2026-02-03,אשקלון,האגמים,עמק חפר 9,,4.0,89.0,,0.0,,דירת גן,,,23034.0,,,,"{""source_index"": ""111"", ""deal_date"": ""2026-02-03"", ""deal_amount"": ""2050000.0"", ""price_per_sqm"": ""23034.0"", ""address"": ""עמק חפר 9"", ""city"": ""אשקלון"", ""neighborhood"": ""האגמים"", ""rooms"": ""4.0"", ""floor"": ""0"", ""area"": ""89.0"", ""property_type"": ""דירת גן"", ""gush"": ""2882"", ""helka"": ""9"", ""tat_helka"": ""31"", ""asset_id"": ""11343357720"", ""latitude"": ""31.64653428008991"", ""longitude"": ""34.56007902803918"", ""scraped_at"": ""2026-09-04T18:19:04.713Z""}"
unknown,C:\Users\AVIV\gaba\gabay_pricing_core\qa_output_ashkelon\sold_primary_usable.json,227,large_area_140_195,,2026-01-19,אשקלון,האגמים,עמק חפר 33,,5.0,162.0,,5.0,,דירה בבית קומות,,,18704.0,,,,"{""source_index"": ""113"", ""deal_date"": ""2026-01-19"", ""deal_amount"": ""3030000.0"", ""price_per_sqm"": ""18704.0"", ""address"": ""עמק חפר 33"", ""city"": ""אשקלון"", ""neighborhood"": ""האגמים"", ""rooms"": ""5.0"", ""floor"": ""5"", ""area"": ""162.0"", ""property_type"": ""דירה בבית קומות"", ""gush"": ""2883"", ""helka"": ""15"", ""tat_helka"": ""38"", ""asset_id"": ""11341802070"", ""latitude"": ""31.64809397574784"", ""longitude"": ""34.56407133896185"", ""scraped_at"": ""2026-09-04T18:19:04.713Z""}"
unknown,C:\Users\AVIV\gaba\gabay_pricing_core\qa_output_ashkelon\sold_primary_usable.json,251,special_property_type,garden,2026-03-18,אשקלון,האגמים,נחל תנינים 6,,4.0,100.0,,0.0,,דירת גן,,,22340.0,,,,"{""source_index"": ""125"", ""deal_date"": ""2026-03-18"", ""deal_amount"": ""2234000.0"", ""price_per_sqm"": ""22340.0"", ""address"": ""נחל תנינים 6"", ""city"": ""אשקלון"", ""neighborhood"": ""האגמים"", ""rooms"": ""4.0"", ""floor"": ""0"", ""area"": ""100.0"", ""property_type"": ""דירת גן"", ""gush"": ""2882"", ""helka"": ""12"", ""tat_helka"": ""31"", ""asset_id"": ""11347636860"", ""latitude"": ""31.645545576732587"", ""longitude"": ""34.560036213538396"", ""scraped_at"": ""2026-09-04T18:19:04.718Z""}"
unknown,C:\Users\AVIV\gaba\gabay_pricing_core\qa_output_ashkelon\sold_primary_usable.json,281,special_property_type,garden,2022-05-03,אשקלון,האגמים,נחל תנינים 14,,5.0,120.0,,1.0,,דירת גן,,,22917.0,,,,"{""source_index"": ""140"", ""deal_date"": ""2022-05-03"", ""deal_amount"": ""2750000.0"", ""price_per_sqm"": ""22917.0"", ""address"": ""נחל תנינים 14"", ""city"": ""אשקלון"", ""neighborhood"": ""האגמים"", ""rooms"": ""5.0"", ""floor"": ""1"", ""area"": ""120.0"", ""property_type"": ""דירת גן"", ""gush"": ""2882"", ""helka"": ""13"", ""tat_helka"": ""45"", ""asset_id"": ""10993404870"", ""latitude"": ""31.64544083741309"", ""longitude"": ""34.56148871568723"", ""scraped_at"": ""2026-09-04T18:19:04.718Z""}"
unknown,C:\Users\AVIV\gaba\gabay_pricing_core\qa_output_ashkelon\sold_primary_usable.json,297,special_property_type,garden,2025-06-08,אשקלון,האגמים,עמק חפר 19,,5.0,127.0,,0.0,,דירת גן,,,18898.0,,,,"{""source_index"": ""149"", ""deal_date"": ""2025-06-08"", ""deal_amount"": ""2400000.0"", ""price_per_sqm"": ""18898.0"", ""address"": ""עמק חפר 19"", ""city"": ""אשקלון"", ""neighborhood"": ""האגמים"", ""rooms"": ""5.0"", ""floor"": ""0"", ""area"": ""127.0"", ""property_type"": ""דירת גן"", ""gush"": ""2882"", ""helka"": ""10"", ""tat_helka"": ""12"", ""asset_id"": ""11265720480"", ""latitude"": ""31.64673062205135"", ""longitude"": ""34.56188709728447"", ""scraped_at"": ""2026-09-04T18:19:04.852Z""}"
unknown,C:\Users\AVIV\gaba\gabay_pricing_core\qa_output_ashkelon\sold_primary_usable.json,319,large_area_140_195,,2024-06-13,אשקלון,האגמים,עמק חפר 17,,5.0,182.0,,,,דירה בבית קומות,,,11813.0,,,,"{""source_index"": ""160"", ""deal_date"": ""2024-06-13"", ""deal_amount"": ""2150000.0"", ""price_per_sqm"": ""11813.0"", ""address"": ""עמק חפר 17"", ""city"": ""אשקלון"", ""neighborhood"": ""האגמים"", ""rooms"": ""5.0"", ""floor"": ""רביעית, חמישית"", ""area"": ""182.0"", ""property_type"": ""דירה בבית קומות"", ""gush"": ""2882"", ""helka"": ""10"", ""tat_helka"": ""10"", ""asset_id"": ""11173691250"", ""latitude"": ""31.64673062205135"", ""longitude"": ""34.56188709728447"", ""scraped_at"": ""2026-09-04T18:19:04.921Z""}"
unknown,C:\Users\AVIV\gaba\gabay_pricing_core\qa_output_ashkelon\sold_primary_usable.json,323,large_area_140_195,,2023-01-18,אשקלון,האגמים,עמק חפר 17,,5.0,182.0,,,,דירה בבית קומות,,,12088.0,,,,"{""source_index"": ""162"", ""deal_date"": ""2023-01-18"", ""deal_amount"": ""2200000.0"", ""price_per_sqm"": ""12088.0"", ""address"": ""עמק חפר 17"", ""city"": ""אשקלון"", ""neighborhood"": ""האגמים"", ""rooms"": ""5.0"", ""floor"": ""רביעית, חמישית"", ""area"": ""182.0"", ""property_type"": ""דירה בבית קומות"", ""gush"": ""2882"", ""helka"": ""10"", ""tat_helka"": ""10"", ""asset_id"": ""11071704510"", ""latitude"": ""31.64673062205135"", ""longitude"": ""34.56188709728447"", ""scraped_at"": ""2026-09-04T18:19:04.921Z""}"
unknown,C:\Users\AVIV\gaba\gabay_pricing_core\qa_output_ashkelon\sold_primary_usable.json,397,small_area_45_80,,2026-04-14,אשקלון,גולדה,אליעזר בן יהודה 2,,3.0,69.0,,3.0,,דירה בבית קומות,,,17536.0,,,,"{""source_index"": ""200"", ""deal_date"": ""2026-04-14"", ""deal_amount"": ""1210000.0"", ""price_per_sqm"": ""17536.0"", ""address"": ""אליעזר בן יהודה 2"", ""city"": ""אשקלון"", ""neighborhood"": ""גולדה"", ""rooms"": ""3.0"", ""floor"": ""3"", ""area"": ""69.0"", ""property_type"": ""דירה בבית קומות"", ""gush"": ""2843"", ""helka"": ""27"", ""tat_helka"": ""18"", ""asset_id"": ""11348170020"", ""latitude"": ""31.647430021803288"", ""longitude"": ""34.557686194150115"", ""scraped_at"": ""2026-09-04T18:19:05.114Z""}"
unknown,C:\Users\AVIV\gaba\gabay_pricing_core\qa_output_ashkelon\sold_primary_usable.json,403,small_area_45_80,,2025-12-12,אשקלון,גולדה,אליעזר בן יהודה 2,,3.0,68.0,,0.0,,דירה בבית קומות,,,18456.0,,,,"{""source_index"": ""203"", ""deal_date"": ""2025-12-12"", ""deal_amount"": ""1255000.0"", ""price_per_sqm"": ""18456.0"", ""address"": ""אליעזר בן יהודה 2"", ""city"": ""אשקלון"", ""neighborhood"": ""גולדה"", ""rooms"": ""3.0"", ""floor"": ""0"", ""area"": ""68.0"", ""property_type"": ""דירה בבית קומות"", ""gush"": ""2843"", ""helka"": ""27"", ""tat_helka"": ""58"", ""asset_id"": ""11280697290"", ""latitude"": ""31.647430021803288"", ""longitude"": ""34.557686194150115"", ""scraped_at"": ""2026-09-04T18:19:05.114Z""}"
unknown,C:\Users\AVIV\gaba\gabay_pricing_core\qa_output_ashkelon\sold_primary_usable.json,405,small_area_45_80,,2024-07-08,אשקלון,גולדה,אליעזר בן יהודה 2,,3.0,63.0,,1.0,,דירה בבית קומות,,,21429.0,,,,"{""source_index"": ""204"", ""deal_date"": ""2024-07-08"", ""deal_amount"": ""1350000.0"", ""price_per_sqm"": ""21429.0"", ""address"": ""אליעזר בן יהודה 2"", ""city"": ""אשקלון"", ""neighborhood"": ""גולדה"", ""rooms"": ""3.0"", ""floor"": ""1"", ""area"": ""63.0"", ""property_type"": ""דירה בבית קומות"", ""gush"": ""2843"", ""helka"": ""27"", ""tat_helka"": ""50"", ""asset_id"": ""11174810310"", ""latitude"": ""31.647430021803288"", ""longitude"": ""34.557686194150115"", ""scraped_at"": ""2026-09-04T18:19:05.114Z""}"
unknown,C:\Users\AVIV\gaba\gabay_pricing_core\qa_output_ashkelon\sold_primary_usable.json,409,small_area_45_80 | special_property_type,garden,2023-08-14,אשקלון,גולדה,אליעזר בן יהודה 2,,4.0,80.0,,0.0,,דירת גן,,,18750.0,,,,"{""source_index"": ""206"", ""deal_date"": ""2023-08-14"", ""deal_amount"": ""1500000.0"", ""price_per_sqm"": ""18750.0"", ""address"": ""אליעזר בן יהודה 2"", ""city"": ""אשקלון"", ""neighborhood"": ""גולדה"", ""rooms"": ""4.0"", ""floor"": ""0"", ""area"": ""80.0"", ""property_type"": ""דירת גן"", ""gush"": ""2843"", ""helka"": ""27"", ""tat_helka"": ""9"", ""asset_id"": ""11089170090"", ""latitude"": ""31.647430021803288"", ""longitude"": ""34.557686194150115"", ""scraped_at"": ""2026-09-04T18:19:05.114Z""}"
unknown,C:\Users\AVIV\gaba\gabay_pricing_core\qa_output_ashkelon\sold_primary_usable.json,413,small_area_45_80,,2023-03-01,אשקלון,גולדה,אליעזר בן יהודה 2,,3.0,69.0,,2.0,,דירה בבית קומות,,,17101.0,,,,"{""source_index"": ""208"", ""deal_date"": ""2023-03-01"", ""deal_amount"": ""1180000.0"", ""price_per_sqm"": ""17101.0"", ""address"": ""אליעזר בן יהודה 2"", ""city"": ""אשקלון"", ""neighborhood"": ""גולדה"", ""rooms"": ""3.0"", ""floor"": ""2"", ""area"": ""69.0"", ""property_type"": ""דירה בבית קומות"", ""gush"": ""2843"", ""helka"": ""27"", ""tat_helka"": ""62"", ""asset_id"": ""11076246270"", ""latitude"": ""31.647430021803288"", ""longitude"": ""34.557686194150115"", ""scraped_at"": ""2026-09-04T18:19:05.114Z""}"
unknown,C:\Users\AVIV\gaba\gabay_pricing_core\qa_output_ashkelon\sold_primary_usable.json,419,small_area_45_80,,2022-02-23,אשקלון,גולדה,אליעזר בן יהודה 2,,4.0,79.0,,0.0,,דירה בבית קומות,,,17468.0,,,,"{""source_index"": ""211"", ""deal_date"": ""2022-02-23"", ""deal_amount"": ""1380000.0"", ""price_per_sqm"": ""17468.0"", ""address"": ""אליעזר בן יהודה 2"", ""city"": ""אשקלון"", ""neighborhood"": ""גולדה"", ""rooms"": ""4.0"", ""floor"": ""0"", ""area"": ""79.0"", ""property_type"": ""דירה בבית קומות"", ""gush"": ""2843"", ""helka"": ""27"", ""tat_helka"": ""48"", ""asset_id"": ""10985155560"", ""latitude"": ""31.647430021803288"", ""longitude"": ""34.557686194150115"", ""scraped_at"": ""2026-09-04T18:19:05.114Z""}"
unknown,C:\Users\AVIV\gaba\gabay_pricing_core\qa_output_ashkelon\sold_primary_usable.json,423,large_area_140_195,,2022-04-11,אשקלון,האגמים,עמק חפר 9,,5.0,143.0,,,,דירה בבית קומות,,,14685.0,,,,"{""source_index"": ""213"", ""deal_date"": ""2022-04-11"", ""deal_amount"": ""2100000.0"", ""price_per_sqm"": ""14685.0"", ""address"": ""עמק חפר 9"", ""city"": ""אשקלון"", ""neighborhood"": ""האגמים"", ""rooms"": ""5.0"", ""floor"": ""רביעית, חמישית"", ""area"": ""143.0"", ""property_type"": ""דירה בבית קומות"", ""gush"": ""2882"", ""helka"": ""9"", ""tat_helka"": ""40"", ""asset_id"": ""10991650950"", ""latitude"": ""31.64653428008991"", ""longitude"": ""34.56007902803918"", ""scraped_at"": ""2026-09-04T18:19:05.202Z""}"
unknown,C:\Users\AVIV\gaba\gabay_pricing_core\qa_output_ashkelon\sold_primary_usable.json,433,special_property_type,roof,2022-03-31,אשקלון,האגמים,עמק חפר 61,,5.0,132.0,,5.0,,דירת גג,,,17045.0,,,,"{""source_index"": ""218"", ""deal_date"": ""2022-03-31"", ""deal_amount"": ""2250000.0"", ""price_per_sqm"": ""17045.0"", ""address"": ""עמק חפר 61"", ""city"": ""אשקלון"", ""neighborhood"": ""האגמים"", ""rooms"": ""5.0"", ""floor"": ""5"", ""area"": ""132.0"", ""property_type"": ""דירת גג"", ""gush"": ""2884"", ""helka"": ""13"", ""tat_helka"": ""16"", ""asset_id"": ""10989347760"", ""latitude"": ""31.64743591583388"", ""longitude"": ""34.56811794962512"", ""scraped_at"": ""2026-09-04T18:19:05.203Z""}"
unknown,C:\Users\AVIV\gaba\gabay_pricing_core\qa_output_ashkelon\sold_primary_usable.json,447,large_area_140_195,,2022-01-27,אשקלון,האגמים,עמק חפר 33,,5.0,143.0,,1.0,,דירה בבית קומות,,,11888.0,,,,"{""source_index"": ""225"", ""deal_date"": ""2022-01-27"", ""deal_amount"": ""1700000.0"", ""price_per_sqm"": ""11888.0"", ""address"": ""עמק חפר 33"", ""city"": ""אשקלון"", ""neighborhood"": ""האגמים"", ""rooms"": ""5.0"", ""floor"": ""1"", ""area"": ""143.0"", ""property_type"": ""דירה בבית קומות"", ""gush"": ""2883"", ""helka"": ""15"", ""tat_helka"": ""27"", ""asset_id"": ""10983287520"", ""latitude"": ""31.64809397574784"", ""longitude"": ""34.56407133896185"", ""scraped_at"": ""2026-09-04T18:19:05.203Z""}"
unknown,C:\Users\AVIV\gaba\gabay_pricing_core\qa_output_ashkelon\sold_primary_usable.json,461,special_property_type,garden,2021-10-21,אשקלון,האגמים,עמק חפר 34,,5.0,110.0,,0.0,,דירת גן,,,16182.0,,,,"{""source_index"": ""232"", ""deal_date"": ""2021-10-21"", ""deal_amount"": ""1780000.0"", ""price_per_sqm"": ""16182.0"", ""address"": ""עמק חפר 34"", ""city"": ""אשקלון"", ""neighborhood"": ""האגמים"", ""rooms"": ""5.0"", ""floor"": ""0"", ""area"": ""110.0"", ""property_type"": ""דירת גן"", ""gush"": ""2884"", ""helka"": ""11"", ""tat_helka"": ""51"", ""asset_id"": ""10915864110"", ""latitude"": ""31.64828059256243"", ""longitude"": ""34.56572382699282"", ""scraped_at"": ""2026-09-04T18:19:05.204Z""}"
unknown,C:\Users\AVIV\gaba\gabay_pricing_core\qa_output_ashkelon\sold_primary_usable.json,513,special_property_type,garden,2025-07-23,אשקלון,האגמים,עמק יזרעאל 41,,5.0,117.0,,0.0,,דירת גן,,,23077.0,,,,"{""source_index"": ""294"", ""deal_date"": ""2025-07-23"", ""deal_amount"": ""2700000.0"", ""price_per_sqm"": ""23077.0"", ""address"": ""עמק יזרעאל 41"", ""city"": ""אשקלון"", ""neighborhood"": ""האגמים"", ""rooms"": ""5.0"", ""floor"": ""0"", ""area"": ""117.0"", ""property_type"": ""דירת גן"", ""gush"": ""2885"", ""helka"": ""13"", ""tat_helka"": ""1"", ""asset_id"": ""11269605240"", ""latitude"": ""31.651328454746718"", ""longitude"": ""34.564072423211016"", ""scraped_at"": ""2026-09-04T18:19:05.503Z""}"
unknown,C:\Users\AVIV\gaba\gabay_pricing_core\qa_output_ashkelon\sold_primary_usable.json,545,special_property_type,garden,2024-12-12,אשקלון,האגמים,עמק יזרעאל 31,,4.0,119.0,,0.0,,דירת גן,,,20294.0,,,,"{""source_index"": ""331"", ""deal_date"": ""2024-12-12"", ""deal_amount"": ""2415000.0"", ""price_per_sqm"": ""20294.0"", ""address"": ""עמק יזרעאל 31"", ""city"": ""אשקלון"", ""neighborhood"": ""האגמים"", ""rooms"": ""4.0"", ""floor"": ""0"", ""area"": ""119.0"", ""property_type"": ""דירת גן"", ""gush"": ""2883"", ""helka"": ""26"", ""tat_helka"": ""2"", ""asset_id"": ""11188427580"", ""latitude"": ""31.650695583513254"", ""longitude"": ""34.56290829491409"", ""scraped_at"": ""2026-09-04T18:19:05.618Z""}"
unknown,C:\Users\AVIV\gaba\gabay_pricing_core\qa_output_ashkelon\sold_primary_usable.json,563,large_area_140_195 | special_property_type,roof,2024-07-21,אשקלון,האגמים,עמק יזרעאל 28,,5.0,157.0,,9.0,,דירת גג,,,14459.0,,,,"{""source_index"": ""375"", ""deal_date"": ""2024-07-21"", ""deal_amount"": ""2270000.0"", ""price_per_sqm"": ""14459.0"", ""address"": ""עמק יזרעאל 28"", ""city"": ""אשקלון"", ""neighborhood"": ""האגמים"", ""rooms"": ""5.0"", ""floor"": ""קומה ‎9‏, קומה ‎10‏"", ""area"": ""157.0"", ""property_type"": ""דירת גג"", ""gush"": ""2883"", ""helka"": ""29"", ""tat_helka"": ""36"", ""asset_id"": ""11175848100"", ""latitude"": ""31.64971700796832"", ""longitude"": ""34.56255215512025"", ""scraped_at"": ""2026-09-04T18:19:05.912Z""}"
unknown,C:\Users\AVIV\gaba\gabay_pricing_core\qa_output_ashkelon\sold_review.json,1,large_area_140_195 | special_property_type,roof,2025-10-23,אשקלון,האגמים,עמק חפר 11,,5.0,147.0,,,,דירת גג,,,7517.0,,,,"{""source_index"": ""146"", ""deal_date"": ""2025-10-23"", ""deal_amount"": ""1105000.0"", ""price_per_sqm"": ""7517.0"", ""address"": ""עמק חפר 11"", ""city"": ""אשקלון"", ""neighborhood"": ""האגמים"", ""rooms"": ""5.0"", ""floor"": ""רביעית, חמישית"", ""area"": ""147.0"", ""property_type"": ""דירת גג"", ""gush"": ""2882"", ""helka"": ""9"", ""tat_helka"": ""29"", ""asset_id"": ""11276813610"", ""latitude"": ""31.64667239461572"", ""longitude"": ""34.560254109325975"", ""scraped_at"": ""2026-09-04T18:19:04.852Z""}"
unknown,C:\Users\AVIV\gaba\gabay_pricing_core\qa_output_ashkelon\sold_review.json,3,large_area_140_195,,2024-08-04,אשקלון,האגמים,עמק חפר 9,,5.0,173.0,,,,דירה בבית קומות,,,6358.0,,,,"{""source_index"": ""171"", ""deal_date"": ""2024-08-04"", ""deal_amount"": ""1100000.0"", ""price_per_sqm"": ""6358.0"", ""address"": ""עמק חפר 9"", ""city"": ""אשקלון"", ""neighborhood"": ""האגמים"", ""rooms"": ""5.0"", ""floor"": ""רביעית, חמישית"", ""area"": ""173.0"", ""property_type"": ""דירה בבית קומות"", ""gush"": ""2882"", ""helka"": ""9"", ""tat_helka"": ""39"", ""asset_id"": ""11177303490"", ""latitude"": ""31.64653428008991"", ""longitude"": ""34.56007902803918"", ""scraped_at"": ""2026-09-04T18:19:05.007Z""}"
unknown,C:\Users\AVIV\gaba\gabay_pricing_core\qa_output_ashkelon\sold_review.json,5,small_area_45_80,,2026-07-30,אשקלון,גבעת ציון,עמק יזרעאל 99,,3.0,79.0,,7.0,,,,,19114.0,,,,"{""source_index"": ""237"", ""deal_date"": ""2026-07-30"", ""deal_amount"": ""1510000.0"", ""price_per_sqm"": ""19114.0"", ""address"": ""עמק יזרעאל 99"", ""city"": ""אשקלון"", ""neighborhood"": ""גבעת ציון"", ""rooms"": ""3.0"", ""floor"": ""7"", ""area"": ""79.0"", ""gush"": ""1475"", ""helka"": ""6"", ""tat_helka"": ""68"", ""asset_id"": ""11358945380"", ""latitude"": ""31.649263595171888"", ""longitude"": ""34.57601278906968"", ""scraped_at"": ""2026-09-04T18:19:05.302Z""}"
unknown,C:\Users\AVIV\gaba\gabay_pricing_core\qa_output_ashkelon\sold_review.json,7,small_area_45_80,,2026-07-26,אשקלון,גבעת ציון,עמק יזרעאל 99,,3.0,79.0,,5.0,,,,,18987.0,,,,"{""source_index"": ""238"", ""deal_date"": ""2026-07-26"", ""deal_amount"": ""1500000.0"", ""price_per_sqm"": ""18987.0"", ""address"": ""עמק יזרעאל 99"", ""city"": ""אשקלון"", ""neighborhood"": ""גבעת ציון"", ""rooms"": ""3.0"", ""floor"": ""5"", ""area"": ""79.0"", ""gush"": ""1475"", ""helka"": ""6"", ""tat_helka"": ""53"", ""asset_id"": ""11358945364"", ""latitude"": ""31.649263595171888"", ""longitude"": ""34.57601278906968"", ""scraped_at"": ""2026-09-04T18:19:05.302Z""}"
unknown,C:\Users\AVIV\gaba\gabay_pricing_core\qa_output_ashkelon\sold_review.json,9,small_area_45_80,,2026-07-13,אשקלון,גבעת ציון,עמק יזרעאל 99,,3.0,79.0,,7.0,,,,,19304.0,,,,"{""source_index"": ""242"", ""deal_date"": ""2026-07-13"", ""deal_amount"": ""1525000.0"", ""price_per_sqm"": ""19304.0"", ""address"": ""עמק יזרעאל 99"", ""city"": ""אשקלון"", ""neighborhood"": ""גבעת ציון"", ""rooms"": ""3.0"", ""floor"": ""7"", ""area"": ""79.0"", ""gush"": ""1475"", ""helka"": ""6"", ""tat_helka"": ""29"", ""asset_id"": ""11358945337"", ""latitude"": ""31.649263595171888"", ""longitude"": ""34.57601278906968"", ""scraped_at"": ""2026-09-04T18:19:05.406Z""}"
unknown,C:\Users\AVIV\gaba\gabay_pricing_core\qa_output_ashkelon\sold_review.json,17,small_area_45_80,,2026-06-01,אשקלון,גבעת ציון,עמק יזרעאל 99,,3.0,79.0,,6.0,,,,,19241.0,,,,"{""source_index"": ""248"", ""deal_date"": ""2026-06-01"", ""deal_amount"": ""1520000.0"", ""price_per_sqm"": ""19241.0"", ""address"": ""עמק יזרעאל 99"", ""city"": ""אשקלון"", ""neighborhood"": ""גבעת ציון"", ""rooms"": ""3.0"", ""floor"": ""6"", ""area"": ""79.0"", ""gush"": ""1475"", ""helka"": ""6"", ""tat_helka"": ""1"", ""asset_id"": ""11358945316"", ""latitude"": ""31.649263595171888"", ""longitude"": ""34.57601278906968"", ""scraped_at"": ""2026-09-04T18:19:05.406Z""}"
unknown,C:\Users\AVIV\gaba\gabay_pricing_core\qa_output_ashkelon\sold_review.json,19,large_area_140_195,,2026-05-13,אשקלון,גבעת ציון,עמק יזרעאל 99,,5.0,152.0,,8.0,,,,,18241.0,,,,"{""source_index"": ""249"", ""deal_date"": ""2026-05-13"", ""deal_amount"": ""2772693.0"", ""price_per_sqm"": ""18241.0"", ""address"": ""עמק יזרעאל 99"", ""city"": ""אשקלון"", ""neighborhood"": ""גבעת ציון"", ""rooms"": ""5.0"", ""floor"": ""8"", ""area"": ""152.0"", ""gush"": ""1475"", ""helka"": ""6"", ""tat_helka"": ""28"", ""asset_id"": ""11358945336"", ""latitude"": ""31.649263595171888"", ""longitude"": ""34.57601278906968"", ""scraped_at"": ""2026-09-04T18:19:05.406Z""}"
unknown,C:\Users\AVIV\gaba\gabay_pricing_core\qa_output_ashkelon\sold_review.json,23,large_area_140_195,,2026-05-04,אשקלון,גבעת ציון,עמק יזרעאל 99,,5.0,152.0,,8.0,,,,,18092.0,,,,"{""source_index"": ""251"", ""deal_date"": ""2026-05-04"", ""deal_amount"": ""2750000.0"", ""price_per_sqm"": ""18092.0"", ""address"": ""עמק יזרעאל 99"", ""city"": ""אשקלון"", ""neighborhood"": ""גבעת ציון"", ""rooms"": ""5.0"", ""floor"": ""8"", ""area"": ""152.0"", ""gush"": ""1475"", ""helka"": ""6"", ""tat_helka"": ""11"", ""asset_id"": ""11358945318"", ""latitude"": ""31.649263595171888"", ""longitude"": ""34.57601278906968"", ""scraped_at"": ""2026-09-04T18:19:05.406Z""}"
unknown,C:\Users\AVIV\gaba\gabay_pricing_core\qa_output_ashkelon\sold_review.json,31,large_area_140_195,,2026-03-07,אשקלון,גבעת ציון,עמק יזרעאל 99,,5.0,158.0,,8.0,,,,,17405.0,,,,"{""source_index"": ""258"", ""deal_date"": ""2026-03-07"", ""deal_amount"": ""2750000.0"", ""price_per_sqm"": ""17405.0"", ""address"": ""עמק יזרעאל 99"", ""city"": ""אשקלון"", ""neighborhood"": ""גבעת ציון"", ""rooms"": ""5.0"", ""floor"": ""8"", ""area"": ""158.0"", ""gush"": ""1475"", ""helka"": ""6"", ""tat_helka"": ""20"", ""asset_id"": ""11358945328"", ""latitude"": ""31.649263595171888"", ""longitude"": ""34.57601278906968"", ""scraped_at"": ""2026-09-04T18:19:05.407Z""}"
unknown,C:\Users\AVIV\gaba\gabay_pricing_core\qa_output_ashkelon\sold_review.json,45,small_area_45_80,,2026-01-19,אשקלון,גבעת ציון,עמק יזרעאל 99,,3.0,79.0,,6.0,,,,,19620.0,,,,"{""source_index"": ""269"", ""deal_date"": ""2026-01-19"", ""deal_amount"": ""1550000.0"", ""price_per_sqm"": ""19620.0"", ""address"": ""עמק יזרעאל 99"", ""city"": ""אשקלון"", ""neighborhood"": ""גבעת ציון"", ""rooms"": ""3.0"", ""floor"": ""6"", ""area"": ""79.0"", ""gush"": ""1475"", ""helka"": ""6"", ""tat_helka"": ""40"", ""asset_id"": ""11358945350"", ""latitude"": ""31.649263595171888"", ""longitude"": ""34.57601278906968"", ""scraped_at"": ""2026-09-04T18:19:05.407Z""}"
unknown,C:\Users\AVIV\gaba\gabay_pricing_core\qa_output_ashkelon\sold_review.json,83,large_area_140_195,,2025-07-14,אשקלון,גבעת ציון,עמק יזרעאל 99,,5.0,158.0,,8.0,,,,,18099.0,,,,"{""source_index"": ""299"", ""deal_date"": ""2025-07-14"", ""deal_amount"": ""2859676.0"", ""price_per_sqm"": ""18099.0"", ""address"": ""עמק יזרעאל 99"", ""city"": ""אשקלון"", ""neighborhood"": ""גבעת ציון"", ""rooms"": ""5.0"", ""floor"": ""8"", ""area"": ""158.0"", ""gush"": ""1475"", ""helka"": ""6"", ""tat_helka"": ""32"", ""asset_id"": ""11358945341"", ""latitude"": ""31.649263595171888"", ""longitude"": ""34.57601278906968"", ""scraped_at"": ""2026-09-04T18:19:05.503Z""}"
unknown,C:\Users\AVIV\gaba\gabay_pricing_core\qa_output_ashkelon\sold_review.json,85,small_area_45_80,,2025-07-02,אשקלון,גבעת ציון,עמק יזרעאל 99,,3.0,79.0,,4.0,,,,,20127.0,,,,"{""source_index"": ""301"", ""deal_date"": ""2025-07-02"", ""deal_amount"": ""1590000.0"", ""price_per_sqm"": ""20127.0"", ""address"": ""עמק יזרעאל 99"", ""city"": ""אשקלון"", ""neighborhood"": ""גבעת ציון"", ""rooms"": ""3.0"", ""floor"": ""4"", ""area"": ""79.0"", ""gush"": ""1475"", ""helka"": ""6"", ""tat_helka"": ""5"", ""asset_id"": ""11358945360"", ""latitude"": ""31.649263595171888"", ""longitude"": ""34.57601278906968"", ""scraped_at"": ""2026-09-04T18:19:05.503Z""}"
unknown,C:\Users\AVIV\gaba\gabay_pricing_core\qa_output_ashkelon\sold_review.json,107,small_area_45_80,,2025-03-15,אשקלון,גבעת ציון,עמק יזרעאל 99,,3.0,79.0,,1.0,,,,,19747.0,,,,"{""source_index"": ""319"", ""deal_date"": ""2025-03-15"", ""deal_amount"": ""1560000.0"", ""price_per_sqm"": ""19747.0"", ""address"": ""עמק יזרעאל 99"", ""city"": ""אשקלון"", ""neighborhood"": ""גבעת ציון"", ""rooms"": ""3.0"", ""floor"": ""1"", ""area"": ""79.0"", ""gush"": ""1475"", ""helka"": ""6"", ""tat_helka"": ""34"", ""asset_id"": ""11358945343"", ""latitude"": ""31.649263595171888"", ""longitude"": ""34.57601278906968"", ""scraped_at"": ""2026-09-04T18:19:05.504Z""}"
unknown,C:\Users\AVIV\gaba\gabay_pricing_core\qa_output_ashkelon\sold_review.json,119,small_area_45_80,,2024-12-11,אשקלון,גבעת ציון,עמק יזרעאל 101,,3.0,79.0,,4.0,,,,,19367.0,,,,"{""source_index"": ""332"", ""deal_date"": ""2024-12-11"", ""deal_amount"": ""1530000.0"", ""price_per_sqm"": ""19367.0"", ""address"": ""עמק יזרעאל 101"", ""city"": ""אשקלון"", ""neighborhood"": ""גבעת ציון"", ""rooms"": ""3.0"", ""floor"": ""4"", ""area"": ""79.0"", ""gush"": ""1475"", ""helka"": ""17"", ""tat_helka"": ""10"", ""asset_id"": ""11358945251"", ""latitude"": ""31.649237267357293"", ""longitude"": ""34.576409422075116"", ""scraped_at"": ""2026-09-04T18:19:05.618Z""}"
unknown,C:\Users\AVIV\gaba\gabay_pricing_core\qa_output_ashkelon\sold_review.json,123,small_area_45_80,,2024-12-08,אשקלון,גבעת ציון,עמק יזרעאל 101,,3.0,79.0,,1.0,,,,,19019.0,,,,"{""source_index"": ""335"", ""deal_date"": ""2024-12-08"", ""deal_amount"": ""1502500.0"", ""price_per_sqm"": ""19019.0"", ""address"": ""עמק יזרעאל 101"", ""city"": ""אשקלון"", ""neighborhood"": ""גבעת ציון"", ""rooms"": ""3.0"", ""floor"": ""1"", ""area"": ""79.0"", ""gush"": ""1475"", ""helka"": ""17"", ""tat_helka"": ""7"", ""asset_id"": ""11358945273"", ""latitude"": ""31.649237267357293"", ""longitude"": ""34.576409422075116"", ""scraped_at"": ""2026-09-04T18:19:05.618Z""}"
unknown,C:\Users\AVIV\gaba\gabay_pricing_core\qa_output_ashkelon\sold_review.json,125,small_area_45_80,,2024-12-04,אשקלון,גבעת ציון,עמק יזרעאל 101,,3.0,79.0,,2.0,,,,,18797.0,,,,"{""source_index"": ""336"", ""deal_date"": ""2024-12-04"", ""deal_amount"": ""1485000.0"", ""price_per_sqm"": ""18797.0"", ""address"": ""עמק יזרעאל 101"", ""city"": ""אשקלון"", ""neighborhood"": ""גבעת ציון"", ""rooms"": ""3.0"", ""floor"": ""2"", ""area"": ""79.0"", ""gush"": ""1475"", ""helka"": ""17"", ""tat_helka"": ""5"", ""asset_id"": ""11358945269"", ""latitude"": ""31.649237267357293"", ""longitude"": ""34.576409422075116"", ""scraped_at"": ""2026-09-04T18:19:05.618Z""}"
unknown,C:\Users\AVIV\gaba\gabay_pricing_core\qa_output_ashkelon\sold_review.json,127,small_area_45_80,,2024-11-30,אשקלון,גבעת ציון,עמק יזרעאל 101,,3.0,79.0,,3.0,,,,,18987.0,,,,"{""source_index"": ""337"", ""deal_date"": ""2024-11-30"", ""deal_amount"": ""1500000.0"", ""price_per_sqm"": ""18987.0"", ""address"": ""עמק יזרעאל 101"", ""city"": ""אשקלון"", ""neighborhood"": ""גבעת ציון"", ""rooms"": ""3.0"", ""floor"": ""3"", ""area"": ""79.0"", ""gush"": ""1475"", ""helka"": ""17"", ""tat_helka"": ""17"", ""asset_id"": ""11358945258"", ""latitude"": ""31.649237267357293"", ""longitude"": ""34.576409422075116"", ""scraped_at"": ""2026-09-04T18:19:05.618Z""}"
unknown,C:\Users\AVIV\gaba\gabay_pricing_core\qa_output_ashkelon\sold_review.json,151,small_area_45_80,,2024-10-29,אשקלון,גבעת ציון,עמק יזרעאל 101,,3.0,80.0,,8.0,,,,,19875.0,,,,"{""source_index"": ""353"", ""deal_date"": ""2024-10-29"", ""deal_amount"": ""1590000.0"", ""price_per_sqm"": ""19875.0"", ""address"": ""עמק יזרעאל 101"", ""city"": ""אשקלון"", ""neighborhood"": ""גבעת ציון"", ""rooms"": ""3.0"", ""floor"": ""8"", ""area"": ""80.0"", ""gush"": ""1475"", ""helka"": ""17"", ""tat_helka"": ""16"", ""asset_id"": ""11358945257"", ""latitude"": ""31.649237267357293"", ""longitude"": ""34.576409422075116"", ""scraped_at"": ""2026-09-04T18:19:05.618Z""}"
unknown,C:\Users\AVIV\gaba\gabay_pricing_core\qa_output_ashkelon\sold_review.json,157,small_area_45_80,,2024-09-30,אשקלון,גבעת ציון,עמק יזרעאל 99,,3.0,80.0,,8.0,,,,,20375.0,,,,"{""source_index"": ""356"", ""deal_date"": ""2024-09-30"", ""deal_amount"": ""1630000.0"", ""price_per_sqm"": ""20375.0"", ""address"": ""עמק יזרעאל 99"", ""city"": ""אשקלון"", ""neighborhood"": ""גבעת ציון"", ""rooms"": ""3.0"", ""floor"": ""8"", ""area"": ""80.0"", ""gush"": ""1475"", ""helka"": ""6"", ""tat_helka"": ""72"", ""asset_id"": ""11358945385"", ""latitude"": ""31.649263595171888"", ""longitude"": ""34.57601278906968"", ""scraped_at"": ""2026-09-04T18:19:05.618Z""}"
unknown,C:\Users\AVIV\gaba\gabay_pricing_core\qa_output_ashkelon\sold_review.json,169,small_area_45_80,,2024-09-28,אשקלון,גבעת ציון,עמק יזרעאל 99,,3.0,79.0,,2.0,,,,,19114.0,,,,"{""source_index"": ""362"", ""deal_date"": ""2024-09-28"", ""deal_amount"": ""1510000.0"", ""price_per_sqm"": ""19114.0"", ""address"": ""עמק יזרעאל 99"", ""city"": ""אשקלון"", ""neighborhood"": ""גבעת ציון"", ""rooms"": ""3.0"", ""floor"": ""2"", ""area"": ""79.0"", ""gush"": ""1475"", ""helka"": ""6"", ""tat_helka"": ""59"", ""asset_id"": ""11358945370"", ""latitude"": ""31.649263595171888"", ""longitude"": ""34.57601278906968"", ""scraped_at"": ""2026-09-04T18:19:05.911Z""}"
unknown,C:\Users\AVIV\gaba\gabay_pricing_core\qa_output_ashkelon\sold_review.json,177,small_area_45_80,,2024-09-22,אשקלון,גבעת ציון,עמק יזרעאל 99,,3.0,79.0,,5.0,,,,,19937.0,,,,"{""source_index"": ""367"", ""deal_date"": ""2024-09-22"", ""deal_amount"": ""1575000.0"", ""price_per_sqm"": ""19937.0"", ""address"": ""עמק יזרעאל 99"", ""city"": ""אשקלון"", ""neighborhood"": ""גבעת ציון"", ""rooms"": ""3.0"", ""floor"": ""5"", ""area"": ""79.0"", ""gush"": ""1475"", ""helka"": ""6"", ""tat_helka"": ""45"", ""asset_id"": ""11358945355"", ""latitude"": ""31.649263595171888"", ""longitude"": ""34.57601278906968"", ""scraped_at"": ""2026-09-04T18:19:05.911Z""}"
unknown,C:\Users\AVIV\gaba\gabay_pricing_core\qa_output_ashkelon\sold_review.json,181,small_area_45_80,,2024-09-18,אשקלון,גבעת ציון,עמק יזרעאל 99,,3.0,79.0,,3.0,,,,,19367.0,,,,"{""source_index"": ""369"", ""deal_date"": ""2024-09-18"", ""deal_amount"": ""1530000.0"", ""price_per_sqm"": ""19367.0"", ""address"": ""עמק יזרעאל 99"", ""city"": ""אשקלון"", ""neighborhood"": ""גבעת ציון"", ""rooms"": ""3.0"", ""floor"": ""3"", ""area"": ""79.0"", ""gush"": ""1475"", ""helka"": ""6"", ""tat_helka"": ""39"", ""asset_id"": ""11358945348"", ""latitude"": ""31.649263595171888"", ""longitude"": ""34.57601278906968"", ""scraped_at"": ""2026-09-04T18:19:05.911Z""}"
