match_type,special_type,address_special,address_normal,parcel_key,date_special,date_normal,date_difference_days,rooms_special,rooms_normal,area_special,area_normal,area_difference_pct,floor_special,floor_normal,price_special,price_normal,price_delta,price_delta_pct,ppm_special,ppm_normal,ppm_delta,ppm_delta_pct,source_special,source_normal,source_id_special,source_id_normal
same_address,garden,עין עברונה 9,עין עברונה 9,2882-5,2023-06-01,2024-07-11,406,4.0,5.0,101.0,146.0,0.3082191780821918,0.0,,1950000.0,2145000.0,-195000.0,-0.09090909090909091,19307.0,14692.0,4615.0,0.3141165260005445,C:\Users\AVIV\gaba\gabay_pricing_core\qa_output_ashkelon\sold_primary_usable.json,C:\Users\AVIV\gaba\gabay_pricing_core\qa_output_ashkelon\sold_primary_usable.json,11083544280,11175019650
same_parcel,garden,עמק חפר 19,עמק חפר 17,2882-10,2025-06-08,2024-06-13,360,5.0,5.0,127.0,182.0,0.3021978021978022,0.0,,2400000.0,2150000.0,250000.0,0.11627906976744186,18898.0,11813.0,7085.0,0.599762972995852,C:\Users\AVIV\gaba\gabay_pricing_core\qa_output_ashkelon\sold_primary_usable.json,C:\Users\AVIV\gaba\gabay_pricing_core\qa_output_ashkelon\sold_primary_usable.json,11265720480,11173691250
same_parcel,garden,עמק חפר 19,עמק חפר 17,2882-10,2025-06-08,2023-01-18,872,5.0,5.0,127.0,182.0,0.3021978021978022,0.0,,2400000.0,2200000.0,200000.0,0.09090909090909091,18898.0,12088.0,6810.0,0.563368630046327,C:\Users\AVIV\gaba\gabay_pricing_core\qa_output_ashkelon\sold_primary_usable.json,C:\Users\AVIV\gaba\gabay_pricing_core\qa_output_ashkelon\sold_primary_usable.json,11265720480,11071704510
same_address,garden,אליעזר בן יהודה 2,אליעזר בן יהודה 2,2843-27,2023-08-14,2026-04-14,974,4.0,3.0,80.0,69.0,0.15942028985507245,0.0,3.0,1500000.0,1210000.0,290000.0,0.2396694214876033,18750.0,17536.0,1214.0,0.06922901459854014,C:\Users\AVIV\gaba\gabay_pricing_core\qa_output_ashkelon\sold_primary_usable.json,C:\Users\AVIV\gaba\gabay_pricing_core\qa_output_ashkelon\sold_primary_usable.json,11089170090,11348170020
same_address,garden,אליעזר בן יהודה 2,אליעזר בן יהודה 2,2843-27,2023-08-14,2025-12-12,851,4.0,3.0,80.0,68.0,0.17647058823529413,0.0,0.0,1500000.0,1255000.0,245000.0,0.1952191235059761,18750.0,18456.0,294.0,0.015929778933680104,C:\Users\AVIV\gaba\gabay_pricing_core\qa_output_ashkelon\sold_primary_usable.json,C:\Users\AVIV\gaba\gabay_pricing_core\qa_output_ashkelon\sold_primary_usable.json,11089170090,11280697290
same_address,garden,אליעזר בן יהודה 2,אליעזר בן יהודה 2,2843-27,2023-08-14,2024-07-08,329,4.0,3.0,80.0,63.0,0.2698412698412698,0.0,1.0,1500000.0,1350000.0,150000.0,0.1111111111111111,18750.0,21429.0,-2679.0,-0.125017499650007,C:\Users\AVIV\gaba\gabay_pricing_core\qa_output_ashkelon\sold_primary_usable.json,C:\Users\AVIV\gaba\gabay_pricing_core\qa_output_ashkelon\sold_primary_usable.json,11089170090,11174810310
same_address,garden,אליעזר בן יהודה 2,אליעזר בן יהודה 2,2843-27,2023-08-14,2023-03-01,166,4.0,3.0,80.0,69.0,0.15942028985507245,0.0,2.0,1500000.0,1180000.0,320000.0,0.2711864406779661,18750.0,17101.0,1649.0,0.09642710952575873,C:\Users\AVIV\gaba\gabay_pricing_core\qa_output_ashkelon\sold_primary_usable.json,C:\Users\AVIV\gaba\gabay_pricing_core\qa_output_ashkelon\sold_primary_usable.json,11089170090,11076246270
same_address,garden,אליעזר בן יהודה 2,אליעזר בן יהודה 2,2843-27,2023-08-14,2022-02-23,537,4.0,4.0,80.0,79.0,0.012658227848101266,0.0,0.0,1500000.0,1380000.0,120000.0,0.08695652173913043,18750.0,17468.0,1282.0,0.0733913441722006,C:\Users\AVIV\gaba\gabay_pricing_core\qa_output_ashkelon\sold_primary_usable.json,C:\Users\AVIV\gaba\gabay_pricing_core\qa_output_ashkelon\sold_primary_usable.json,11089170090,10985155560
same_address,garden,אליעזר בן יהודה 2,אליעזר בן יהודה 2,2843-27,2023-08-14,2026-04-14,974,4.0,3.0,80.0,68.5,0.1678832116788321,0.0,,1500000.0,,,,18750.0,17794.0,956.0,0.05372597504776891,C:\Users\AVIV\gaba\gabay_pricing_core\qa_output_ashkelon\sold_primary_usable.json,C:\Users\AVIV\gaba\gabay_pricing_core\special_unit_data_audit\sold_candidates.csv,11089170090,
same_address,garden,אליעזר בן יהודה 2,אליעזר בן יהודה 2,2843-27,2023-08-14,2025-12-12,851,4.0,3.0,80.0,68.0,0.17647058823529413,0.0,,1500000.0,,,,18750.0,18456.0,294.0,0.015929778933680104,C:\Users\AVIV\gaba\gabay_pricing_core\qa_output_ashkelon\sold_primary_usable.json,C:\Users\AVIV\gaba\gabay_pricing_core\special_unit_data_audit\sold_candidates.csv,11089170090,
same_address,garden,אליעזר בן יהודה 2,אליעזר בן יהודה 2,2843-27,2023-08-14,2026-04-14,974,4.0,3.0,80.0,68.5,0.1678832116788321,0.0,,1500000.0,1210000.0,290000.0,0.2396694214876033,18750.0,17794.0,956.0,0.05372597504776891,C:\Users\AVIV\gaba\gabay_pricing_core\qa_output_ashkelon\sold_primary_usable.json,C:\Users\AVIV\gaba\gabay_pricing_core\tax_enriched_ashkelon_3room_36m.json,11089170090,11348170020
same_parcel,garden,אבן עזרא 61,נחלה 7,,2026-02-01,2026-07-21,170,3.0,3.0,74.0,80.0,0.075,0.0,9.0,,1680000.0,,,20270.0,21000.0,-730.0,-0.034761904761904765,C:\Users\AVIV\gaba\gabay_pricing_core\special_unit_data_audit\sold_candidates.csv,C:\Users\AVIV\gaba\gabay_pricing_core\comparable_demo_unit17.json,,11356430310
same_parcel,garden,אבן עזרא 61,נחלה 7,,2026-02-01,2026-06-30,149,3.0,3.0,74.0,80.0,0.075,0.0,2.0,,1680000.0,,,20270.0,21000.0,-730.0,-0.034761904761904765,C:\Users\AVIV\gaba\gabay_pricing_core\special_unit_data_audit\sold_candidates.csv,C:\Users\AVIV\gaba\gabay_pricing_core\comparable_demo_unit17.json,,11356029900
same_parcel,garden,אבן עזרא 61,נחלה 7,,2026-02-01,2026-05-06,94,3.0,3.0,74.0,80.0,0.075,0.0,9.0,,1750000.0,,,20270.0,21875.0,-1605.0,-0.07337142857142857,C:\Users\AVIV\gaba\gabay_pricing_core\special_unit_data_audit\sold_candidates.csv,C:\Users\AVIV\gaba\gabay_pricing_core\comparable_demo_unit17.json,,11349838890
same_parcel,garden,אבן עזרא 61,נחלה 7,,2026-02-01,2026-04-29,87,3.0,3.0,74.0,80.0,0.075,0.0,10.0,,1750000.0,,,20270.0,21875.0,-1605.0,-0.07337142857142857,C:\Users\AVIV\gaba\gabay_pricing_core\special_unit_data_audit\sold_candidates.csv,C:\Users\AVIV\gaba\gabay_pricing_core\comparable_demo_unit17.json,,11349281340
same_parcel,garden,אבן עזרא 61,נחלה 7,,2026-02-01,2025-06-08,238,3.0,3.0,74.0,80.0,0.075,0.0,7.0,,1720000.0,,,20270.0,21500.0,-1230.0,-0.0572093023255814,C:\Users\AVIV\gaba\gabay_pricing_core\special_unit_data_audit\sold_candidates.csv,C:\Users\AVIV\gaba\gabay_pricing_core\comparable_demo_unit17.json,,11267742330
same_parcel,garden,אבן עזרא 61,נחלה 7,,2026-02-01,2025-05-04,273,3.0,3.0,74.0,80.0,0.075,0.0,8.0,,1750000.0,,,20270.0,21875.0,-1605.0,-0.07337142857142857,C:\Users\AVIV\gaba\gabay_pricing_core\special_unit_data_audit\sold_candidates.csv,C:\Users\AVIV\gaba\gabay_pricing_core\comparable_demo_unit17.json,,11263160970
same_parcel,garden,אבן עזרא 61,נחלה 7,,2026-02-01,2025-04-24,283,3.0,3.0,74.0,80.0,0.075,0.0,12.0,,1826000.0,,,20270.0,22825.0,-2555.0,-0.11193866374589266,C:\Users\AVIV\gaba\gabay_pricing_core\special_unit_data_audit\sold_candidates.csv,C:\Users\AVIV\gaba\gabay_pricing_core\comparable_demo_unit17.json,,11263118670
same_parcel,garden,אבן עזרא 61,נחלה 7,,2026-02-01,2025-03-25,313,3.0,3.0,74.0,80.0,0.075,0.0,4.0,,1755000.0,,,20270.0,21937.5,-1667.5,-0.07601139601139602,C:\Users\AVIV\gaba\gabay_pricing_core\special_unit_data_audit\sold_candidates.csv,C:\Users\AVIV\gaba\gabay_pricing_core\comparable_demo_unit17.json,,11260093590
same_parcel,garden,אבן עזרא 61,נחלה 7,,2026-02-01,2025-01-23,374,3.0,3.0,74.0,80.0,0.075,0.0,9.0,,1750000.0,,,20270.0,21875.0,-1605.0,-0.07337142857142857,C:\Users\AVIV\gaba\gabay_pricing_core\special_unit_data_audit\sold_candidates.csv,C:\Users\AVIV\gaba\gabay_pricing_core\comparable_demo_unit17.json,,11263142430
same_parcel,garden,אבן עזרא 61,נחלה 7,,2026-02-01,2025-01-09,388,3.0,3.0,74.0,80.0,0.075,0.0,2.0,,1700000.0,,,20270.0,21250.0,-980.0,-0.04611764705882353,C:\Users\AVIV\gaba\gabay_pricing_core\special_unit_data_audit\sold_candidates.csv,C:\Users\AVIV\gaba\gabay_pricing_core\comparable_demo_unit17.json,,11252756430
same_parcel,garden,אבן עזרא 61,נחלה 7,,2026-02-01,2024-12-19,409,3.0,3.0,74.0,80.0,0.075,0.0,7.0,,1760000.0,,,20270.0,22000.0,-1730.0,-0.07863636363636364,C:\Users\AVIV\gaba\gabay_pricing_core\special_unit_data_audit\sold_candidates.csv,C:\Users\AVIV\gaba\gabay_pricing_core\comparable_demo_unit17.json,,11252073240
same_parcel,garden,אבן עזרא 61,נחלה 7,,2026-02-01,2024-11-24,434,3.0,3.0,74.0,80.0,0.075,0.0,4.0,,1745000.0,,,20270.0,21812.5,-1542.5,-0.0707163323782235,C:\Users\AVIV\gaba\gabay_pricing_core\special_unit_data_audit\sold_candidates.csv,C:\Users\AVIV\gaba\gabay_pricing_core\comparable_demo_unit17.json,,11186402940
same_parcel,garden,אבן עזרא 61,נחלה 7,,2026-02-01,2024-11-16,442,3.0,3.0,74.0,80.0,0.075,0.0,8.0,,1740000.0,,,20270.0,21750.0,-1480.0,-0.06804597701149426,C:\Users\AVIV\gaba\gabay_pricing_core\special_unit_data_audit\sold_candidates.csv,C:\Users\AVIV\gaba\gabay_pricing_core\comparable_demo_unit17.json,,11189999610
same_parcel,garden,אבן עזרא 61,נחלה 7,,2026-02-01,2024-09-12,507,3.0,3.0,74.0,80.0,0.075,0.0,11.0,,1740000.0,,,20270.0,21750.0,-1480.0,-0.06804597701149426,C:\Users\AVIV\gaba\gabay_pricing_core\special_unit_data_audit\sold_candidates.csv,C:\Users\AVIV\gaba\gabay_pricing_core\comparable_demo_unit17.json,,11183068260
same_parcel,garden,אבן עזרא 61,נחלה 16,,2026-02-01,2022-01-09,1484,3.0,3.0,74.0,77.0,0.03896103896103896,0.0,3.0,,843000.0,,,20270.0,10948.051948051949,9321.948051948051,0.8514709371293,C:\Users\AVIV\gaba\gabay_pricing_core\special_unit_data_audit\sold_candidates.csv,C:\Users\AVIV\gaba\gabay_pricing_core\comparable_demo_unit17.json,,10980897300
same_parcel,garden,אבן עזרא 61,נחלה 16,,2026-02-01,2021-11-14,1540,3.0,3.0,74.0,77.0,0.03896103896103896,0.0,3.0,,843000.0,,,20270.0,10948.051948051949,9321.948051948051,0.8514709371293,C:\Users\AVIV\gaba\gabay_pricing_core\special_unit_data_audit\sold_candidates.csv,C:\Users\AVIV\gaba\gabay_pricing_core\comparable_demo_unit17.json,,10918265940
same_parcel,garden,אבן עזרא 61,נחלה 16,,2026-02-01,2021-09-14,1601,3.0,3.0,74.0,77.0,0.03896103896103896,0.0,8.0,,846000.0,,,20270.0,10987.012987012988,9282.987012987012,0.8449054373522458,C:\Users\AVIV\gaba\gabay_pricing_core\special_unit_data_audit\sold_candidates.csv,C:\Users\AVIV\gaba\gabay_pricing_core\comparable_demo_unit17.json,,10913306940
same_parcel,garden,אבן עזרא 61,נחלה 16,,2026-02-01,2021-09-12,1603,3.0,3.0,74.0,77.0,0.03896103896103896,0.0,9.0,,838000.0,,,20270.0,10883.116883116883,9386.883116883117,0.8625178997613364,C:\Users\AVIV\gaba\gabay_pricing_core\special_unit_data_audit\sold_candidates.csv,C:\Users\AVIV\gaba\gabay_pricing_core\comparable_demo_unit17.json,,10913197050
same_parcel,garden,אבן עזרא 61,ניר עוז 14,,2026-02-01,2026-08-11,191,3.0,3.0,74.0,77.0,0.03896103896103896,0.0,,,,,,20270.0,11700.0,8570.0,0.7324786324786324,C:\Users\AVIV\gaba\gabay_pricing_core\special_unit_data_audit\sold_candidates.csv,C:\Users\AVIV\gaba\gabay_pricing_core\special_unit_data_audit\sold_candidates.csv,,
same_parcel,garden,אבן עזרא 61,,,2026-02-01,2026-08-09,189,3.0,3.0,74.0,80.0,0.075,0.0,,,,,,20270.0,17750.0,2520.0,0.14197183098591548,C:\Users\AVIV\gaba\gabay_pricing_core\special_unit_data_audit\sold_candidates.csv,C:\Users\AVIV\gaba\gabay_pricing_core\special_unit_data_audit\sold_candidates.csv,,
same_parcel,garden,אבן עזרא 61,גדוד הפורצים 6,,2026-02-01,2026-08-06,186,3.0,3.0,74.0,58.0,0.27586206896551724,0.0,,,,,,20270.0,15517.0,4753.0,0.30630920925436617,C:\Users\AVIV\gaba\gabay_pricing_core\special_unit_data_audit\sold_candidates.csv,C:\Users\AVIV\gaba\gabay_pricing_core\special_unit_data_audit\sold_candidates.csv,,
same_parcel,garden,אבן עזרא 61,"אצ""ל 39",,2026-02-01,2026-08-03,183,3.0,3.0,74.0,76.0,0.02631578947368421,0.0,,,,,,20270.0,18421.0,1849.0,0.10037457249877857,C:\Users\AVIV\gaba\gabay_pricing_core\special_unit_data_audit\sold_candidates.csv,C:\Users\AVIV\gaba\gabay_pricing_core\special_unit_data_audit\sold_candidates.csv,,
same_parcel,garden,אבן עזרא 61,יוספטל 13,,2026-02-01,2026-07-30,179,3.0,3.0,74.0,67.0,0.1044776119402985,0.0,,,,,,20270.0,14179.0,6091.0,0.42957895479229846,C:\Users\AVIV\gaba\gabay_pricing_core\special_unit_data_audit\sold_candidates.csv,C:\Users\AVIV\gaba\gabay_pricing_core\special_unit_data_audit\sold_candidates.csv,,
same_parcel,garden,אבן עזרא 61,שפיה 17,,2026-02-01,2026-07-30,179,3.0,3.0,74.0,75.0,0.013333333333333334,0.0,,,,,,20270.0,20400.0,-130.0,-0.006372549019607843,C:\Users\AVIV\gaba\gabay_pricing_core\special_unit_data_audit\sold_candidates.csv,C:\Users\AVIV\gaba\gabay_pricing_core\special_unit_data_audit\sold_candidates.csv,,
same_parcel,garden,אבן עזרא 61,יהודה הלוי 32,,2026-02-01,2026-07-30,179,3.0,3.0,74.0,68.0,0.08823529411764706,0.0,,,,,,20270.0,17132.0,3138.0,0.1831660051365865,C:\Users\AVIV\gaba\gabay_pricing_core\special_unit_data_audit\sold_candidates.csv,C:\Users\AVIV\gaba\gabay_pricing_core\special_unit_data_audit\sold_candidates.csv,,
same_parcel,garden,אבן עזרא 61,ניר עוז 14,,2026-02-01,2026-07-26,175,3.0,3.0,74.0,78.0,0.05128205128205128,0.0,,,,,,20270.0,11308.0,8962.0,0.7925362575168022,C:\Users\AVIV\gaba\gabay_pricing_core\special_unit_data_audit\sold_candidates.csv,C:\Users\AVIV\gaba\gabay_pricing_core\special_unit_data_audit\sold_candidates.csv,,
same_parcel,garden,אבן עזרא 61,דרך ארץ 12,,2026-02-01,2026-07-23,172,3.0,3.0,74.0,80.0,0.075,0.0,,,,,,20270.0,11254.0,9016.0,0.8011373733783543,C:\Users\AVIV\gaba\gabay_pricing_core\special_unit_data_audit\sold_candidates.csv,C:\Users\AVIV\gaba\gabay_pricing_core\special_unit_data_audit\sold_candidates.csv,,
same_parcel,garden,אבן עזרא 61,דרך ארץ 12,,2026-02-01,2026-07-21,170,3.0,3.0,74.0,80.0,0.075,0.0,,,,,,20270.0,11254.0,9016.0,0.8011373733783543,C:\Users\AVIV\gaba\gabay_pricing_core\special_unit_data_audit\sold_candidates.csv,C:\Users\AVIV\gaba\gabay_pricing_core\special_unit_data_audit\sold_candidates.csv,,
same_parcel,garden,אבן עזרא 61,נחלה 7,,2026-02-01,2026-07-21,170,3.0,3.0,74.0,80.0,0.075,0.0,,,,,,20270.0,21000.0,-730.0,-0.034761904761904765,C:\Users\AVIV\gaba\gabay_pricing_core\special_unit_data_audit\sold_candidates.csv,C:\Users\AVIV\gaba\gabay_pricing_core\special_unit_data_audit\sold_candidates.csv,,
same_parcel,garden,אבן עזרא 61,ניר עוז 14,,2026-02-01,2026-07-20,169,3.0,3.0,74.0,78.0,0.05128205128205128,0.0,,,,,,20270.0,20859.0,-589.0,-0.028237211755117696,C:\Users\AVIV\gaba\gabay_pricing_core\special_unit_data_audit\sold_candidates.csv,C:\Users\AVIV\gaba\gabay_pricing_core\special_unit_data_audit\sold_candidates.csv,,
same_parcel,garden,אבן עזרא 61,,,2026-02-01,2026-07-20,169,3.0,3.0,74.0,76.0,0.02631578947368421,0.0,,,,,,20270.0,11520.0,8750.0,0.7595486111111112,C:\Users\AVIV\gaba\gabay_pricing_core\special_unit_data_audit\sold_candidates.csv,C:\Users\AVIV\gaba\gabay_pricing_core\special_unit_data_audit\sold_candidates.csv,,
same_parcel,garden,אבן עזרא 61,אריה 12,,2026-02-01,2026-07-17,166,3.0,3.0,74.0,73.0,0.0136986301369863,0.0,,,,,,20270.0,14521.0,5749.0,0.3959093726327388,C:\Users\AVIV\gaba\gabay_pricing_core\special_unit_data_audit\sold_candidates.csv,C:\Users\AVIV\gaba\gabay_pricing_core\special_unit_data_audit\sold_candidates.csv,,
same_parcel,garden,אבן עזרא 61,דרך ארץ 12,,2026-02-01,2026-07-16,165,3.0,3.0,74.0,79.0,0.06329113924050633,0.0,,,,,,20270.0,11232.0,9038.0,0.8046652421652422,C:\Users\AVIV\gaba\gabay_pricing_core\special_unit_data_audit\sold_candidates.csv,C:\Users\AVIV\gaba\gabay_pricing_core\special_unit_data_audit\sold_candidates.csv,,
same_parcel,garden,אבן עזרא 61,אריה 16,,2026-02-01,2026-07-16,165,3.0,3.0,74.0,67.0,0.1044776119402985,0.0,,,,,,20270.0,17910.0,2360.0,0.13176996091568957,C:\Users\AVIV\gaba\gabay_pricing_core\special_unit_data_audit\sold_candidates.csv,C:\Users\AVIV\gaba\gabay_pricing_core\special_unit_data_audit\sold_candidates.csv,,
same_parcel,garden,אבן עזרא 61,דרך ארץ 12,,2026-02-01,2026-07-15,164,3.0,3.0,74.0,79.0,0.06329113924050633,0.0,,,,,,20270.0,11212.0,9058.0,0.8078844095611845,C:\Users\AVIV\gaba\gabay_pricing_core\special_unit_data_audit\sold_candidates.csv,C:\Users\AVIV\gaba\gabay_pricing_core\special_unit_data_audit\sold_candidates.csv,,
same_parcel,garden,אבן עזרא 61,דרך ארץ 12,,2026-02-01,2026-07-14,163,3.0,3.0,74.0,79.0,0.06329113924050633,0.0,,,,,,20270.0,11230.0,9040.0,0.804986642920748,C:\Users\AVIV\gaba\gabay_pricing_core\special_unit_data_audit\sold_candidates.csv,C:\Users\AVIV\gaba\gabay_pricing_core\special_unit_data_audit\sold_candidates.csv,,
same_parcel,garden,אבן עזרא 61,שפירא 17,,2026-02-01,2026-07-14,163,3.0,3.0,74.0,68.0,0.08823529411764706,0.0,,,,,,20270.0,15294.0,4976.0,0.3253563488949915,C:\Users\AVIV\gaba\gabay_pricing_core\special_unit_data_audit\sold_candidates.csv,C:\Users\AVIV\gaba\gabay_pricing_core\special_unit_data_audit\sold_candidates.csv,,
same_parcel,garden,אבן עזרא 61,,,2026-02-01,2026-07-14,163,3.0,3.0,74.0,75.0,0.013333333333333334,0.0,,,,,,20270.0,21360.0,-1090.0,-0.05102996254681648,C:\Users\AVIV\gaba\gabay_pricing_core\special_unit_data_audit\sold_candidates.csv,C:\Users\AVIV\gaba\gabay_pricing_core\special_unit_data_audit\sold_candidates.csv,,
same_parcel,garden,אבן עזרא 61,דרך ארץ 12,,2026-02-01,2026-07-13,162,3.0,3.0,74.0,79.0,0.06329113924050633,0.0,,,,,,20270.0,11217.0,9053.0,0.8070785414995096,C:\Users\AVIV\gaba\gabay_pricing_core\special_unit_data_audit\sold_candidates.csv,C:\Users\AVIV\gaba\gabay_pricing_core\special_unit_data_audit\sold_candidates.csv,,
same_parcel,garden,אבן עזרא 61,,,2026-02-01,2026-07-13,162,3.0,3.0,74.0,76.0,0.02631578947368421,0.0,,,,,,20270.0,11462.0,8808.0,0.7684522770895131,C:\Users\AVIV\gaba\gabay_pricing_core\special_unit_data_audit\sold_candidates.csv,C:\Users\AVIV\gaba\gabay_pricing_core\special_unit_data_audit\sold_candidates.csv,,
same_parcel,garden,אבן עזרא 61,דרך ארץ 12,,2026-02-01,2026-07-13,162,3.0,3.0,74.0,80.0,0.075,0.0,,,,,,20270.0,11147.0,9123.0,0.8184264824616488,C:\Users\AVIV\gaba\gabay_pricing_core\special_unit_data_audit\sold_candidates.csv,C:\Users\AVIV\gaba\gabay_pricing_core\special_unit_data_audit\sold_candidates.csv,,
same_parcel,garden,אבן עזרא 61,מודיעין 5,,2026-02-01,2026-07-12,161,3.0,3.0,74.0,63.0,0.1746031746031746,0.0,,,,,,20270.0,28333.0,-8063.0,-0.284579818586101,C:\Users\AVIV\gaba\gabay_pricing_core\special_unit_data_audit\sold_candidates.csv,C:\Users\AVIV\gaba\gabay_pricing_core\special_unit_data_audit\sold_candidates.csv,,
same_parcel,garden,אבן עזרא 61,דרך ארץ 12,,2026-02-01,2026-07-09,158,3.0,3.0,74.0,79.0,0.06329113924050633,0.0,,,,,,20270.0,11241.0,9029.0,0.8032203540610267,C:\Users\AVIV\gaba\gabay_pricing_core\special_unit_data_audit\sold_candidates.csv,C:\Users\AVIV\gaba\gabay_pricing_core\special_unit_data_audit\sold_candidates.csv,,
same_parcel,garden,אבן עזרא 61,עמיעוז 11,,2026-02-01,2026-07-08,157,3.0,3.0,74.0,68.0,0.08823529411764706,0.0,,,,,,20270.0,15294.0,4976.0,0.3253563488949915,C:\Users\AVIV\gaba\gabay_pricing_core\special_unit_data_audit\sold_candidates.csv,C:\Users\AVIV\gaba\gabay_pricing_core\special_unit_data_audit\sold_candidates.csv,,
same_parcel,garden,אבן עזרא 61,ניר עוז 14,,2026-02-01,2026-07-08,157,3.0,3.0,74.0,78.0,0.05128205128205128,0.0,,,,,,20270.0,22564.0,-2294.0,-0.10166637121077823,C:\Users\AVIV\gaba\gabay_pricing_core\special_unit_data_audit\sold_candidates.csv,C:\Users\AVIV\gaba\gabay_pricing_core\special_unit_data_audit\sold_candidates.csv,,
same_parcel,garden,אבן עזרא 61,הרב יוסף שרביט 5,,2026-02-01,2026-07-07,156,3.0,3.0,74.0,79.0,0.06329113924050633,0.0,,,,,,20270.0,20886.0,-616.0,-0.029493440582208177,C:\Users\AVIV\gaba\gabay_pricing_core\special_unit_data_audit\sold_candidates.csv,C:\Users\AVIV\gaba\gabay_pricing_core\special_unit_data_audit\sold_candidates.csv,,
same_parcel,garden,אבן עזרא 61,דרום אפריקה 6,,2026-02-01,2026-07-07,156,3.0,3.0,74.0,80.0,0.075,0.0,,,,,,20270.0,16875.0,3395.0,0.2011851851851852,C:\Users\AVIV\gaba\gabay_pricing_core\special_unit_data_audit\sold_candidates.csv,C:\Users\AVIV\gaba\gabay_pricing_core\special_unit_data_audit\sold_candidates.csv,,
same_parcel,garden,אבן עזרא 61,ניר עוז 14,,2026-02-01,2026-07-07,156,3.0,3.0,74.0,78.0,0.05128205128205128,0.0,,,,,,20270.0,22564.0,-2294.0,-0.10166637121077823,C:\Users\AVIV\gaba\gabay_pricing_core\special_unit_data_audit\sold_candidates.csv,C:\Users\AVIV\gaba\gabay_pricing_core\special_unit_data_audit\sold_candidates.csv,,
same_parcel,garden,אבן עזרא 61,יוספטל 22,,2026-02-01,2026-07-07,156,3.0,3.0,74.0,58.0,0.27586206896551724,0.0,,,,,,20270.0,13793.0,6477.0,0.46958602189516424,C:\Users\AVIV\gaba\gabay_pricing_core\special_unit_data_audit\sold_candidates.csv,C:\Users\AVIV\gaba\gabay_pricing_core\special_unit_data_audit\sold_candidates.csv,,
same_parcel,garden,אבן עזרא 61,הרב יוסף שרביט 7,,2026-02-01,2026-07-07,156,3.0,3.0,74.0,75.0,0.013333333333333334,0.0,,,,,,20270.0,21067.0,-797.0,-0.03783167987848293,C:\Users\AVIV\gaba\gabay_pricing_core\special_unit_data_audit\sold_candidates.csv,C:\Users\AVIV\gaba\gabay_pricing_core\special_unit_data_audit\sold_candidates.csv,,
same_parcel,garden,אבן עזרא 61,הרב יוסף שרביט 5,,2026-02-01,2026-07-06,155,3.0,3.0,74.0,79.0,0.06329113924050633,0.0,,,,,,20270.0,20886.0,-616.0,-0.029493440582208177,C:\Users\AVIV\gaba\gabay_pricing_core\special_unit_data_audit\sold_candidates.csv,C:\Users\AVIV\gaba\gabay_pricing_core\special_unit_data_audit\sold_candidates.csv,,
same_parcel,garden,אבן עזרא 61,,,2026-02-01,2026-07-05,154,3.0,3.0,74.0,77.0,0.03896103896103896,0.0,,,,,,20270.0,11702.0,8568.0,0.732182532900359,C:\Users\AVIV\gaba\gabay_pricing_core\special_unit_data_audit\sold_candidates.csv,C:\Users\AVIV\gaba\gabay_pricing_core\special_unit_data_audit\sold_candidates.csv,,
same_parcel,garden,אבן עזרא 61,הרב יוסף שרביט 5,,2026-02-01,2026-07-02,151,3.0,3.0,74.0,78.0,0.05128205128205128,0.0,,,,,,20270.0,11231.0,9039.0,0.8048259282343514,C:\Users\AVIV\gaba\gabay_pricing_core\special_unit_data_audit\sold_candidates.csv,C:\Users\AVIV\gaba\gabay_pricing_core\special_unit_data_audit\sold_candidates.csv,,
same_parcel,garden,אבן עזרא 61,הרב יוסף שרביט 5,,2026-02-01,2026-07-01,150,3.0,3.0,74.0,79.0,0.06329113924050633,0.0,,,,,,20270.0,20886.0,-616.0,-0.029493440582208177,C:\Users\AVIV\gaba\gabay_pricing_core\special_unit_data_audit\sold_candidates.csv,C:\Users\AVIV\gaba\gabay_pricing_core\special_unit_data_audit\sold_candidates.csv,,
same_parcel,garden,אבן עזרא 61,הרב יוסף שרביט 5,,2026-02-01,2026-07-01,150,3.0,3.0,74.0,78.0,0.05128205128205128,0.0,,,,,,20270.0,11501.0,8769.0,0.7624554386575081,C:\Users\AVIV\gaba\gabay_pricing_core\special_unit_data_audit\sold_candidates.csv,C:\Users\AVIV\gaba\gabay_pricing_core\special_unit_data_audit\sold_candidates.csv,,
same_parcel,garden,אבן עזרא 61,,,2026-02-01,2026-06-30,149,3.0,3.0,74.0,77.0,0.03896103896103896,0.0,,,,,,20270.0,21299.0,-1029.0,-0.04831212732992159,C:\Users\AVIV\gaba\gabay_pricing_core\special_unit_data_audit\sold_candidates.csv,C:\Users\AVIV\gaba\gabay_pricing_core\special_unit_data_audit\sold_candidates.csv,,
same_parcel,garden,אבן עזרא 61,נחלה 7,,2026-02-01,2026-06-30,149,3.0,3.0,74.0,80.0,0.075,0.0,,,,,,20270.0,21000.0,-730.0,-0.034761904761904765,C:\Users\AVIV\gaba\gabay_pricing_core\special_unit_data_audit\sold_candidates.csv,C:\Users\AVIV\gaba\gabay_pricing_core\special_unit_data_audit\sold_candidates.csv,,
same_parcel,garden,אבן עזרא 61,שפירא 74,,2026-02-01,2026-06-30,149,3.0,3.0,74.0,65.45,0.13063407181054235,0.0,,,,,,20270.0,16923.0,3347.0,0.19777817171896236,C:\Users\AVIV\gaba\gabay_pricing_core\special_unit_data_audit\sold_candidates.csv,C:\Users\AVIV\gaba\gabay_pricing_core\special_unit_data_audit\sold_candidates.csv,,
same_parcel,garden,אבן עזרא 61,מגידו 8,,2026-02-01,2026-06-29,148,3.0,3.0,74.0,70.5,0.04964539007092199,0.0,,,,,,20270.0,18857.0,1413.0,0.07493238585140796,C:\Users\AVIV\gaba\gabay_pricing_core\special_unit_data_audit\sold_candidates.csv,C:\Users\AVIV\gaba\gabay_pricing_core\special_unit_data_audit\sold_candidates.csv,,
same_parcel,garden,אבן עזרא 61,ניר עוז 14,,2026-02-01,2026-06-28,147,3.0,3.0,74.0,78.0,0.05128205128205128,0.0,,,,,,20270.0,21603.0,-1333.0,-0.06170439290839235,C:\Users\AVIV\gaba\gabay_pricing_core\special_unit_data_audit\sold_candidates.csv,C:\Users\AVIV\gaba\gabay_pricing_core\special_unit_data_audit\sold_candidates.csv,,
same_parcel,garden,אבן עזרא 61,שירת היין 3,,2026-02-01,2026-06-28,147,3.0,3.0,74.0,80.0,0.075,0.0,,,,,,20270.0,22500.0,-2230.0,-0.09911111111111111,C:\Users\AVIV\gaba\gabay_pricing_core\special_unit_data_audit\sold_candidates.csv,C:\Users\AVIV\gaba\gabay_pricing_core\special_unit_data_audit\sold_candidates.csv,,
same_parcel,garden,אבן עזרא 61,ניר עוז 14,,2026-02-01,2026-06-27,146,3.0,3.0,74.0,78.0,0.05128205128205128,0.0,,,,,,20270.0,21603.0,-1333.0,-0.06170439290839235,C:\Users\AVIV\gaba\gabay_pricing_core\special_unit_data_audit\sold_candidates.csv,C:\Users\AVIV\gaba\gabay_pricing_core\special_unit_data_audit\sold_candidates.csv,,
same_parcel,garden,אבן עזרא 61,הקונכייה 16,,2026-02-01,2026-06-26,145,3.0,3.0,74.0,79.0,0.06329113924050633,0.0,,,,,,20270.0,22595.0,-2325.0,-0.10289887143173268,C:\Users\AVIV\gaba\gabay_pricing_core\special_unit_data_audit\sold_candidates.csv,C:\Users\AVIV\gaba\gabay_pricing_core\special_unit_data_audit\sold_candidates.csv,,
same_parcel,garden,אבן עזרא 61,דרך ארץ 12,,2026-02-01,2026-06-25,144,3.0,3.0,74.0,80.0,0.075,0.0,,,,,,20270.0,11224.0,9046.0,0.8059515324305061,C:\Users\AVIV\gaba\gabay_pricing_core\special_unit_data_audit\sold_candidates.csv,C:\Users\AVIV\gaba\gabay_pricing_core\special_unit_data_audit\sold_candidates.csv,,
same_parcel,garden,אבן עזרא 61,דרך ארץ 12,,2026-02-01,2026-06-25,144,3.0,3.0,74.0,79.0,0.06329113924050633,0.0,,,,,,20270.0,11211.0,9059.0,0.808045669431808,C:\Users\AVIV\gaba\gabay_pricing_core\special_unit_data_audit\sold_candidates.csv,C:\Users\AVIV\gaba\gabay_pricing_core\special_unit_data_audit\sold_candidates.csv,,
same_parcel,garden,אבן עזרא 61,"ש""י עגנון 169",,2026-02-01,2026-06-25,144,3.0,3.0,74.0,68.8,0.07558139534883726,0.0,,,,,,20270.0,15262.0,5008.0,0.32813523784562965,C:\Users\AVIV\gaba\gabay_pricing_core\special_unit_data_audit\sold_candidates.csv,C:\Users\AVIV\gaba\gabay_pricing_core\special_unit_data_audit\sold_candidates.csv,,
same_parcel,garden,אבן עזרא 61,שפיה 17,,2026-02-01,2026-06-25,144,3.0,3.0,74.0,75.0,0.013333333333333334,0.0,,,,,,20270.0,20000.0,270.0,0.0135,C:\Users\AVIV\gaba\gabay_pricing_core\special_unit_data_audit\sold_candidates.csv,C:\Users\AVIV\gaba\gabay_pricing_core\special_unit_data_audit\sold_candidates.csv,,
same_parcel,garden,אבן עזרא 61,שפיה 17,,2026-02-01,2026-06-24,143,3.0,3.0,74.0,75.0,0.013333333333333334,0.0,,,,,,20270.0,20000.0,270.0,0.0135,C:\Users\AVIV\gaba\gabay_pricing_core\special_unit_data_audit\sold_candidates.csv,C:\Users\AVIV\gaba\gabay_pricing_core\special_unit_data_audit\sold_candidates.csv,,
same_parcel,garden,אבן עזרא 61,מגידו 6,,2026-02-01,2026-06-23,142,3.0,3.0,74.0,70.3,0.05263157894736847,0.0,,,,,,20270.0,18571.0,1699.0,0.09148672661676809,C:\Users\AVIV\gaba\gabay_pricing_core\special_unit_data_audit\sold_candidates.csv,C:\Users\AVIV\gaba\gabay_pricing_core\special_unit_data_audit\sold_candidates.csv,,
same_parcel,garden,אבן עזרא 61,,,2026-02-01,2026-06-22,141,3.0,3.0,74.0,77.0,0.03896103896103896,0.0,,,,,,20270.0,11526.0,8744.0,0.758632656602464,C:\Users\AVIV\gaba\gabay_pricing_core\special_unit_data_audit\sold_candidates.csv,C:\Users\AVIV\gaba\gabay_pricing_core\special_unit_data_audit\sold_candidates.csv,,
same_parcel,garden,אבן עזרא 61,,,2026-02-01,2026-06-22,141,3.0,3.0,74.0,76.0,0.02631578947368421,0.0,,,,,,20270.0,11520.0,8750.0,0.7595486111111112,C:\Users\AVIV\gaba\gabay_pricing_core\special_unit_data_audit\sold_candidates.csv,C:\Users\AVIV\gaba\gabay_pricing_core\special_unit_data_audit\sold_candidates.csv,,
same_parcel,garden,אבן עזרא 61,ניר עוז 14,,2026-02-01,2026-06-21,140,3.0,3.0,74.0,78.0,0.05128205128205128,0.0,,,,,,20270.0,11496.0,8774.0,0.7632219902574808,C:\Users\AVIV\gaba\gabay_pricing_core\special_unit_data_audit\sold_candidates.csv,C:\Users\AVIV\gaba\gabay_pricing_core\special_unit_data_audit\sold_candidates.csv,,
same_parcel,garden,אבן עזרא 61,,,2026-02-01,2026-06-21,140,3.0,3.0,74.0,78.0,0.05128205128205128,0.0,,,,,,20270.0,11476.0,8794.0,0.7662948762635065,C:\Users\AVIV\gaba\gabay_pricing_core\special_unit_data_audit\sold_candidates.csv,C:\Users\AVIV\gaba\gabay_pricing_core\special_unit_data_audit\sold_candidates.csv,,
same_parcel,garden,אבן עזרא 61,שפיה 15,,2026-02-01,2026-06-21,140,3.0,3.0,74.0,75.0,0.013333333333333334,0.0,,,,,,20270.0,20000.0,270.0,0.0135,C:\Users\AVIV\gaba\gabay_pricing_core\special_unit_data_audit\sold_candidates.csv,C:\Users\AVIV\gaba\gabay_pricing_core\special_unit_data_audit\sold_candidates.csv,,
same_parcel,garden,אבן עזרא 61,ניר עוז 14,,2026-02-01,2026-06-21,140,3.0,3.0,74.0,79.0,0.06329113924050633,0.0,,,,,,20270.0,11241.0,9029.0,0.8032203540610267,C:\Users\AVIV\gaba\gabay_pricing_core\special_unit_data_audit\sold_candidates.csv,C:\Users\AVIV\gaba\gabay_pricing_core\special_unit_data_audit\sold_candidates.csv,,
same_parcel,garden,אבן עזרא 61,שפיה 15,,2026-02-01,2026-06-20,139,3.0,3.0,74.0,75.0,0.013333333333333334,0.0,,,,,,20270.0,20000.0,270.0,0.0135,C:\Users\AVIV\gaba\gabay_pricing_core\special_unit_data_audit\sold_candidates.csv,C:\Users\AVIV\gaba\gabay_pricing_core\special_unit_data_audit\sold_candidates.csv,,
same_parcel,garden,אבן עזרא 61,ניר עוז 14,,2026-02-01,2026-06-20,139,3.0,3.0,74.0,78.0,0.05128205128205128,0.0,,,,,,20270.0,11391.0,8879.0,0.7794750241418664,C:\Users\AVIV\gaba\gabay_pricing_core\special_unit_data_audit\sold_candidates.csv,C:\Users\AVIV\gaba\gabay_pricing_core\special_unit_data_audit\sold_candidates.csv,,
same_parcel,garden,אבן עזרא 61,ניר עוז 14,,2026-02-01,2026-06-20,139,3.0,3.0,74.0,79.0,0.06329113924050633,0.0,,,,,,20270.0,11457.0,8813.0,0.7692240551627826,C:\Users\AVIV\gaba\gabay_pricing_core\special_unit_data_audit\sold_candidates.csv,C:\Users\AVIV\gaba\gabay_pricing_core\special_unit_data_audit\sold_candidates.csv,,
same_parcel,garden,אבן עזרא 61,הרב יוסף שרביט 5,,2026-02-01,2026-06-18,137,3.0,3.0,74.0,80.0,0.075,0.0,,,,,,20270.0,11300.0,8970.0,0.7938053097345132,C:\Users\AVIV\gaba\gabay_pricing_core\special_unit_data_audit\sold_candidates.csv,C:\Users\AVIV\gaba\gabay_pricing_core\special_unit_data_audit\sold_candidates.csv,,
same_parcel,garden,אבן עזרא 61,,,2026-02-01,2026-06-18,137,3.0,3.0,74.0,77.0,0.03896103896103896,0.0,,,,,,20270.0,11585.0,8685.0,0.7496763055675443,C:\Users\AVIV\gaba\gabay_pricing_core\special_unit_data_audit\sold_candidates.csv,C:\Users\AVIV\gaba\gabay_pricing_core\special_unit_data_audit\sold_candidates.csv,,
same_parcel,garden,אבן עזרא 61,בני עקיבא 1,,2026-02-01,2026-06-17,136,3.0,3.0,74.0,64.15,0.15354637568199522,0.0,,,,,,20270.0,15312.0,4958.0,0.32379832810867293,C:\Users\AVIV\gaba\gabay_pricing_core\special_unit_data_audit\sold_candidates.csv,C:\Users\AVIV\gaba\gabay_pricing_core\special_unit_data_audit\sold_candidates.csv,,
same_parcel,garden,אבן עזרא 61,ניצנים 4,,2026-02-01,2026-06-17,136,3.0,3.0,74.0,70.0,0.05714285714285714,0.0,,,,,,20270.0,12714.0,7556.0,0.5943054900110115,C:\Users\AVIV\gaba\gabay_pricing_core\special_unit_data_audit\sold_candidates.csv,C:\Users\AVIV\gaba\gabay_pricing_core\special_unit_data_audit\sold_candidates.csv,,
same_parcel,garden,אבן עזרא 61,הרב יוסף שרביט 5,,2026-02-01,2026-06-17,136,3.0,3.0,74.0,79.0,0.06329113924050633,0.0,,,,,,20270.0,20633.0,-363.0,-0.01759317598022585,C:\Users\AVIV\gaba\gabay_pricing_core\special_unit_data_audit\sold_candidates.csv,C:\Users\AVIV\gaba\gabay_pricing_core\special_unit_data_audit\sold_candidates.csv,,
same_parcel,garden,אבן עזרא 61,הרב יוסף שרביט 5,,2026-02-01,2026-06-17,136,3.0,3.0,74.0,80.0,0.075,0.0,,,,,,20270.0,11305.0,8965.0,0.7930119416187528,C:\Users\AVIV\gaba\gabay_pricing_core\special_unit_data_audit\sold_candidates.csv,C:\Users\AVIV\gaba\gabay_pricing_core\special_unit_data_audit\sold_candidates.csv,,
same_parcel,garden,אבן עזרא 61,היינן 17,,2026-02-01,2026-06-17,136,3.0,3.0,74.0,80.0,0.075,0.0,,,,,,20270.0,21587.0,-1317.0,-0.061008940566081436,C:\Users\AVIV\gaba\gabay_pricing_core\special_unit_data_audit\sold_candidates.csv,C:\Users\AVIV\gaba\gabay_pricing_core\special_unit_data_audit\sold_candidates.csv,,
same_parcel,garden,אבן עזרא 61,,,2026-02-01,2026-06-16,135,3.0,3.0,74.0,78.0,0.05128205128205128,0.0,,,,,,20270.0,11013.0,9257.0,0.8405520748206665,C:\Users\AVIV\gaba\gabay_pricing_core\special_unit_data_audit\sold_candidates.csv,C:\Users\AVIV\gaba\gabay_pricing_core\special_unit_data_audit\sold_candidates.csv,,
same_parcel,garden,אבן עזרא 61,הרב יוסף שרביט 5,,2026-02-01,2026-06-16,135,3.0,3.0,74.0,79.0,0.06329113924050633,0.0,,,,,,20270.0,20380.0,-110.0,-0.005397448478900883,C:\Users\AVIV\gaba\gabay_pricing_core\special_unit_data_audit\sold_candidates.csv,C:\Users\AVIV\gaba\gabay_pricing_core\special_unit_data_audit\sold_candidates.csv,,
same_parcel,garden,אבן עזרא 61,הרב יוסף שרביט 5,,2026-02-01,2026-06-15,134,3.0,3.0,74.0,80.0,0.075,0.0,,,,,,20270.0,11525.0,8745.0,0.7587852494577007,C:\Users\AVIV\gaba\gabay_pricing_core\special_unit_data_audit\sold_candidates.csv,C:\Users\AVIV\gaba\gabay_pricing_core\special_unit_data_audit\sold_candidates.csv,,
same_parcel,garden,אבן עזרא 61,הרב יוסף שרביט 5,,2026-02-01,2026-06-15,134,3.0,3.0,74.0,78.0,0.05128205128205128,0.0,,,,,,20270.0,11564.0,8706.0,0.7528536838464199,C:\Users\AVIV\gaba\gabay_pricing_core\special_unit_data_audit\sold_candidates.csv,C:\Users\AVIV\gaba\gabay_pricing_core\special_unit_data_audit\sold_candidates.csv,,
same_parcel,garden,אבן עזרא 61,הנשיא 91,,2026-02-01,2026-06-15,134,3.0,3.0,74.0,64.7,0.14374034003091185,0.0,,,,,,20270.0,17002.0,3268.0,0.19221268086107518,C:\Users\AVIV\gaba\gabay_pricing_core\special_unit_data_audit\sold_candidates.csv,C:\Users\AVIV\gaba\gabay_pricing_core\special_unit_data_audit\sold_candidates.csv,,
same_parcel,garden,אבן עזרא 61,אריאל שרון 26,,2026-02-01,2026-06-14,133,3.0,3.0,74.0,80.0,0.075,0.0,,,,,,20270.0,22875.0,-2605.0,-0.11387978142076503,C:\Users\AVIV\gaba\gabay_pricing_core\special_unit_data_audit\sold_candidates.csv,C:\Users\AVIV\gaba\gabay_pricing_core\special_unit_data_audit\sold_candidates.csv,,
same_parcel,garden,אבן עזרא 61,הרב יוסף שרביט 5,,2026-02-01,2026-06-14,133,3.0,3.0,74.0,80.0,0.075,0.0,,,,,,20270.0,11525.0,8745.0,0.7587852494577007,C:\Users\AVIV\gaba\gabay_pricing_core\special_unit_data_audit\sold_candidates.csv,C:\Users\AVIV\gaba\gabay_pricing_core\special_unit_data_audit\sold_candidates.csv,,
same_parcel,garden,אבן עזרא 61,הרב יוסף שרביט 5,,2026-02-01,2026-06-14,133,3.0,3.0,74.0,78.0,0.05128205128205128,0.0,,,,,,20270.0,11567.0,8703.0,0.7523990663093283,C:\Users\AVIV\gaba\gabay_pricing_core\special_unit_data_audit\sold_candidates.csv,C:\Users\AVIV\gaba\gabay_pricing_core\special_unit_data_audit\sold_candidates.csv,,
same_parcel,garden,אבן עזרא 61,תשרי 17,,2026-02-01,2026-06-10,129,3.0,3.0,74.0,72.0,0.027777777777777776,0.0,,,,,,20270.0,15278.0,4992.0,0.3267443382641707,C:\Users\AVIV\gaba\gabay_pricing_core\special_unit_data_audit\sold_candidates.csv,C:\Users\AVIV\gaba\gabay_pricing_core\special_unit_data_audit\sold_candidates.csv,,
same_parcel,garden,אבן עזרא 61,הרצל 16,,2026-02-01,2026-06-09,128,3.0,3.0,74.0,68.0,0.08823529411764706,0.0,,,,,,20270.0,10662.0,9608.0,0.9011442506096418,C:\Users\AVIV\gaba\gabay_pricing_core\special_unit_data_audit\sold_candidates.csv,C:\Users\AVIV\gaba\gabay_pricing_core\special_unit_data_audit\sold_candidates.csv,,
same_parcel,garden,אבן עזרא 61,,,2026-02-01,2026-06-09,128,3.0,3.0,74.0,77.0,0.03896103896103896,0.0,,,,,,20270.0,21688.0,-1418.0,-0.06538177794171893,C:\Users\AVIV\gaba\gabay_pricing_core\special_unit_data_audit\sold_candidates.csv,C:\Users\AVIV\gaba\gabay_pricing_core\special_unit_data_audit\sold_candidates.csv,,
same_parcel,garden,אבן עזרא 61,הסוכנות היהודית 8,,2026-02-01,2026-06-09,128,3.0,3.0,74.0,71.0,0.04225352112676056,0.0,,,,,,20270.0,14225.0,6045.0,0.4249560632688928,C:\Users\AVIV\gaba\gabay_pricing_core\special_unit_data_audit\sold_candidates.csv,C:\Users\AVIV\gaba\gabay_pricing_core\special_unit_data_audit\sold_candidates.csv,,
same_parcel,garden,אבן עזרא 61,היינן 17,,2026-02-01,2026-06-08,127,3.0,3.0,74.0,80.0,0.075,0.0,,,,,,20270.0,21325.0,-1055.0,-0.04947245017584994,C:\Users\AVIV\gaba\gabay_pricing_core\special_unit_data_audit\sold_candidates.csv,C:\Users\AVIV\gaba\gabay_pricing_core\special_unit_data_audit\sold_candidates.csv,,
same_parcel,garden,אבן עזרא 61,נחל עירון 1,,2026-02-01,2026-06-08,127,3.0,3.0,74.0,71.0,0.04225352112676056,0.0,,,,,,20270.0,20352.0,-82.0,-0.004029088050314465,C:\Users\AVIV\gaba\gabay_pricing_core\special_unit_data_audit\sold_candidates.csv,C:\Users\AVIV\gaba\gabay_pricing_core\special_unit_data_audit\sold_candidates.csv,,
same_parcel,garden,אבן עזרא 61,יהדות בריטניה 12,,2026-02-01,2026-06-07,126,3.0,3.0,74.0,63.3,0.1690363349131122,0.0,,,,,,20270.0,16272.0,3998.0,0.24569813176007865,C:\Users\AVIV\gaba\gabay_pricing_core\special_unit_data_audit\sold_candidates.csv,C:\Users\AVIV\gaba\gabay_pricing_core\special_unit_data_audit\sold_candidates.csv,,
same_parcel,garden,אבן עזרא 61,היינן 17,,2026-02-01,2026-06-07,126,3.0,3.0,74.0,80.0,0.075,0.0,,,,,,20270.0,21337.0,-1067.0,-0.05000703004171158,C:\Users\AVIV\gaba\gabay_pricing_core\special_unit_data_audit\sold_candidates.csv,C:\Users\AVIV\gaba\gabay_pricing_core\special_unit_data_audit\sold_candidates.csv,,
same_parcel,garden,אבן עזרא 61,דרום אפריקה 6,,2026-02-01,2026-06-05,124,3.0,3.0,74.0,76.0,0.02631578947368421,0.0,,,,,,20270.0,14211.0,6059.0,0.42635986207867144,C:\Users\AVIV\gaba\gabay_pricing_core\special_unit_data_audit\sold_candidates.csv,C:\Users\AVIV\gaba\gabay_pricing_core\special_unit_data_audit\sold_candidates.csv,,
same_parcel,garden,אבן עזרא 61,אריה 16,,2026-02-01,2026-06-05,124,3.0,3.0,74.0,76.0,0.02631578947368421,0.0,,,,,,20270.0,13684.0,6586.0,0.48129201987722886,C:\Users\AVIV\gaba\gabay_pricing_core\special_unit_data_audit\sold_candidates.csv,C:\Users\AVIV\gaba\gabay_pricing_core\special_unit_data_audit\sold_candidates.csv,,
same_parcel,garden,אבן עזרא 61,,,2026-02-01,2026-06-04,123,3.0,3.0,74.0,77.0,0.03896103896103896,0.0,,,,,,20270.0,23987.0,-3717.0,-0.15495893609038228,C:\Users\AVIV\gaba\gabay_pricing_core\special_unit_data_audit\sold_candidates.csv,C:\Users\AVIV\gaba\gabay_pricing_core\special_unit_data_audit\sold_candidates.csv,,
same_parcel,garden,אבן עזרא 61,דוריף 31,,2026-02-01,2026-06-03,122,3.0,3.0,74.0,77.0,0.03896103896103896,0.0,,,,,,20270.0,23896.0,-3626.0,-0.15174087713424841,C:\Users\AVIV\gaba\gabay_pricing_core\special_unit_data_audit\sold_candidates.csv,C:\Users\AVIV\gaba\gabay_pricing_core\special_unit_data_audit\sold_candidates.csv,,
same_parcel,garden,אבן עזרא 61,,,2026-02-01,2026-06-03,122,3.0,3.0,74.0,77.0,0.03896103896103896,0.0,,,,,,20270.0,11702.0,8568.0,0.732182532900359,C:\Users\AVIV\gaba\gabay_pricing_core\special_unit_data_audit\sold_candidates.csv,C:\Users\AVIV\gaba\gabay_pricing_core\special_unit_data_audit\sold_candidates.csv,,
same_parcel,garden,אבן עזרא 61,רבי מאיר 6,,2026-02-01,2026-06-03,122,3.0,3.0,74.0,63.2,0.17088607594936703,0.0,,,,,,20270.0,17857.0,2413.0,0.13512908103264826,C:\Users\AVIV\gaba\gabay_pricing_core\special_unit_data_audit\sold_candidates.csv,C:\Users\AVIV\gaba\gabay_pricing_core\special_unit_data_audit\sold_candidates.csv,,
same_parcel,garden,אבן עזרא 61,חזון עובדיה 51,,2026-02-01,2026-06-02,121,3.0,3.0,74.0,79.0,0.06329113924050633,0.0,,,,,,20270.0,19324.0,946.0,0.0489546677706479,C:\Users\AVIV\gaba\gabay_pricing_core\special_unit_data_audit\sold_candidates.csv,C:\Users\AVIV\gaba\gabay_pricing_core\special_unit_data_audit\sold_candidates.csv,,
same_parcel,garden,אבן עזרא 61,איילה 15,,2026-02-01,2026-06-02,121,3.0,3.0,74.0,70.56,0.04875283446712015,0.0,,,,,,20270.0,14314.0,5956.0,0.41609612966326676,C:\Users\AVIV\gaba\gabay_pricing_core\special_unit_data_audit\sold_candidates.csv,C:\Users\AVIV\gaba\gabay_pricing_core\special_unit_data_audit\sold_candidates.csv,,
same_parcel,garden,אבן עזרא 61,הרב יוסף שרביט 7,,2026-02-01,2026-06-01,120,3.0,3.0,74.0,75.0,0.013333333333333334,0.0,,,,,,20270.0,21267.0,-997.0,-0.046880142944467955,C:\Users\AVIV\gaba\gabay_pricing_core\special_unit_data_audit\sold_candidates.csv,C:\Users\AVIV\gaba\gabay_pricing_core\special_unit_data_audit\sold_candidates.csv,,
same_parcel,garden,אבן עזרא 61,גדוד הפורצים 4,,2026-02-01,2026-06-01,120,3.0,3.0,74.0,58.0,0.27586206896551724,0.0,,,,,,20270.0,17241.0,3029.0,0.17568586508903195,C:\Users\AVIV\gaba\gabay_pricing_core\special_unit_data_audit\sold_candidates.csv,C:\Users\AVIV\gaba\gabay_pricing_core\special_unit_data_audit\sold_candidates.csv,,
same_parcel,garden,אבן עזרא 61,עמק יזרעאל 99,,2026-02-01,2026-06-01,120,3.0,3.0,74.0,79.0,0.06329113924050633,0.0,,,,,,20270.0,19241.0,1029.0,0.05347954887999584,C:\Users\AVIV\gaba\gabay_pricing_core\special_unit_data_audit\sold_candidates.csv,C:\Users\AVIV\gaba\gabay_pricing_core\special_unit_data_audit\sold_candidates.csv,,
same_parcel,garden,אבן עזרא 61,הרב יוסף שרביט 7,,2026-02-01,2026-05-31,119,3.0,3.0,74.0,75.0,0.013333333333333334,0.0,,,,,,20270.0,21267.0,-997.0,-0.046880142944467955,C:\Users\AVIV\gaba\gabay_pricing_core\special_unit_data_audit\sold_candidates.csv,C:\Users\AVIV\gaba\gabay_pricing_core\special_unit_data_audit\sold_candidates.csv,,
same_parcel,garden,אבן עזרא 61,בר כוכבא 39,,2026-02-01,2026-05-31,119,3.0,3.0,74.0,69.0,0.07246376811594203,0.0,,,,,,20270.0,17391.0,2879.0,0.1655453970444483,C:\Users\AVIV\gaba\gabay_pricing_core\special_unit_data_audit\sold_candidates.csv,C:\Users\AVIV\gaba\gabay_pricing_core\special_unit_data_audit\sold_candidates.csv,,
same_parcel,garden,אבן עזרא 61,הרב יוסף שרביט 5,,2026-02-01,2026-05-31,119,3.0,3.0,74.0,80.0,0.075,0.0,,,,,,20270.0,11781.0,8489.0,0.7205670146846618,C:\Users\AVIV\gaba\gabay_pricing_core\special_unit_data_audit\sold_candidates.csv,C:\Users\AVIV\gaba\gabay_pricing_core\special_unit_data_audit\sold_candidates.csv,,
same_parcel,garden,אבן עזרא 61,הרב יוסף שרביט 5,,2026-02-01,2026-05-30,118,3.0,3.0,74.0,80.0,0.075,0.0,,,,,,20270.0,11781.0,8489.0,0.7205670146846618,C:\Users\AVIV\gaba\gabay_pricing_core\special_unit_data_audit\sold_candidates.csv,C:\Users\AVIV\gaba\gabay_pricing_core\special_unit_data_audit\sold_candidates.csv,,
same_parcel,garden,אבן עזרא 61,שפיה 17,,2026-02-01,2026-05-29,117,3.0,3.0,74.0,75.0,0.013333333333333334,0.0,,,,,,20270.0,20000.0,270.0,0.0135,C:\Users\AVIV\gaba\gabay_pricing_core\special_unit_data_audit\sold_candidates.csv,C:\Users\AVIV\gaba\gabay_pricing_core\special_unit_data_audit\sold_candidates.csv,,
same_parcel,garden,אבן עזרא 61,ניר עוז 14,,2026-02-01,2026-05-28,116,3.0,3.0,74.0,78.0,0.05128205128205128,0.0,,,,,,20270.0,21038.0,-768.0,-0.03650537123300694,C:\Users\AVIV\gaba\gabay_pricing_core\special_unit_data_audit\sold_candidates.csv,C:\Users\AVIV\gaba\gabay_pricing_core\special_unit_data_audit\sold_candidates.csv,,
same_parcel,garden,אבן עזרא 61,איילה 31,,2026-02-01,2026-05-28,116,3.0,3.0,74.0,78.0,0.05128205128205128,0.0,,,,,,20270.0,13718.0,6552.0,0.47762064440880597,C:\Users\AVIV\gaba\gabay_pricing_core\special_unit_data_audit\sold_candidates.csv,C:\Users\AVIV\gaba\gabay_pricing_core\special_unit_data_audit\sold_candidates.csv,,
same_parcel,garden,אבן עזרא 61,הסנה 7,,2026-02-01,2026-05-28,116,3.0,3.0,74.0,66.7,0.10944527736131929,0.0,,,,,,20270.0,17991.0,2279.0,0.12667444833527874,C:\Users\AVIV\gaba\gabay_pricing_core\special_unit_data_audit\sold_candidates.csv,C:\Users\AVIV\gaba\gabay_pricing_core\special_unit_data_audit\sold_candidates.csv,,
same_parcel,garden,אבן עזרא 61,בר כוכבא 33,,2026-02-01,2026-05-27,115,3.0,3.0,74.0,69.0,0.07246376811594203,0.0,,,,,,20270.0,17391.0,2879.0,0.1655453970444483,C:\Users\AVIV\gaba\gabay_pricing_core\special_unit_data_audit\sold_candidates.csv,C:\Users\AVIV\gaba\gabay_pricing_core\special_unit_data_audit\sold_candidates.csv,,
same_parcel,garden,אבן עזרא 61,ניר עוז 14,,2026-02-01,2026-05-27,115,3.0,3.0,74.0,78.0,0.05128205128205128,0.0,,,,,,20270.0,11421.0,8849.0,0.774800805533666,C:\Users\AVIV\gaba\gabay_pricing_core\special_unit_data_audit\sold_candidates.csv,C:\Users\AVIV\gaba\gabay_pricing_core\special_unit_data_audit\sold_candidates.csv,,
same_parcel,garden,אבן עזרא 61,מונטיפיורי 18,,2026-02-01,2026-05-27,115,3.0,3.0,74.0,59.0,0.2542372881355932,0.0,,,,,,20270.0,18644.0,1626.0,0.08721304441107058,C:\Users\AVIV\gaba\gabay_pricing_core\special_unit_data_audit\sold_candidates.csv,C:\Users\AVIV\gaba\gabay_pricing_core\special_unit_data_audit\sold_candidates.csv,,
same_parcel,garden,אבן עזרא 61,עשרת השבטים 8,,2026-02-01,2026-05-27,115,3.0,3.0,74.0,66.67,0.10994450277486123,0.0,,,,,,20270.0,17121.0,3149.0,0.1839261725366509,C:\Users\AVIV\gaba\gabay_pricing_core\special_unit_data_audit\sold_candidates.csv,C:\Users\AVIV\gaba\gabay_pricing_core\special_unit_data_audit\sold_candidates.csv,,
same_parcel,garden,אבן עזרא 61,הרב יוסף שרביט 5,,2026-02-01,2026-05-26,114,3.0,3.0,74.0,80.0,0.075,0.0,,,,,,20270.0,11584.0,8686.0,0.7498273480662984,C:\Users\AVIV\gaba\gabay_pricing_core\special_unit_data_audit\sold_candidates.csv,C:\Users\AVIV\gaba\gabay_pricing_core\special_unit_data_audit\sold_candidates.csv,,
same_parcel,garden,אבן עזרא 61,שפיה 15,,2026-02-01,2026-05-26,114,3.0,3.0,74.0,75.0,0.013333333333333334,0.0,,,,,,20270.0,20267.0,3.0,0.0001480238811861647,C:\Users\AVIV\gaba\gabay_pricing_core\special_unit_data_audit\sold_candidates.csv,C:\Users\AVIV\gaba\gabay_pricing_core\special_unit_data_audit\sold_candidates.csv,,
same_parcel,garden,אבן עזרא 61,,,2026-02-01,2026-05-26,114,3.0,3.0,74.0,77.0,0.03896103896103896,0.0,,,,,,20270.0,11584.0,8686.0,0.7498273480662984,C:\Users\AVIV\gaba\gabay_pricing_core\special_unit_data_audit\sold_candidates.csv,C:\Users\AVIV\gaba\gabay_pricing_core\special_unit_data_audit\sold_candidates.csv,,
same_parcel,garden,אבן עזרא 61,,,2026-02-01,2026-05-25,113,3.0,3.0,74.0,78.0,0.05128205128205128,0.0,,,,,,20270.0,20513.0,-243.0,-0.01184614634621947,C:\Users\AVIV\gaba\gabay_pricing_core\special_unit_data_audit\sold_candidates.csv,C:\Users\AVIV\gaba\gabay_pricing_core\special_unit_data_audit\sold_candidates.csv,,
same_parcel,garden,אבן עזרא 61,,,2026-02-01,2026-05-25,113,3.0,3.0,74.0,77.0,0.03896103896103896,0.0,,,,,,20270.0,11585.0,8685.0,0.7496763055675443,C:\Users\AVIV\gaba\gabay_pricing_core\special_unit_data_audit\sold_candidates.csv,C:\Users\AVIV\gaba\gabay_pricing_core\special_unit_data_audit\sold_candidates.csv,,
same_parcel,garden,אבן עזרא 61,הרב יוסף שרביט 5,,2026-02-01,2026-05-25,113,3.0,3.0,74.0,80.0,0.075,0.0,,,,,,20270.0,11584.0,8686.0,0.7498273480662984,C:\Users\AVIV\gaba\gabay_pricing_core\special_unit_data_audit\sold_candidates.csv,C:\Users\AVIV\gaba\gabay_pricing_core\special_unit_data_audit\sold_candidates.csv,,
same_parcel,garden,אבן עזרא 61,,,2026-02-01,2026-05-24,112,3.0,3.0,74.0,78.0,0.05128205128205128,0.0,,,,,,20270.0,20513.0,-243.0,-0.01184614634621947,C:\Users\AVIV\gaba\gabay_pricing_core\special_unit_data_audit\sold_candidates.csv,C:\Users\AVIV\gaba\gabay_pricing_core\special_unit_data_audit\sold_candidates.csv,,
same_parcel,garden,אבן עזרא 61,הרב יוסף שרביט 5,,2026-02-01,2026-05-24,112,3.0,3.0,74.0,80.0,0.075,0.0,,,,,,20270.0,11327.0,8943.0,0.789529442923987,C:\Users\AVIV\gaba\gabay_pricing_core\special_unit_data_audit\sold_candidates.csv,C:\Users\AVIV\gaba\gabay_pricing_core\special_unit_data_audit\sold_candidates.csv,,
same_parcel,garden,אבן עזרא 61,הסנה 10,,2026-02-01,2026-05-24,112,3.0,3.0,74.0,66.0,0.12121212121212122,0.0,,,,,,20270.0,19470.0,800.0,0.04108885464817668,C:\Users\AVIV\gaba\gabay_pricing_core\special_unit_data_audit\sold_candidates.csv,C:\Users\AVIV\gaba\gabay_pricing_core\special_unit_data_audit\sold_candidates.csv,,
same_parcel,garden,אבן עזרא 61,,,2026-02-01,2026-05-24,112,3.0,3.0,74.0,76.0,0.02631578947368421,0.0,,,,,,20270.0,11461.0,8809.0,0.7686065788325626,C:\Users\AVIV\gaba\gabay_pricing_core\special_unit_data_audit\sold_candidates.csv,C:\Users\AVIV\gaba\gabay_pricing_core\special_unit_data_audit\sold_candidates.csv,,
same_parcel,garden,אבן עזרא 61,,,2026-02-01,2026-05-23,111,3.0,3.0,74.0,76.0,0.02631578947368421,0.0,,,,,,20270.0,11462.0,8808.0,0.7684522770895131,C:\Users\AVIV\gaba\gabay_pricing_core\special_unit_data_audit\sold_candidates.csv,C:\Users\AVIV\gaba\gabay_pricing_core\special_unit_data_audit\sold_candidates.csv,,
same_parcel,garden,אבן עזרא 61,שפירא 25,,2026-02-01,2026-05-20,108,3.0,3.0,74.0,63.0,0.1746031746031746,0.0,,,,,,20270.0,15238.0,5032.0,0.3302270639191495,C:\Users\AVIV\gaba\gabay_pricing_core\special_unit_data_audit\sold_candidates.csv,C:\Users\AVIV\gaba\gabay_pricing_core\special_unit_data_audit\sold_candidates.csv,,
same_parcel,garden,אבן עזרא 61,,,2026-02-01,2026-05-19,107,3.0,3.0,74.0,77.0,0.03896103896103896,0.0,,,,,,20270.0,11558.0,8712.0,0.7537636269250736,C:\Users\AVIV\gaba\gabay_pricing_core\special_unit_data_audit\sold_candidates.csv,C:\Users\AVIV\gaba\gabay_pricing_core\special_unit_data_audit\sold_candidates.csv,,
same_parcel,garden,אבן עזרא 61,,,2026-02-01,2026-05-19,107,3.0,3.0,74.0,76.0,0.02631578947368421,0.0,,,,,,20270.0,11566.0,8704.0,0.7525505792841086,C:\Users\AVIV\gaba\gabay_pricing_core\special_unit_data_audit\sold_candidates.csv,C:\Users\AVIV\gaba\gabay_pricing_core\special_unit_data_audit\sold_candidates.csv,,
same_parcel,garden,אבן עזרא 61,,,2026-02-01,2026-05-18,106,3.0,3.0,74.0,76.0,0.02631578947368421,0.0,,,,,,20270.0,11578.0,8692.0,0.750734150975989,C:\Users\AVIV\gaba\gabay_pricing_core\special_unit_data_audit\sold_candidates.csv,C:\Users\AVIV\gaba\gabay_pricing_core\special_unit_data_audit\sold_candidates.csv,,
same_parcel,garden,אבן עזרא 61,,,2026-02-01,2026-05-18,106,3.0,3.0,74.0,77.0,0.03896103896103896,0.0,,,,,,20270.0,11568.0,8702.0,0.7522475795297372,C:\Users\AVIV\gaba\gabay_pricing_core\special_unit_data_audit\sold_candidates.csv,C:\Users\AVIV\gaba\gabay_pricing_core\special_unit_data_audit\sold_candidates.csv,,
same_parcel,garden,אבן עזרא 61,,,2026-02-01,2026-05-17,105,3.0,3.0,74.0,77.0,0.03896103896103896,0.0,,,,,,20270.0,11753.0,8517.0,0.7246660427124989,C:\Users\AVIV\gaba\gabay_pricing_core\special_unit_data_audit\sold_candidates.csv,C:\Users\AVIV\gaba\gabay_pricing_core\special_unit_data_audit\sold_candidates.csv,,
same_parcel,garden,אבן עזרא 61,,,2026-02-01,2026-05-16,104,3.0,3.0,74.0,77.0,0.03896103896103896,0.0,,,,,,20270.0,11761.0,8509.0,0.723492900263583,C:\Users\AVIV\gaba\gabay_pricing_core\special_unit_data_audit\sold_candidates.csv,C:\Users\AVIV\gaba\gabay_pricing_core\special_unit_data_audit\sold_candidates.csv,,
same_parcel,garden,אבן עזרא 61,,,2026-02-01,2026-05-16,104,3.0,3.0,74.0,75.0,0.013333333333333334,0.0,,,,,,20270.0,21467.0,-1197.0,-0.05576000372665021,C:\Users\AVIV\gaba\gabay_pricing_core\special_unit_data_audit\sold_candidates.csv,C:\Users\AVIV\gaba\gabay_pricing_core\special_unit_data_audit\sold_candidates.csv,,
same_parcel,garden,אבן עזרא 61,שפירא 3,,2026-02-01,2026-05-14,102,3.0,3.0,74.0,61.0,0.21311475409836064,0.0,,,,,,20270.0,14918.0,5352.0,0.35876122804665506,C:\Users\AVIV\gaba\gabay_pricing_core\special_unit_data_audit\sold_candidates.csv,C:\Users\AVIV\gaba\gabay_pricing_core\special_unit_data_audit\sold_candidates.csv,,
same_parcel,garden,אבן עזרא 61,שפירא 5,,2026-02-01,2026-05-13,101,3.0,3.0,74.0,61.0,0.21311475409836064,0.0,,,,,,20270.0,15574.0,4696.0,0.30152818800565045,C:\Users\AVIV\gaba\gabay_pricing_core\special_unit_data_audit\sold_candidates.csv,C:\Users\AVIV\gaba\gabay_pricing_core\special_unit_data_audit\sold_candidates.csv,,
same_parcel,garden,אבן עזרא 61,,,2026-02-01,2026-05-13,101,3.0,3.0,74.0,76.0,0.02631578947368421,0.0,,,,,,20270.0,11632.0,8638.0,0.7426066024759285,C:\Users\AVIV\gaba\gabay_pricing_core\special_unit_data_audit\sold_candidates.csv,C:\Users\AVIV\gaba\gabay_pricing_core\special_unit_data_audit\sold_candidates.csv,,
same_parcel,garden,אבן עזרא 61,אנה פרנק 17,,2026-02-01,2026-05-13,101,3.0,3.0,74.0,70.6,0.04815864022662898,0.0,,,,,,20270.0,13456.0,6814.0,0.5063912009512486,C:\Users\AVIV\gaba\gabay_pricing_core\special_unit_data_audit\sold_candidates.csv,C:\Users\AVIV\gaba\gabay_pricing_core\special_unit_data_audit\sold_candidates.csv,,
same_parcel,garden,אבן עזרא 61,,,2026-02-01,2026-05-12,100,3.0,3.0,74.0,76.0,0.02631578947368421,0.0,,,,,,20270.0,11637.0,8633.0,0.7418578671478904,C:\Users\AVIV\gaba\gabay_pricing_core\special_unit_data_audit\sold_candidates.csv,C:\Users\AVIV\gaba\gabay_pricing_core\special_unit_data_audit\sold_candidates.csv,,
same_parcel,garden,אבן עזרא 61,"ש""י עגנון 12",,2026-02-01,2026-05-11,99,3.0,3.0,74.0,69.66,0.06230261269020964,0.0,,,,,,20270.0,14068.0,6202.0,0.44085868638043785,C:\Users\AVIV\gaba\gabay_pricing_core\special_unit_data_audit\sold_candidates.csv,C:\Users\AVIV\gaba\gabay_pricing_core\special_unit_data_audit\sold_candidates.csv,,
same_parcel,garden,אבן עזרא 61,הצופים 10,,2026-02-01,2026-05-11,99,3.0,3.0,74.0,63.3,0.1690363349131122,0.0,,,,,,20270.0,16508.0,3762.0,0.22788950811727648,C:\Users\AVIV\gaba\gabay_pricing_core\special_unit_data_audit\sold_candidates.csv,C:\Users\AVIV\gaba\gabay_pricing_core\special_unit_data_audit\sold_candidates.csv,,
same_parcel,garden,אבן עזרא 61,ניר עוז 14,,2026-02-01,2026-05-11,99,3.0,3.0,74.0,78.0,0.05128205128205128,0.0,,,,,,20270.0,10590.0,9680.0,0.9140698772426817,C:\Users\AVIV\gaba\gabay_pricing_core\special_unit_data_audit\sold_candidates.csv,C:\Users\AVIV\gaba\gabay_pricing_core\special_unit_data_audit\sold_candidates.csv,,
same_parcel,garden,אבן עזרא 61,ניר עוז 14,,2026-02-01,2026-05-10,98,3.0,3.0,74.0,78.0,0.05128205128205128,0.0,,,,,,20270.0,10598.0,9672.0,0.9126250235893565,C:\Users\AVIV\gaba\gabay_pricing_core\special_unit_data_audit\sold_candidates.csv,C:\Users\AVIV\gaba\gabay_pricing_core\special_unit_data_audit\sold_candidates.csv,,
same_parcel,garden,אבן עזרא 61,ניר עוז 14,,2026-02-01,2026-05-10,98,3.0,3.0,74.0,78.0,0.05128205128205128,0.0,,,,,,20270.0,11256.0,9014.0,0.800817341862118,C:\Users\AVIV\gaba\gabay_pricing_core\special_unit_data_audit\sold_candidates.csv,C:\Users\AVIV\gaba\gabay_pricing_core\special_unit_data_audit\sold_candidates.csv,,
same_parcel,garden,אבן עזרא 61,ניר עוז 14,,2026-02-01,2026-05-09,97,3.0,3.0,74.0,78.0,0.05128205128205128,0.0,,,,,,20270.0,11264.0,9006.0,0.7995383522727273,C:\Users\AVIV\gaba\gabay_pricing_core\special_unit_data_audit\sold_candidates.csv,C:\Users\AVIV\gaba\gabay_pricing_core\special_unit_data_audit\sold_candidates.csv,,
same_parcel,garden,אבן עזרא 61,ניר עוז 14,,2026-02-01,2026-05-07,95,3.0,3.0,74.0,78.0,0.05128205128205128,0.0,,,,,,20270.0,20641.0,-371.0,-0.01797393537134829,C:\Users\AVIV\gaba\gabay_pricing_core\special_unit_data_audit\sold_candidates.csv,C:\Users\AVIV\gaba\gabay_pricing_core\special_unit_data_audit\sold_candidates.csv,,
same_parcel,garden,אבן עזרא 61,נווה שלום 10,,2026-02-01,2026-05-07,95,3.0,3.0,74.0,75.45,0.01921802518223993,0.0,,,,,,20270.0,14778.0,5492.0,0.3716335092705373,C:\Users\AVIV\gaba\gabay_pricing_core\special_unit_data_audit\sold_candidates.csv,C:\Users\AVIV\gaba\gabay_pricing_core\special_unit_data_audit\sold_candidates.csv,,
same_parcel,garden,אבן עזרא 61,,,2026-02-01,2026-05-07,95,3.0,3.0,74.0,77.0,0.03896103896103896,0.0,,,,,,20270.0,11740.0,8530.0,0.7265758091993185,C:\Users\AVIV\gaba\gabay_pricing_core\special_unit_data_audit\sold_candidates.csv,C:\Users\AVIV\gaba\gabay_pricing_core\special_unit_data_audit\sold_candidates.csv,,
same_parcel,garden,אבן עזרא 61,ניר עוז 14,,2026-02-01,2026-05-07,95,3.0,3.0,74.0,78.0,0.05128205128205128,0.0,,,,,,20270.0,11577.0,8693.0,0.7508853761769024,C:\Users\AVIV\gaba\gabay_pricing_core\special_unit_data_audit\sold_candidates.csv,C:\Users\AVIV\gaba\gabay_pricing_core\special_unit_data_audit\sold_candidates.csv,,
same_parcel,garden,אבן עזרא 61,,,2026-02-01,2026-05-06,94,3.0,3.0,74.0,77.0,0.03896103896103896,0.0,,,,,,20270.0,11803.0,8467.0,0.7173599932220622,C:\Users\AVIV\gaba\gabay_pricing_core\special_unit_data_audit\sold_candidates.csv,C:\Users\AVIV\gaba\gabay_pricing_core\special_unit_data_audit\sold_candidates.csv,,
same_parcel,garden,אבן עזרא 61,,,2026-02-01,2026-05-06,94,3.0,3.0,74.0,77.0,0.03896103896103896,0.0,,,,,,20270.0,11728.0,8542.0,0.7283424283765347,C:\Users\AVIV\gaba\gabay_pricing_core\special_unit_data_audit\sold_candidates.csv,C:\Users\AVIV\gaba\gabay_pricing_core\special_unit_data_audit\sold_candidates.csv,,
same_parcel,garden,אבן עזרא 61,,,2026-02-01,2026-05-06,94,3.0,3.0,74.0,76.0,0.02631578947368421,0.0,,,,,,20270.0,11632.0,8638.0,0.7426066024759285,C:\Users\AVIV\gaba\gabay_pricing_core\special_unit_data_audit\sold_candidates.csv,C:\Users\AVIV\gaba\gabay_pricing_core\special_unit_data_audit\sold_candidates.csv,,
same_parcel,garden,אבן עזרא 61,ניר עוז 14,,2026-02-01,2026-05-06,94,3.0,3.0,74.0,78.0,0.05128205128205128,0.0,,,,,,20270.0,11419.0,8851.0,0.77511165601191,C:\Users\AVIV\gaba\gabay_pricing_core\special_unit_data_audit\sold_candidates.csv,C:\Users\AVIV\gaba\gabay_pricing_core\special_unit_data_audit\sold_candidates.csv,,
same_parcel,garden,אבן עזרא 61,נחלה 7,,2026-02-01,2026-05-06,94,3.0,3.0,74.0,80.0,0.075,0.0,,,,,,20270.0,21875.0,-1605.0,-0.07337142857142857,C:\Users\AVIV\gaba\gabay_pricing_core\special_unit_data_audit\sold_candidates.csv,C:\Users\AVIV\gaba\gabay_pricing_core\special_unit_data_audit\sold_candidates.csv,,
same_parcel,garden,אבן עזרא 61,נחלה 7,,2026-02-01,2026-05-05,93,3.0,3.0,74.0,80.0,0.075,0.0,,,,,,20270.0,21875.0,-1605.0,-0.07337142857142857,C:\Users\AVIV\gaba\gabay_pricing_core\special_unit_data_audit\sold_candidates.csv,C:\Users\AVIV\gaba\gabay_pricing_core\special_unit_data_audit\sold_candidates.csv,,
same_parcel,garden,אבן עזרא 61,"ש""י עגנון 4",,2026-02-01,2026-05-05,93,3.0,3.0,74.0,63.8,0.15987460815047028,0.0,,,,,,20270.0,15556.0,4714.0,0.3030341990228851,C:\Users\AVIV\gaba\gabay_pricing_core\special_unit_data_audit\sold_candidates.csv,C:\Users\AVIV\gaba\gabay_pricing_core\special_unit_data_audit\sold_candidates.csv,,
same_parcel,garden,אבן עזרא 61,,,2026-02-01,2026-05-05,93,3.0,3.0,74.0,76.0,0.02631578947368421,0.0,,,,,,20270.0,11637.0,8633.0,0.7418578671478904,C:\Users\AVIV\gaba\gabay_pricing_core\special_unit_data_audit\sold_candidates.csv,C:\Users\AVIV\gaba\gabay_pricing_core\special_unit_data_audit\sold_candidates.csv,,
same_parcel,garden,אבן עזרא 61,"עין הנצי""ב 6",,2026-02-01,2026-05-05,93,3.0,3.0,74.0,78.0,0.05128205128205128,0.0,,,,,,20270.0,20513.0,-243.0,-0.01184614634621947,C:\Users\AVIV\gaba\gabay_pricing_core\special_unit_data_audit\sold_candidates.csv,C:\Users\AVIV\gaba\gabay_pricing_core\special_unit_data_audit\sold_candidates.csv,,
same_parcel,garden,אבן עזרא 61,,,2026-02-01,2026-05-04,92,3.0,3.0,74.0,77.0,0.03896103896103896,0.0,,,,,,20270.0,11740.0,8530.0,0.7265758091993185,C:\Users\AVIV\gaba\gabay_pricing_core\special_unit_data_audit\sold_candidates.csv,C:\Users\AVIV\gaba\gabay_pricing_core\special_unit_data_audit\sold_candidates.csv,,
same_parcel,garden,אבן עזרא 61,,,2026-02-01,2026-05-04,92,3.0,3.0,74.0,78.0,0.05128205128205128,0.0,,,,,,20270.0,11487.0,8783.0,0.7646034647862802,C:\Users\AVIV\gaba\gabay_pricing_core\special_unit_data_audit\sold_candidates.csv,C:\Users\AVIV\gaba\gabay_pricing_core\special_unit_data_audit\sold_candidates.csv,,
same_parcel,garden,אבן עזרא 61,,,2026-02-01,2026-05-03,91,3.0,3.0,74.0,78.0,0.05128205128205128,0.0,,,,,,20270.0,11558.0,8712.0,0.7537636269250736,C:\Users\AVIV\gaba\gabay_pricing_core\special_unit_data_audit\sold_candidates.csv,C:\Users\AVIV\gaba\gabay_pricing_core\special_unit_data_audit\sold_candidates.csv,,
same_parcel,garden,אבן עזרא 61,בר כוכבא 33,,2026-02-01,2026-04-29,87,3.0,3.0,74.0,69.0,0.07246376811594203,0.0,,,,,,20270.0,13768.0,6502.0,0.4722545031958164,C:\Users\AVIV\gaba\gabay_pricing_core\special_unit_data_audit\sold_candidates.csv,C:\Users\AVIV\gaba\gabay_pricing_core\special_unit_data_audit\sold_candidates.csv,,
same_parcel,garden,אבן עזרא 61,נחלה 7,,2026-02-01,2026-04-29,87,3.0,3.0,74.0,80.0,0.075,0.0,,,,,,20270.0,21875.0,-1605.0,-0.07337142857142857,C:\Users\AVIV\gaba\gabay_pricing_core\special_unit_data_audit\sold_candidates.csv,C:\Users\AVIV\gaba\gabay_pricing_core\special_unit_data_audit\sold_candidates.csv,,
same_parcel,garden,אבן עזרא 61,הרב יוסף שרביט 7,,2026-02-01,2026-04-28,86,3.0,3.0,74.0,75.0,0.013333333333333334,0.0,,,,,,20270.0,21467.0,-1197.0,-0.05576000372665021,C:\Users\AVIV\gaba\gabay_pricing_core\special_unit_data_audit\sold_candidates.csv,C:\Users\AVIV\gaba\gabay_pricing_core\special_unit_data_audit\sold_candidates.csv,,
same_parcel,garden,אבן עזרא 61,ניר עוז 14,,2026-02-01,2026-04-28,86,3.0,3.0,74.0,78.0,0.05128205128205128,0.0,,,,,,20270.0,11577.0,8693.0,0.7508853761769024,C:\Users\AVIV\gaba\gabay_pricing_core\special_unit_data_audit\sold_candidates.csv,C:\Users\AVIV\gaba\gabay_pricing_core\special_unit_data_audit\sold_candidates.csv,,
same_parcel,garden,אבן עזרא 61,ניר עוז 14,,2026-02-01,2026-04-27,85,3.0,3.0,74.0,78.0,0.05128205128205128,0.0,,,,,,20270.0,11581.0,8689.0,0.7502806320697695,C:\Users\AVIV\gaba\gabay_pricing_core\special_unit_data_audit\sold_candidates.csv,C:\Users\AVIV\gaba\gabay_pricing_core\special_unit_data_audit\sold_candidates.csv,,
same_parcel,garden,אבן עזרא 61,העונות 2,,2026-02-01,2026-04-26,84,3.0,3.0,74.0,67.5,0.0962962962962963,0.0,,,,,,20270.0,20149.0,121.0,0.00600526080698794,C:\Users\AVIV\gaba\gabay_pricing_core\special_unit_data_audit\sold_candidates.csv,C:\Users\AVIV\gaba\gabay_pricing_core\special_unit_data_audit\sold_candidates.csv,,
same_parcel,garden,אבן עזרא 61,אקסודוס 41,,2026-02-01,2026-04-23,81,3.0,3.0,74.0,60.9,0.21510673234811167,0.0,,,,,,20270.0,18062.0,2208.0,0.12224559849407596,C:\Users\AVIV\gaba\gabay_pricing_core\special_unit_data_audit\sold_candidates.csv,C:\Users\AVIV\gaba\gabay_pricing_core\special_unit_data_audit\sold_candidates.csv,,
same_parcel,garden,אבן עזרא 61,ניר עוז 14,,2026-02-01,2026-04-23,81,3.0,3.0,74.0,78.0,0.05128205128205128,0.0,,,,,,20270.0,10705.0,9565.0,0.8935077066791219,C:\Users\AVIV\gaba\gabay_pricing_core\special_unit_data_audit\sold_candidates.csv,C:\Users\AVIV\gaba\gabay_pricing_core\special_unit_data_audit\sold_candidates.csv,,
same_parcel,garden,אבן עזרא 61,ניר עוז 14,,2026-02-01,2026-04-22,80,3.0,3.0,74.0,78.0,0.05128205128205128,0.0,,,,,,20270.0,10598.0,9672.0,0.9126250235893565,C:\Users\AVIV\gaba\gabay_pricing_core\special_unit_data_audit\sold_candidates.csv,C:\Users\AVIV\gaba\gabay_pricing_core\special_unit_data_audit\sold_candidates.csv,,
same_parcel,garden,אבן עזרא 61,,,2026-02-01,2026-04-21,79,3.0,3.0,74.0,77.0,0.03896103896103896,0.0,,,,,,20270.0,11442.0,8828.0,0.771543436462157,C:\Users\AVIV\gaba\gabay_pricing_core\special_unit_data_audit\sold_candidates.csv,C:\Users\AVIV\gaba\gabay_pricing_core\special_unit_data_audit\sold_candidates.csv,,
same_parcel,garden,אבן עזרא 61,,,2026-02-01,2026-04-20,78,3.0,3.0,74.0,77.0,0.03896103896103896,0.0,,,,,,20270.0,11403.0,8867.0,0.777602385337192,C:\Users\AVIV\gaba\gabay_pricing_core\special_unit_data_audit\sold_candidates.csv,C:\Users\AVIV\gaba\gabay_pricing_core\special_unit_data_audit\sold_candidates.csv,,
same_parcel,garden,אבן עזרא 61,,,2026-02-01,2026-04-20,78,3.0,3.0,74.0,77.0,0.03896103896103896,0.0,,,,,,20270.0,11444.0,8826.0,0.7712338343236631,C:\Users\AVIV\gaba\gabay_pricing_core\special_unit_data_audit\sold_candidates.csv,C:\Users\AVIV\gaba\gabay_pricing_core\special_unit_data_audit\sold_candidates.csv,,
same_parcel,garden,אבן עזרא 61,,,2026-02-01,2026-04-19,77,3.0,3.0,74.0,77.0,0.03896103896103896,0.0,,,,,,20270.0,11434.0,8836.0,0.7727829281091482,C:\Users\AVIV\gaba\gabay_pricing_core\special_unit_data_audit\sold_candidates.csv,C:\Users\AVIV\gaba\gabay_pricing_core\special_unit_data_audit\sold_candidates.csv,,
same_parcel,garden,אבן עזרא 61,,,2026-02-01,2026-04-19,77,3.0,3.0,74.0,77.0,0.03896103896103896,0.0,,,,,,20270.0,11415.0,8855.0,0.7757336837494525,C:\Users\AVIV\gaba\gabay_pricing_core\special_unit_data_audit\sold_candidates.csv,C:\Users\AVIV\gaba\gabay_pricing_core\special_unit_data_audit\sold_candidates.csv,,
same_parcel,garden,אבן עזרא 61,,,2026-02-01,2026-04-18,76,3.0,3.0,74.0,77.0,0.03896103896103896,0.0,,,,,,20270.0,11728.0,8542.0,0.7283424283765347,C:\Users\AVIV\gaba\gabay_pricing_core\special_unit_data_audit\sold_candidates.csv,C:\Users\AVIV\gaba\gabay_pricing_core\special_unit_data_audit\sold_candidates.csv,,
same_parcel,garden,אבן עזרא 61,העונות 2,,2026-02-01,2026-04-17,75,3.0,3.0,74.0,67.5,0.0962962962962963,0.0,,,,,,20270.0,20000.0,270.0,0.0135,C:\Users\AVIV\gaba\gabay_pricing_core\special_unit_data_audit\sold_candidates.csv,C:\Users\AVIV\gaba\gabay_pricing_core\special_unit_data_audit\sold_candidates.csv,,
same_parcel,garden,אבן עזרא 61,,,2026-02-01,2026-04-16,74,3.0,3.0,74.0,77.0,0.03896103896103896,0.0,,,,,,20270.0,11675.0,8595.0,0.7361884368308351,C:\Users\AVIV\gaba\gabay_pricing_core\special_unit_data_audit\sold_candidates.csv,C:\Users\AVIV\gaba\gabay_pricing_core\special_unit_data_audit\sold_candidates.csv,,
same_parcel,garden,אבן עזרא 61,העונות 2,,2026-02-01,2026-04-16,74,3.0,3.0,74.0,67.5,0.0962962962962963,0.0,,,,,,20270.0,19627.0,643.0,0.03276099251031742,C:\Users\AVIV\gaba\gabay_pricing_core\special_unit_data_audit\sold_candidates.csv,C:\Users\AVIV\gaba\gabay_pricing_core\special_unit_data_audit\sold_candidates.csv,,
same_parcel,garden,אבן עזרא 61,,,2026-02-01,2026-04-15,73,3.0,3.0,74.0,77.0,0.03896103896103896,0.0,,,,,,20270.0,11444.0,8826.0,0.7712338343236631,C:\Users\AVIV\gaba\gabay_pricing_core\special_unit_data_audit\sold_candidates.csv,C:\Users\AVIV\gaba\gabay_pricing_core\special_unit_data_audit\sold_candidates.csv,,
same_parcel,garden,אבן עזרא 61,לכיש 3,,2026-02-01,2026-04-15,73,3.0,3.0,74.0,67.2,0.10119047619047615,0.0,,,,,,20270.0,18806.0,1464.0,0.07784749548016591,C:\Users\AVIV\gaba\gabay_pricing_core\special_unit_data_audit\sold_candidates.csv,C:\Users\AVIV\gaba\gabay_pricing_core\special_unit_data_audit\sold_candidates.csv,,
same_parcel,garden,אבן עזרא 61,,,2026-02-01,2026-04-15,73,3.0,3.0,74.0,77.0,0.03896103896103896,0.0,,,,,,20270.0,11679.0,8591.0,0.735593800839113,C:\Users\AVIV\gaba\gabay_pricing_core\special_unit_data_audit\sold_candidates.csv,C:\Users\AVIV\gaba\gabay_pricing_core\special_unit_data_audit\sold_candidates.csv,,
same_parcel,garden,אבן עזרא 61,,,2026-02-01,2026-04-15,73,3.0,3.0,74.0,75.0,0.013333333333333334,0.0,,,,,,20270.0,24333.0,-4063.0,-0.1669748900669872,C:\Users\AVIV\gaba\gabay_pricing_core\special_unit_data_audit\sold_candidates.csv,C:\Users\AVIV\gaba\gabay_pricing_core\special_unit_data_audit\sold_candidates.csv,,
same_parcel,garden,אבן עזרא 61,אליעזר בן יהודה 2,,2026-02-01,2026-04-14,72,3.0,3.0,74.0,68.5,0.08029197080291971,0.0,,,,,,20270.0,17794.0,2476.0,0.1391480274249747,C:\Users\AVIV\gaba\gabay_pricing_core\special_unit_data_audit\sold_candidates.csv,C:\Users\AVIV\gaba\gabay_pricing_core\special_unit_data_audit\sold_candidates.csv,,
same_parcel,garden,אבן עזרא 61,,,2026-02-01,2026-04-14,72,3.0,3.0,74.0,77.0,0.03896103896103896,0.0,,,,,,20270.0,11680.0,8590.0,0.735445205479452,C:\Users\AVIV\gaba\gabay_pricing_core\special_unit_data_audit\sold_candidates.csv,C:\Users\AVIV\gaba\gabay_pricing_core\special_unit_data_audit\sold_candidates.csv,,
same_parcel,garden,אבן עזרא 61,,,2026-02-01,2026-04-14,72,3.0,3.0,74.0,78.0,0.05128205128205128,0.0,,,,,,20270.0,11487.0,8783.0,0.7646034647862802,C:\Users\AVIV\gaba\gabay_pricing_core\special_unit_data_audit\sold_candidates.csv,C:\Users\AVIV\gaba\gabay_pricing_core\special_unit_data_audit\sold_candidates.csv,,
same_parcel,garden,אבן עזרא 61,,,2026-02-01,2026-04-14,72,3.0,3.0,74.0,76.0,0.02631578947368421,0.0,,,,,,20270.0,11566.0,8704.0,0.7525505792841086,C:\Users\AVIV\gaba\gabay_pricing_core\special_unit_data_audit\sold_candidates.csv,C:\Users\AVIV\gaba\gabay_pricing_core\special_unit_data_audit\sold_candidates.csv,,
same_parcel,garden,אבן עזרא 61,,,2026-02-01,2026-04-13,71,3.0,3.0,74.0,78.0,0.05128205128205128,0.0,,,,,,20270.0,11558.0,8712.0,0.7537636269250736,C:\Users\AVIV\gaba\gabay_pricing_core\special_unit_data_audit\sold_candidates.csv,C:\Users\AVIV\gaba\gabay_pricing_core\special_unit_data_audit\sold_candidates.csv,,
same_parcel,garden,אבן עזרא 61,,,2026-02-01,2026-04-13,71,3.0,3.0,74.0,77.0,0.03896103896103896,0.0,,,,,,20270.0,11740.0,8530.0,0.7265758091993185,C:\Users\AVIV\gaba\gabay_pricing_core\special_unit_data_audit\sold_candidates.csv,C:\Users\AVIV\gaba\gabay_pricing_core\special_unit_data_audit\sold_candidates.csv,,
same_parcel,garden,אבן עזרא 61,,,2026-02-01,2026-04-13,71,3.0,3.0,74.0,71.0,0.04225352112676056,0.0,,,,,,20270.0,15775.0,4495.0,0.2849445324881141,C:\Users\AVIV\gaba\gabay_pricing_core\special_unit_data_audit\sold_candidates.csv,C:\Users\AVIV\gaba\gabay_pricing_core\special_unit_data_audit\sold_candidates.csv,,
same_parcel,garden,אבן עזרא 61,,,2026-02-01,2026-04-13,71,3.0,3.0,74.0,76.0,0.02631578947368421,0.0,,,,,,20270.0,11578.0,8692.0,0.750734150975989,C:\Users\AVIV\gaba\gabay_pricing_core\special_unit_data_audit\sold_candidates.csv,C:\Users\AVIV\gaba\gabay_pricing_core\special_unit_data_audit\sold_candidates.csv,,
same_parcel,garden,אבן עזרא 61,מונטיפיורי 18,,2026-02-01,2026-04-12,70,3.0,3.0,74.0,59.5,0.24369747899159663,0.0,,,,,,20270.0,17983.0,2287.0,0.12717566590668966,C:\Users\AVIV\gaba\gabay_pricing_core\special_unit_data_audit\sold_candidates.csv,C:\Users\AVIV\gaba\gabay_pricing_core\special_unit_data_audit\sold_candidates.csv,,
same_parcel,garden,אבן עזרא 61,נווה שלום 6,,2026-02-01,2026-04-12,70,3.0,3.0,74.0,71.4,0.03641456582633045,0.0,,,,,,20270.0,16831.0,3439.0,0.20432535202899413,C:\Users\AVIV\gaba\gabay_pricing_core\special_unit_data_audit\sold_candidates.csv,C:\Users\AVIV\gaba\gabay_pricing_core\special_unit_data_audit\sold_candidates.csv,,
same_parcel,garden,אבן עזרא 61,שפירא 50,,2026-02-01,2026-04-12,70,3.0,3.0,74.0,61.6,0.20129870129870128,0.0,,,,,,20270.0,13799.0,6471.0,0.46894702514674974,C:\Users\AVIV\gaba\gabay_pricing_core\special_unit_data_audit\sold_candidates.csv,C:\Users\AVIV\gaba\gabay_pricing_core\special_unit_data_audit\sold_candidates.csv,,
same_parcel,garden,אבן עזרא 61,,,2026-02-01,2026-04-12,70,3.0,3.0,74.0,77.0,0.03896103896103896,0.0,,,,,,20270.0,11686.0,8584.0,0.7345541673797706,C:\Users\AVIV\gaba\gabay_pricing_core\special_unit_data_audit\sold_candidates.csv,C:\Users\AVIV\gaba\gabay_pricing_core\special_unit_data_audit\sold_candidates.csv,,
same_parcel,garden,אבן עזרא 61,,,2026-02-01,2026-04-12,70,3.0,3.0,74.0,77.0,0.03896103896103896,0.0,,,,,,20270.0,11803.0,8467.0,0.7173599932220622,C:\Users\AVIV\gaba\gabay_pricing_core\special_unit_data_audit\sold_candidates.csv,C:\Users\AVIV\gaba\gabay_pricing_core\special_unit_data_audit\sold_candidates.csv,,
same_parcel,garden,אבן עזרא 61,ניר עוז 14,,2026-02-01,2026-04-12,70,3.0,3.0,74.0,78.0,0.05128205128205128,0.0,,,,,,20270.0,11359.0,8911.0,0.7844880711330223,C:\Users\AVIV\gaba\gabay_pricing_core\special_unit_data_audit\sold_candidates.csv,C:\Users\AVIV\gaba\gabay_pricing_core\special_unit_data_audit\sold_candidates.csv,,
same_parcel,garden,אבן עזרא 61,ניר עוז 14,,2026-02-01,2026-04-11,69,3.0,3.0,74.0,79.0,0.06329113924050633,0.0,,,,,,20270.0,11226.0,9044.0,0.805629787992161,C:\Users\AVIV\gaba\gabay_pricing_core\special_unit_data_audit\sold_candidates.csv,C:\Users\AVIV\gaba\gabay_pricing_core\special_unit_data_audit\sold_candidates.csv,,
same_parcel,garden,אבן עזרא 61,שפירא 20,,2026-02-01,2026-04-09,67,3.0,3.0,74.0,63.5,0.16535433070866143,0.0,,,,,,20270.0,15873.0,4397.0,0.27701127701127704,C:\Users\AVIV\gaba\gabay_pricing_core\special_unit_data_audit\sold_candidates.csv,C:\Users\AVIV\gaba\gabay_pricing_core\special_unit_data_audit\sold_candidates.csv,,
same_parcel,garden,אבן עזרא 61,הרב יוסף שרביט 7,,2026-02-01,2026-04-05,63,3.0,3.0,74.0,75.0,0.013333333333333334,0.0,,,,,,20270.0,23987.0,-3717.0,-0.15495893609038228,C:\Users\AVIV\gaba\gabay_pricing_core\special_unit_data_audit\sold_candidates.csv,C:\Users\AVIV\gaba\gabay_pricing_core\special_unit_data_audit\sold_candidates.csv,,
same_parcel,garden,אבן עזרא 61,הסוכנות היהודית 8,,2026-02-01,2026-04-05,63,3.0,3.0,74.0,62.6,0.18210862619808305,0.0,,,,,,20270.0,18233.0,2037.0,0.11172050677343279,C:\Users\AVIV\gaba\gabay_pricing_core\special_unit_data_audit\sold_candidates.csv,C:\Users\AVIV\gaba\gabay_pricing_core\special_unit_data_audit\sold_candidates.csv,,
same_parcel,garden,אבן עזרא 61,הרב יוסף שרביט 7,,2026-02-01,2026-04-04,62,3.0,3.0,74.0,75.0,0.013333333333333334,0.0,,,,,,20270.0,23987.0,-3717.0,-0.15495893609038228,C:\Users\AVIV\gaba\gabay_pricing_core\special_unit_data_audit\sold_candidates.csv,C:\Users\AVIV\gaba\gabay_pricing_core\special_unit_data_audit\sold_candidates.csv,,
same_parcel,garden,אבן עזרא 61,שירת היין 3,,2026-02-01,2026-03-31,58,3.0,3.0,74.0,78.0,0.05128205128205128,0.0,,,,,,20270.0,22436.0,-2166.0,-0.09654127295418079,C:\Users\AVIV\gaba\gabay_pricing_core\special_unit_data_audit\sold_candidates.csv,C:\Users\AVIV\gaba\gabay_pricing_core\special_unit_data_audit\sold_candidates.csv,,
same_parcel,garden,אבן עזרא 61,שירת היין 3,,2026-02-01,2026-03-30,57,3.0,3.0,74.0,78.0,0.05128205128205128,0.0,,,,,,20270.0,22436.0,-2166.0,-0.09654127295418079,C:\Users\AVIV\gaba\gabay_pricing_core\special_unit_data_audit\sold_candidates.csv,C:\Users\AVIV\gaba\gabay_pricing_core\special_unit_data_audit\sold_candidates.csv,,
same_parcel,garden,אבן עזרא 61,ניר עוז 14,,2026-02-01,2026-03-28,55,3.0,3.0,74.0,78.0,0.05128205128205128,0.0,,,,,,20270.0,10707.0,9563.0,0.8931540113944149,C:\Users\AVIV\gaba\gabay_pricing_core\special_unit_data_audit\sold_candidates.csv,C:\Users\AVIV\gaba\gabay_pricing_core\special_unit_data_audit\sold_candidates.csv,,
same_parcel,garden,אבן עזרא 61,הרב יוסף שרביט 7,,2026-02-01,2026-03-25,52,3.0,3.0,74.0,75.0,0.013333333333333334,0.0,,,,,,20270.0,21467.0,-1197.0,-0.05576000372665021,C:\Users\AVIV\gaba\gabay_pricing_core\special_unit_data_audit\sold_candidates.csv,C:\Users\AVIV\gaba\gabay_pricing_core\special_unit_data_audit\sold_candidates.csv,,
same_parcel,garden,אבן עזרא 61,הרב פינטו 4,,2026-02-01,2026-03-25,52,3.0,3.0,74.0,58.0,0.27586206896551724,0.0,,,,,,20270.0,14483.0,5787.0,0.3995719118967065,C:\Users\AVIV\gaba\gabay_pricing_core\special_unit_data_audit\sold_candidates.csv,C:\Users\AVIV\gaba\gabay_pricing_core\special_unit_data_audit\sold_candidates.csv,,
same_parcel,garden,אבן עזרא 61,גדוד הפורצים 5,,2026-02-01,2026-03-24,51,3.0,3.0,74.0,60.0,0.23333333333333334,0.0,,,,,,20270.0,19167.0,1103.0,0.057546825272603956,C:\Users\AVIV\gaba\gabay_pricing_core\special_unit_data_audit\sold_candidates.csv,C:\Users\AVIV\gaba\gabay_pricing_core\special_unit_data_audit\sold_candidates.csv,,
same_parcel,garden,אבן עזרא 61,הבשן 16,,2026-02-01,2026-03-24,51,3.0,3.0,74.0,60.0,0.23333333333333334,0.0,,,,,,20270.0,30500.0,-10230.0,-0.3354098360655738,C:\Users\AVIV\gaba\gabay_pricing_core\special_unit_data_audit\sold_candidates.csv,C:\Users\AVIV\gaba\gabay_pricing_core\special_unit_data_audit\sold_candidates.csv,,
same_parcel,garden,אבן עזרא 61,,,2026-02-01,2026-03-24,51,3.0,3.0,74.0,59.0,0.2542372881355932,0.0,,,,,,20270.0,28814.0,-8544.0,-0.29652252377316585,C:\Users\AVIV\gaba\gabay_pricing_core\special_unit_data_audit\sold_candidates.csv,C:\Users\AVIV\gaba\gabay_pricing_core\special_unit_data_audit\sold_candidates.csv,,
same_parcel,garden,אבן עזרא 61,משה יוליש 12,,2026-02-01,2026-03-24,51,3.0,3.0,74.0,70.0,0.05714285714285714,0.0,,,,,,20270.0,13143.0,7127.0,0.5422658449364681,C:\Users\AVIV\gaba\gabay_pricing_core\special_unit_data_audit\sold_candidates.csv,C:\Users\AVIV\gaba\gabay_pricing_core\special_unit_data_audit\sold_candidates.csv,,
same_parcel,garden,אבן עזרא 61,דוד רמז 3,,2026-02-01,2026-03-23,50,3.0,3.0,74.0,80.0,0.075,0.0,1.0,,,,,20270.0,15000.0,5270.0,0.35133333333333333,C:\Users\AVIV\gaba\gabay_pricing_core\special_unit_data_audit\sold_candidates.csv,C:\Users\AVIV\gaba\gabay_pricing_core\special_unit_data_audit\sold_candidates.csv,,
same_parcel,garden,אבן עזרא 61,ארגמן 55,,2026-02-01,2026-03-22,49,3.0,3.0,74.0,80.0,0.075,0.0,,,,,,20270.0,20625.0,-355.0,-0.017212121212121213,C:\Users\AVIV\gaba\gabay_pricing_core\special_unit_data_audit\sold_candidates.csv,C:\Users\AVIV\gaba\gabay_pricing_core\special_unit_data_audit\sold_candidates.csv,,
same_parcel,garden,אבן עזרא 61,פקיעין 6,,2026-02-01,2026-03-19,46,3.0,3.0,74.0,70.0,0.05714285714285714,0.0,,,,,,20270.0,19143.0,1127.0,0.05887269497988821,C:\Users\AVIV\gaba\gabay_pricing_core\special_unit_data_audit\sold_candidates.csv,C:\Users\AVIV\gaba\gabay_pricing_core\special_unit_data_audit\sold_candidates.csv,,
same_parcel,garden,אבן עזרא 61,"ש""י עגנון 170",,2026-02-01,2026-03-19,46,3.0,3.0,74.0,66.0,0.12121212121212122,0.0,,,,,,20270.0,16667.0,3603.0,0.21617567648647026,C:\Users\AVIV\gaba\gabay_pricing_core\special_unit_data_audit\sold_candidates.csv,C:\Users\AVIV\gaba\gabay_pricing_core\special_unit_data_audit\sold_candidates.csv,,
same_parcel,garden,אבן עזרא 61,שפירא 14,,2026-02-01,2026-03-18,45,3.0,3.0,74.0,63.0,0.1746031746031746,0.0,,,,,,20270.0,17143.0,3127.0,0.18240681327655603,C:\Users\AVIV\gaba\gabay_pricing_core\special_unit_data_audit\sold_candidates.csv,C:\Users\AVIV\gaba\gabay_pricing_core\special_unit_data_audit\sold_candidates.csv,,
same_parcel,garden,אבן עזרא 61,"ש""י עגנון 2",,2026-02-01,2026-03-18,45,3.0,3.0,74.0,73.0,0.0136986301369863,0.0,,,,,,20270.0,13014.0,7256.0,0.557553404026433,C:\Users\AVIV\gaba\gabay_pricing_core\special_unit_data_audit\sold_candidates.csv,C:\Users\AVIV\gaba\gabay_pricing_core\special_unit_data_audit\sold_candidates.csv,,
same_parcel,garden,אבן עזרא 61,ניר עוז 14,,2026-02-01,2026-03-17,44,3.0,3.0,74.0,78.0,0.05128205128205128,0.0,,,,,,20270.0,20910.0,-640.0,-0.030607364897178385,C:\Users\AVIV\gaba\gabay_pricing_core\special_unit_data_audit\sold_candidates.csv,C:\Users\AVIV\gaba\gabay_pricing_core\special_unit_data_audit\sold_candidates.csv,,
same_parcel,garden,אבן עזרא 61,ניר עוז 14,,2026-02-01,2026-03-16,43,3.0,3.0,74.0,78.0,0.05128205128205128,0.0,,,,,,20270.0,20923.0,-653.0,-0.03120967356497634,C:\Users\AVIV\gaba\gabay_pricing_core\special_unit_data_audit\sold_candidates.csv,C:\Users\AVIV\gaba\gabay_pricing_core\special_unit_data_audit\sold_candidates.csv,,
same_parcel,garden,אבן עזרא 61,ניר עוז 14,,2026-02-01,2026-03-15,42,3.0,3.0,74.0,78.0,0.05128205128205128,0.0,,,,,,20270.0,11436.0,8834.0,0.7724728926197971,C:\Users\AVIV\gaba\gabay_pricing_core\special_unit_data_audit\sold_candidates.csv,C:\Users\AVIV\gaba\gabay_pricing_core\special_unit_data_audit\sold_candidates.csv,,
same_parcel,garden,אבן עזרא 61,ניר עוז 14,,2026-02-01,2026-03-14,41,3.0,3.0,74.0,78.0,0.05128205128205128,0.0,,,,,,20270.0,11444.0,8826.0,0.7712338343236631,C:\Users\AVIV\gaba\gabay_pricing_core\special_unit_data_audit\sold_candidates.csv,C:\Users\AVIV\gaba\gabay_pricing_core\special_unit_data_audit\sold_candidates.csv,,
same_parcel,garden,אבן עזרא 61,הכורמים 8,,2026-02-01,2026-03-13,40,3.0,3.0,74.0,71.0,0.04225352112676056,0.0,,,,,,20270.0,22394.0,-2124.0,-0.09484683397338572,C:\Users\AVIV\gaba\gabay_pricing_core\special_unit_data_audit\sold_candidates.csv,C:\Users\AVIV\gaba\gabay_pricing_core\special_unit_data_audit\sold_candidates.csv,,
same_parcel,garden,אבן עזרא 61,משה קול 1,,2026-02-01,2026-03-13,40,3.0,3.0,74.0,66.0,0.12121212121212122,0.0,,,,,,20270.0,18636.0,1634.0,0.08767975960506547,C:\Users\AVIV\gaba\gabay_pricing_core\special_unit_data_audit\sold_candidates.csv,C:\Users\AVIV\gaba\gabay_pricing_core\special_unit_data_audit\sold_candidates.csv,,
same_parcel,garden,אבן עזרא 61,ניר עוז 14,,2026-02-01,2026-03-12,39,3.0,3.0,74.0,78.0,0.05128205128205128,0.0,,,,,,20270.0,11474.0,8796.0,0.7666027540526408,C:\Users\AVIV\gaba\gabay_pricing_core\special_unit_data_audit\sold_candidates.csv,C:\Users\AVIV\gaba\gabay_pricing_core\special_unit_data_audit\sold_candidates.csv,,
same_parcel,garden,אבן עזרא 61,היינן 17,,2026-02-01,2026-03-12,39,3.0,3.0,74.0,80.0,0.075,0.0,,,,,,20270.0,21075.0,-805.0,-0.03819691577698695,C:\Users\AVIV\gaba\gabay_pricing_core\special_unit_data_audit\sold_candidates.csv,C:\Users\AVIV\gaba\gabay_pricing_core\special_unit_data_audit\sold_candidates.csv,,
same_parcel,garden,אבן עזרא 61,עולי הגרדום 22,,2026-02-01,2026-03-12,39,3.0,3.0,74.0,68.0,0.08823529411764706,0.0,,,,,,20270.0,16912.0,3358.0,0.19855723746452222,C:\Users\AVIV\gaba\gabay_pricing_core\special_unit_data_audit\sold_candidates.csv,C:\Users\AVIV\gaba\gabay_pricing_core\special_unit_data_audit\sold_candidates.csv,,
same_parcel,garden,אבן עזרא 61,היינן 17,,2026-02-01,2026-03-11,38,3.0,3.0,74.0,80.0,0.075,0.0,,,,,,20270.0,21087.0,-817.0,-0.03874425001185564,C:\Users\AVIV\gaba\gabay_pricing_core\special_unit_data_audit\sold_candidates.csv,C:\Users\AVIV\gaba\gabay_pricing_core\special_unit_data_audit\sold_candidates.csv,,
same_parcel,garden,אבן עזרא 61,שפירא 19,,2026-02-01,2026-03-11,38,3.0,3.0,74.0,63.0,0.1746031746031746,0.0,,,,,,20270.0,14286.0,5984.0,0.4188716225675487,C:\Users\AVIV\gaba\gabay_pricing_core\special_unit_data_audit\sold_candidates.csv,C:\Users\AVIV\gaba\gabay_pricing_core\special_unit_data_audit\sold_candidates.csv,,
same_parcel,garden,אבן עזרא 61,ניר עוז 14,,2026-02-01,2026-03-11,38,3.0,3.0,74.0,78.0,0.05128205128205128,0.0,,,,,,20270.0,11483.0,8787.0,0.7652181485674475,C:\Users\AVIV\gaba\gabay_pricing_core\special_unit_data_audit\sold_candidates.csv,C:\Users\AVIV\gaba\gabay_pricing_core\special_unit_data_audit\sold_candidates.csv,,
same_parcel,garden,אבן עזרא 61,דוריף 8,,2026-02-01,2026-03-11,38,3.0,3.0,74.0,80.0,0.075,0.0,,,,,,20270.0,20375.0,-105.0,-0.0051533742331288344,C:\Users\AVIV\gaba\gabay_pricing_core\special_unit_data_audit\sold_candidates.csv,C:\Users\AVIV\gaba\gabay_pricing_core\special_unit_data_audit\sold_candidates.csv,,
same_parcel,garden,אבן עזרא 61,ניר עוז 14,,2026-02-01,2026-03-11,38,3.0,3.0,74.0,78.0,0.05128205128205128,0.0,,,,,,20270.0,11410.0,8860.0,0.7765118317265557,C:\Users\AVIV\gaba\gabay_pricing_core\special_unit_data_audit\sold_candidates.csv,C:\Users\AVIV\gaba\gabay_pricing_core\special_unit_data_audit\sold_candidates.csv,,
same_parcel,garden,אבן עזרא 61,אבשלום חביב 7,,2026-02-01,2026-03-10,37,3.0,3.0,74.0,69.0,0.07246376811594203,0.0,,,,,,20270.0,14058.0,6212.0,0.4418836249822165,C:\Users\AVIV\gaba\gabay_pricing_core\special_unit_data_audit\sold_candidates.csv,C:\Users\AVIV\gaba\gabay_pricing_core\special_unit_data_audit\sold_candidates.csv,,
same_parcel,garden,אבן עזרא 61,דוד רזיאל 16,,2026-02-01,2026-03-10,37,3.0,3.0,74.0,63.0,0.1746031746031746,0.0,,,,,,20270.0,13492.0,6778.0,0.5023717758671805,C:\Users\AVIV\gaba\gabay_pricing_core\special_unit_data_audit\sold_candidates.csv,C:\Users\AVIV\gaba\gabay_pricing_core\special_unit_data_audit\sold_candidates.csv,,
same_parcel,garden,אבן עזרא 61,ניר עוז 14,,2026-02-01,2026-03-10,37,3.0,3.0,74.0,78.0,0.05128205128205128,0.0,,,,,,20270.0,10808.0,9462.0,0.8754626202812731,C:\Users\AVIV\gaba\gabay_pricing_core\special_unit_data_audit\sold_candidates.csv,C:\Users\AVIV\gaba\gabay_pricing_core\special_unit_data_audit\sold_candidates.csv,,
same_parcel,garden,אבן עזרא 61,ניר עוז 14,,2026-02-01,2026-03-10,37,3.0,3.0,74.0,78.0,0.05128205128205128,0.0,,,,,,20270.0,11419.0,8851.0,0.77511165601191,C:\Users\AVIV\gaba\gabay_pricing_core\special_unit_data_audit\sold_candidates.csv,C:\Users\AVIV\gaba\gabay_pricing_core\special_unit_data_audit\sold_candidates.csv,,
same_parcel,garden,אבן עזרא 61,ניר עוז 14,,2026-02-01,2026-03-09,36,3.0,3.0,74.0,78.0,0.05128205128205128,0.0,,,,,,20270.0,11500.0,8770.0,0.7626086956521739,C:\Users\AVIV\gaba\gabay_pricing_core\special_unit_data_audit\sold_candidates.csv,C:\Users\AVIV\gaba\gabay_pricing_core\special_unit_data_audit\sold_candidates.csv,,
same_parcel,garden,אבן עזרא 61,ניר עוז 14,,2026-02-01,2026-03-09,36,3.0,3.0,74.0,79.0,0.06329113924050633,0.0,,,,,,20270.0,11278.0,8992.0,0.7973044866111012,C:\Users\AVIV\gaba\gabay_pricing_core\special_unit_data_audit\sold_candidates.csv,C:\Users\AVIV\gaba\gabay_pricing_core\special_unit_data_audit\sold_candidates.csv,,
same_parcel,garden,אבן עזרא 61,ניר עוז 14,,2026-02-01,2026-03-09,36,3.0,3.0,74.0,78.0,0.05128205128205128,0.0,,,,,,20270.0,10787.0,9483.0,0.8791137480300362,C:\Users\AVIV\gaba\gabay_pricing_core\special_unit_data_audit\sold_candidates.csv,C:\Users\AVIV\gaba\gabay_pricing_core\special_unit_data_audit\sold_candidates.csv,,
same_parcel,garden,אבן עזרא 61,ניר עוז 14,,2026-02-01,2026-03-08,35,3.0,3.0,74.0,78.0,0.05128205128205128,0.0,,,,,,20270.0,11637.0,8633.0,0.7418578671478904,C:\Users\AVIV\gaba\gabay_pricing_core\special_unit_data_audit\sold_candidates.csv,C:\Users\AVIV\gaba\gabay_pricing_core\special_unit_data_audit\sold_candidates.csv,,
same_parcel,garden,אבן עזרא 61,שפירא 20,,2026-02-01,2026-03-08,35,3.0,3.0,74.0,70.0,0.05714285714285714,0.0,,,,,,20270.0,14286.0,5984.0,0.4188716225675487,C:\Users\AVIV\gaba\gabay_pricing_core\special_unit_data_audit\sold_candidates.csv,C:\Users\AVIV\gaba\gabay_pricing_core\special_unit_data_audit\sold_candidates.csv,,
same_parcel,garden,אבן עזרא 61,בן גוריון 32,,2026-02-01,2026-03-08,35,3.0,3.0,74.0,59.0,0.2542372881355932,0.0,,,,,,20270.0,17627.0,2643.0,0.1499404322913712,C:\Users\AVIV\gaba\gabay_pricing_core\special_unit_data_audit\sold_candidates.csv,C:\Users\AVIV\gaba\gabay_pricing_core\special_unit_data_audit\sold_candidates.csv,,
same_parcel,garden,אבן עזרא 61,ניר עוז 14,,2026-02-01,2026-03-08,35,3.0,3.0,74.0,79.0,0.06329113924050633,0.0,,,,,,20270.0,11325.0,8945.0,0.7898454746136865,C:\Users\AVIV\gaba\gabay_pricing_core\special_unit_data_audit\sold_candidates.csv,C:\Users\AVIV\gaba\gabay_pricing_core\special_unit_data_audit\sold_candidates.csv,,
same_parcel,garden,אבן עזרא 61,חזון עובדיה 51,,2026-02-01,2026-03-08,35,3.0,3.0,74.0,76.0,0.02631578947368421,0.0,,,,,,20270.0,19737.0,533.0,0.027005117292394996,C:\Users\AVIV\gaba\gabay_pricing_core\special_unit_data_audit\sold_candidates.csv,C:\Users\AVIV\gaba\gabay_pricing_core\special_unit_data_audit\sold_candidates.csv,,
same_parcel,garden,אבן עזרא 61,חזון עובדיה 51,,2026-02-01,2026-03-07,34,3.0,3.0,74.0,76.0,0.02631578947368421,0.0,,,,,,20270.0,19737.0,533.0,0.027005117292394996,C:\Users\AVIV\gaba\gabay_pricing_core\special_unit_data_audit\sold_candidates.csv,C:\Users\AVIV\gaba\gabay_pricing_core\special_unit_data_audit\sold_candidates.csv,,
same_parcel,garden,אבן עזרא 61,יהודה הלוי 32,,2026-02-01,2026-03-05,32,3.0,3.0,74.0,68.0,0.08823529411764706,0.0,,,,,,20270.0,16176.0,4094.0,0.25309099901088034,C:\Users\AVIV\gaba\gabay_pricing_core\special_unit_data_audit\sold_candidates.csv,C:\Users\AVIV\gaba\gabay_pricing_core\special_unit_data_audit\sold_candidates.csv,,
same_parcel,garden,אבן עזרא 61,השומר הצעיר 12,,2026-02-01,2026-03-04,31,3.0,3.0,74.0,79.0,0.06329113924050633,0.0,,,,,,20270.0,11835.0,8435.0,0.712716518800169,C:\Users\AVIV\gaba\gabay_pricing_core\special_unit_data_audit\sold_candidates.csv,C:\Users\AVIV\gaba\gabay_pricing_core\special_unit_data_audit\sold_candidates.csv,,
same_parcel,garden,אבן עזרא 61,ניר עוז 14,,2026-02-01,2026-02-26,25,3.0,3.0,74.0,78.0,0.05128205128205128,0.0,,,,,,20270.0,11500.0,8770.0,0.7626086956521739,C:\Users\AVIV\gaba\gabay_pricing_core\special_unit_data_audit\sold_candidates.csv,C:\Users\AVIV\gaba\gabay_pricing_core\special_unit_data_audit\sold_candidates.csv,,
same_parcel,garden,אבן עזרא 61,בן גוריון 273,,2026-02-01,2026-02-26,25,3.0,3.0,74.0,80.0,0.075,0.0,,,,,,20270.0,11250.0,9020.0,0.8017777777777778,C:\Users\AVIV\gaba\gabay_pricing_core\special_unit_data_audit\sold_candidates.csv,C:\Users\AVIV\gaba\gabay_pricing_core\special_unit_data_audit\sold_candidates.csv,,
same_parcel,garden,אבן עזרא 61,ניר עוז 14,,2026-02-01,2026-02-25,24,3.0,3.0,74.0,78.0,0.05128205128205128,0.0,,,,,,20270.0,11505.0,8765.0,0.7618426770969143,C:\Users\AVIV\gaba\gabay_pricing_core\special_unit_data_audit\sold_candidates.csv,C:\Users\AVIV\gaba\gabay_pricing_core\special_unit_data_audit\sold_candidates.csv,,
same_parcel,garden,אבן עזרא 61,ניר עוז 14,,2026-02-01,2026-02-25,24,3.0,3.0,74.0,78.0,0.05128205128205128,0.0,,,,,,20270.0,11308.0,8962.0,0.7925362575168022,C:\Users\AVIV\gaba\gabay_pricing_core\special_unit_data_audit\sold_candidates.csv,C:\Users\AVIV\gaba\gabay_pricing_core\special_unit_data_audit\sold_candidates.csv,,
same_parcel,garden,אבן עזרא 61,ההסתדרות 61,,2026-02-01,2026-02-25,24,3.0,3.0,74.0,58.0,0.27586206896551724,0.0,,,,,,20270.0,19914.0,356.0,0.017876870543336348,C:\Users\AVIV\gaba\gabay_pricing_core\special_unit_data_audit\sold_candidates.csv,C:\Users\AVIV\gaba\gabay_pricing_core\special_unit_data_audit\sold_candidates.csv,,
same_parcel,garden,אבן עזרא 61,סיוון 13,,2026-02-01,2026-02-25,24,3.0,3.0,74.0,73.0,0.0136986301369863,0.0,,,,,,20270.0,15753.0,4517.0,0.28673903383482513,C:\Users\AVIV\gaba\gabay_pricing_core\special_unit_data_audit\sold_candidates.csv,C:\Users\AVIV\gaba\gabay_pricing_core\special_unit_data_audit\sold_candidates.csv,,
same_parcel,garden,אבן עזרא 61,ניר עוז 14,,2026-02-01,2026-02-24,23,3.0,3.0,74.0,78.0,0.05128205128205128,0.0,,,,,,20270.0,11315.0,8955.0,0.7914273088820151,C:\Users\AVIV\gaba\gabay_pricing_core\special_unit_data_audit\sold_candidates.csv,C:\Users\AVIV\gaba\gabay_pricing_core\special_unit_data_audit\sold_candidates.csv,,
same_parcel,garden,אבן עזרא 61,היינן 17,,2026-02-01,2026-02-24,23,3.0,3.0,74.0,80.0,0.075,0.0,,,,,,20270.0,21075.0,-805.0,-0.03819691577698695,C:\Users\AVIV\gaba\gabay_pricing_core\special_unit_data_audit\sold_candidates.csv,C:\Users\AVIV\gaba\gabay_pricing_core\special_unit_data_audit\sold_candidates.csv,,
same_parcel,garden,אבן עזרא 61,ניר עוז 14,,2026-02-01,2026-02-24,23,3.0,3.0,74.0,78.0,0.05128205128205128,0.0,,,,,,20270.0,10808.0,9462.0,0.8754626202812731,C:\Users\AVIV\gaba\gabay_pricing_core\special_unit_data_audit\sold_candidates.csv,C:\Users\AVIV\gaba\gabay_pricing_core\special_unit_data_audit\sold_candidates.csv,,
same_parcel,garden,אבן עזרא 61,ניר עוז 14,,2026-02-01,2026-02-23,22,3.0,3.0,74.0,78.0,0.05128205128205128,0.0,,,,,,20270.0,10808.0,9462.0,0.8754626202812731,C:\Users\AVIV\gaba\gabay_pricing_core\special_unit_data_audit\sold_candidates.csv,C:\Users\AVIV\gaba\gabay_pricing_core\special_unit_data_audit\sold_candidates.csv,,
same_parcel,garden,אבן עזרא 61,ניר עוז 14,,2026-02-01,2026-02-23,22,3.0,3.0,74.0,79.0,0.06329113924050633,0.0,,,,,,20270.0,11380.0,8890.0,0.781195079086116,C:\Users\AVIV\gaba\gabay_pricing_core\special_unit_data_audit\sold_candidates.csv,C:\Users\AVIV\gaba\gabay_pricing_core\special_unit_data_audit\sold_candidates.csv,,
same_parcel,garden,אבן עזרא 61,היינן 17,,2026-02-01,2026-02-23,22,3.0,3.0,74.0,80.0,0.075,0.0,,,,,,20270.0,21087.0,-817.0,-0.03874425001185564,C:\Users\AVIV\gaba\gabay_pricing_core\special_unit_data_audit\sold_candidates.csv,C:\Users\AVIV\gaba\gabay_pricing_core\special_unit_data_audit\sold_candidates.csv,,
same_parcel,garden,אבן עזרא 61,שפירא 15,,2026-02-01,2026-02-23,22,3.0,3.0,74.0,63.0,0.1746031746031746,0.0,,,,,,20270.0,21429.0,-1159.0,-0.05408558495496757,C:\Users\AVIV\gaba\gabay_pricing_core\special_unit_data_audit\sold_candidates.csv,C:\Users\AVIV\gaba\gabay_pricing_core\special_unit_data_audit\sold_candidates.csv,,
same_parcel,garden,אבן עזרא 61,אבשלום חביב 7,,2026-02-01,2026-02-22,21,3.0,3.0,74.0,68.0,0.08823529411764706,0.0,,,,,,20270.0,14926.0,5344.0,0.35803296261557016,C:\Users\AVIV\gaba\gabay_pricing_core\special_unit_data_audit\sold_candidates.csv,C:\Users\AVIV\gaba\gabay_pricing_core\special_unit_data_audit\sold_candidates.csv,,
same_parcel,garden,אבן עזרא 61,טשרניחובסקי 8,,2026-02-01,2026-02-22,21,3.0,3.0,74.0,69.0,0.07246376811594203,0.0,,,,,,20270.0,13768.0,6502.0,0.4722545031958164,C:\Users\AVIV\gaba\gabay_pricing_core\special_unit_data_audit\sold_candidates.csv,C:\Users\AVIV\gaba\gabay_pricing_core\special_unit_data_audit\sold_candidates.csv,,
same_parcel,garden,אבן עזרא 61,"רמב""ם 40",,2026-02-01,2026-02-22,21,3.0,3.0,74.0,66.0,0.12121212121212122,0.0,,,,,,20270.0,17045.0,3225.0,0.18920504546787914,C:\Users\AVIV\gaba\gabay_pricing_core\special_unit_data_audit\sold_candidates.csv,C:\Users\AVIV\gaba\gabay_pricing_core\special_unit_data_audit\sold_candidates.csv,,
same_parcel,garden,אבן עזרא 61,ניר עוז 14,,2026-02-01,2026-02-22,21,3.0,3.0,74.0,78.0,0.05128205128205128,0.0,,,,,,20270.0,11658.0,8612.0,0.7387201921427347,C:\Users\AVIV\gaba\gabay_pricing_core\special_unit_data_audit\sold_candidates.csv,C:\Users\AVIV\gaba\gabay_pricing_core\special_unit_data_audit\sold_candidates.csv,,
same_parcel,garden,אבן עזרא 61,ניר עוז 14,,2026-02-01,2026-02-22,21,3.0,3.0,74.0,80.0,0.075,0.0,,,,,,20270.0,10518.0,9752.0,0.9271724662483362,C:\Users\AVIV\gaba\gabay_pricing_core\special_unit_data_audit\sold_candidates.csv,C:\Users\AVIV\gaba\gabay_pricing_core\special_unit_data_audit\sold_candidates.csv,,
same_parcel,garden,אבן עזרא 61,ניר עוז 14,,2026-02-01,2026-02-22,21,3.0,3.0,74.0,79.0,0.06329113924050633,0.0,,,,,,20270.0,11385.0,8885.0,0.7804128238910848,C:\Users\AVIV\gaba\gabay_pricing_core\special_unit_data_audit\sold_candidates.csv,C:\Users\AVIV\gaba\gabay_pricing_core\special_unit_data_audit\sold_candidates.csv,,
same_parcel,garden,אבן עזרא 61,שפירא 21,,2026-02-01,2026-02-19,18,3.0,3.0,74.0,69.0,0.07246376811594203,0.0,,,,,,20270.0,13551.0,6719.0,0.49583056600988856,C:\Users\AVIV\gaba\gabay_pricing_core\special_unit_data_audit\sold_candidates.csv,C:\Users\AVIV\gaba\gabay_pricing_core\special_unit_data_audit\sold_candidates.csv,,
same_parcel,garden,אבן עזרא 61,,,2026-02-01,2026-02-18,17,3.0,3.0,74.0,68.0,0.08823529411764706,0.0,,,,,,20270.0,17500.0,2770.0,0.15828571428571428,C:\Users\AVIV\gaba\gabay_pricing_core\special_unit_data_audit\sold_candidates.csv,C:\Users\AVIV\gaba\gabay_pricing_core\special_unit_data_audit\sold_candidates.csv,,
same_parcel,garden,אבן עזרא 61,,,2026-02-01,2026-02-18,17,3.0,3.0,74.0,67.0,0.1044776119402985,0.0,,,,,,20270.0,16418.0,3852.0,0.23462053843342673,C:\Users\AVIV\gaba\gabay_pricing_core\special_unit_data_audit\sold_candidates.csv,C:\Users\AVIV\gaba\gabay_pricing_core\special_unit_data_audit\sold_candidates.csv,,
same_parcel,garden,אבן עזרא 61,שפירא 3,,2026-02-01,2026-02-18,17,3.0,3.0,74.0,65.0,0.13846153846153847,0.0,,,,,,20270.0,15077.0,5193.0,0.34443191616369306,C:\Users\AVIV\gaba\gabay_pricing_core\special_unit_data_audit\sold_candidates.csv,C:\Users\AVIV\gaba\gabay_pricing_core\special_unit_data_audit\sold_candidates.csv,,
same_parcel,garden,אבן עזרא 61,לכיש 10,,2026-02-01,2026-02-17,16,3.0,3.0,74.0,73.0,0.0136986301369863,0.0,,,,,,20270.0,22123.0,-1853.0,-0.08375898386294807,C:\Users\AVIV\gaba\gabay_pricing_core\special_unit_data_audit\sold_candidates.csv,C:\Users\AVIV\gaba\gabay_pricing_core\special_unit_data_audit\sold_candidates.csv,,
same_parcel,garden,אבן עזרא 61,העונות 2,,2026-02-01,2026-02-17,16,3.0,3.0,74.0,67.0,0.1044776119402985,0.0,,,,,,20270.0,19403.0,867.0,0.04468381178168324,C:\Users\AVIV\gaba\gabay_pricing_core\special_unit_data_audit\sold_candidates.csv,C:\Users\AVIV\gaba\gabay_pricing_core\special_unit_data_audit\sold_candidates.csv,,
same_parcel,garden,אבן עזרא 61,ניר עוז 14,,2026-02-01,2026-02-16,15,3.0,3.0,74.0,78.0,0.05128205128205128,0.0,,,,,,20270.0,11628.0,8642.0,0.7432060543515652,C:\Users\AVIV\gaba\gabay_pricing_core\special_unit_data_audit\sold_candidates.csv,C:\Users\AVIV\gaba\gabay_pricing_core\special_unit_data_audit\sold_candidates.csv,,
same_parcel,garden,אבן עזרא 61,היינן 17,,2026-02-01,2026-02-16,15,3.0,3.0,74.0,80.0,0.075,0.0,,,,,,20270.0,11450.0,8820.0,0.7703056768558952,C:\Users\AVIV\gaba\gabay_pricing_core\special_unit_data_audit\sold_candidates.csv,C:\Users\AVIV\gaba\gabay_pricing_core\special_unit_data_audit\sold_candidates.csv,,
same_parcel,garden,אבן עזרא 61,ניר עוז 14,,2026-02-01,2026-02-16,15,3.0,3.0,74.0,80.0,0.075,0.0,,,,,,20270.0,10538.0,9732.0,0.9235148984627064,C:\Users\AVIV\gaba\gabay_pricing_core\special_unit_data_audit\sold_candidates.csv,C:\Users\AVIV\gaba\gabay_pricing_core\special_unit_data_audit\sold_candidates.csv,,
same_parcel,garden,אבן עזרא 61,בר כוכבא 21,,2026-02-01,2026-02-16,15,3.0,3.0,74.0,69.0,0.07246376811594203,0.0,,,,,,20270.0,14493.0,5777.0,0.3986062236941972,C:\Users\AVIV\gaba\gabay_pricing_core\special_unit_data_audit\sold_candidates.csv,C:\Users\AVIV\gaba\gabay_pricing_core\special_unit_data_audit\sold_candidates.csv,,
same_parcel,garden,אבן עזרא 61,בר כוכבא 27,,2026-02-01,2026-02-16,15,3.0,3.0,74.0,76.0,0.02631578947368421,0.0,,,,,,20270.0,15526.0,4744.0,0.30555197732835243,C:\Users\AVIV\gaba\gabay_pricing_core\special_unit_data_audit\sold_candidates.csv,C:\Users\AVIV\gaba\gabay_pricing_core\special_unit_data_audit\sold_candidates.csv,,
same_parcel,garden,אבן עזרא 61,ניר עוז 14,,2026-02-01,2026-02-15,14,3.0,3.0,74.0,78.0,0.05128205128205128,0.0,,,,,,20270.0,11581.0,8689.0,0.7502806320697695,C:\Users\AVIV\gaba\gabay_pricing_core\special_unit_data_audit\sold_candidates.csv,C:\Users\AVIV\gaba\gabay_pricing_core\special_unit_data_audit\sold_candidates.csv,,
same_parcel,garden,אבן עזרא 61,ניר עוז 14,,2026-02-01,2026-02-15,14,3.0,3.0,74.0,80.0,0.075,0.0,,,,,,20270.0,10546.0,9724.0,0.9220557557367722,C:\Users\AVIV\gaba\gabay_pricing_core\special_unit_data_audit\sold_candidates.csv,C:\Users\AVIV\gaba\gabay_pricing_core\special_unit_data_audit\sold_candidates.csv,,
same_parcel,garden,אבן עזרא 61,דרך הים 31,,2026-02-01,2026-02-15,14,3.0,3.0,74.0,79.0,0.06329113924050633,0.0,,,,,,20270.0,10089.0,10181.0,1.009118842303499,C:\Users\AVIV\gaba\gabay_pricing_core\special_unit_data_audit\sold_candidates.csv,C:\Users\AVIV\gaba\gabay_pricing_core\special_unit_data_audit\sold_candidates.csv,,
same_parcel,garden,אבן עזרא 61,הרב יוסף קארו 285,,2026-02-01,2026-02-15,14,3.0,3.0,74.0,73.0,0.0136986301369863,0.0,,,,,,20270.0,16575.0,3695.0,0.22292609351432882,C:\Users\AVIV\gaba\gabay_pricing_core\special_unit_data_audit\sold_candidates.csv,C:\Users\AVIV\gaba\gabay_pricing_core\special_unit_data_audit\sold_candidates.csv,,
same_parcel,garden,אבן עזרא 61,אנה פרנק 12,,2026-02-01,2026-02-15,14,3.0,3.0,74.0,64.0,0.15625,0.0,,,,,,20270.0,16094.0,4176.0,0.25947558096184914,C:\Users\AVIV\gaba\gabay_pricing_core\special_unit_data_audit\sold_candidates.csv,C:\Users\AVIV\gaba\gabay_pricing_core\special_unit_data_audit\sold_candidates.csv,,
same_parcel,garden,אבן עזרא 61,דרך הים 31,,2026-02-01,2026-02-14,13,3.0,3.0,74.0,79.0,0.06329113924050633,0.0,,,,,,20270.0,10099.0,10171.0,1.007129418754332,C:\Users\AVIV\gaba\gabay_pricing_core\special_unit_data_audit\sold_candidates.csv,C:\Users\AVIV\gaba\gabay_pricing_core\special_unit_data_audit\sold_candidates.csv,,
same_parcel,garden,אבן עזרא 61,העונות 2,,2026-02-01,2026-02-13,12,3.0,3.0,74.0,67.0,0.1044776119402985,0.0,,,,,,20270.0,17761.0,2509.0,0.1412645684364619,C:\Users\AVIV\gaba\gabay_pricing_core\special_unit_data_audit\sold_candidates.csv,C:\Users\AVIV\gaba\gabay_pricing_core\special_unit_data_audit\sold_candidates.csv,,
same_parcel,garden,אבן עזרא 61,מגידו 8,,2026-02-01,2026-02-12,11,3.0,3.0,74.0,68.0,0.08823529411764706,0.0,,,,,,20270.0,10809.0,9461.0,0.8752891109260801,C:\Users\AVIV\gaba\gabay_pricing_core\special_unit_data_audit\sold_candidates.csv,C:\Users\AVIV\gaba\gabay_pricing_core\special_unit_data_audit\sold_candidates.csv,,
same_parcel,garden,אבן עזרא 61,ניר עוז 14,,2026-02-01,2026-02-09,8,3.0,3.0,74.0,78.0,0.05128205128205128,0.0,,,,,,20270.0,11590.0,8680.0,0.7489214840379638,C:\Users\AVIV\gaba\gabay_pricing_core\special_unit_data_audit\sold_candidates.csv,C:\Users\AVIV\gaba\gabay_pricing_core\special_unit_data_audit\sold_candidates.csv,,
same_parcel,garden,אבן עזרא 61,יוספטל 5,,2026-02-01,2026-02-09,8,3.0,3.0,74.0,60.0,0.23333333333333334,0.0,,,,,,20270.0,12167.0,8103.0,0.6659817539245501,C:\Users\AVIV\gaba\gabay_pricing_core\special_unit_data_audit\sold_candidates.csv,C:\Users\AVIV\gaba\gabay_pricing_core\special_unit_data_audit\sold_candidates.csv,,
same_parcel,garden,אבן עזרא 61,ניר עוז 14,,2026-02-01,2026-02-09,8,3.0,3.0,74.0,79.0,0.06329113924050633,0.0,,,,,,20270.0,11494.0,8776.0,0.763528797633548,C:\Users\AVIV\gaba\gabay_pricing_core\special_unit_data_audit\sold_candidates.csv,C:\Users\AVIV\gaba\gabay_pricing_core\special_unit_data_audit\sold_candidates.csv,,
same_parcel,garden,אבן עזרא 61,אלי כהן 44,,2026-02-01,2026-02-09,8,3.0,3.0,74.0,77.0,0.03896103896103896,0.0,,,,,,20270.0,7792.0,12478.0,1.6013860369609856,C:\Users\AVIV\gaba\gabay_pricing_core\special_unit_data_audit\sold_candidates.csv,C:\Users\AVIV\gaba\gabay_pricing_core\special_unit_data_audit\sold_candidates.csv,,
same_parcel,garden,אבן עזרא 61,דרך הים 31,,2026-02-01,2026-02-08,7,3.0,3.0,74.0,79.0,0.06329113924050633,0.0,,,,,,20270.0,10051.0,10219.0,1.016714754750771,C:\Users\AVIV\gaba\gabay_pricing_core\special_unit_data_audit\sold_candidates.csv,C:\Users\AVIV\gaba\gabay_pricing_core\special_unit_data_audit\sold_candidates.csv,,
same_parcel,garden,אבן עזרא 61,ניר עוז 14,,2026-02-01,2026-02-08,7,3.0,3.0,74.0,78.0,0.05128205128205128,0.0,,,,,,20270.0,11602.0,8668.0,0.7471125667988278,C:\Users\AVIV\gaba\gabay_pricing_core\special_unit_data_audit\sold_candidates.csv,C:\Users\AVIV\gaba\gabay_pricing_core\special_unit_data_audit\sold_candidates.csv,,
same_parcel,garden,אבן עזרא 61,ניר עוז 14,,2026-02-01,2026-02-08,7,3.0,3.0,74.0,79.0,0.06329113924050633,0.0,,,,,,20270.0,11500.0,8770.0,0.7626086956521739,C:\Users\AVIV\gaba\gabay_pricing_core\special_unit_data_audit\sold_candidates.csv,C:\Users\AVIV\gaba\gabay_pricing_core\special_unit_data_audit\sold_candidates.csv,,
same_parcel,garden,אבן עזרא 61,משה יוליש 4,,2026-02-01,2026-02-08,7,3.0,3.0,74.0,66.0,0.12121212121212122,0.0,,,,,,20270.0,13788.0,6482.0,0.47011894400928345,C:\Users\AVIV\gaba\gabay_pricing_core\special_unit_data_audit\sold_candidates.csv,C:\Users\AVIV\gaba\gabay_pricing_core\special_unit_data_audit\sold_candidates.csv,,
same_parcel,garden,אבן עזרא 61,עינות צוקים 7,,2026-02-01,2026-02-08,7,3.0,3.0,74.0,71.0,0.04225352112676056,0.0,,,,,,20270.0,20563.0,-293.0,-0.014248893643923552,C:\Users\AVIV\gaba\gabay_pricing_core\special_unit_data_audit\sold_candidates.csv,C:\Users\AVIV\gaba\gabay_pricing_core\special_unit_data_audit\sold_candidates.csv,,
same_parcel,garden,אבן עזרא 61,דרך הים 31,,2026-02-01,2026-02-07,6,3.0,3.0,74.0,79.0,0.06329113924050633,0.0,,,,,,20270.0,10057.0,10213.0,1.0155115839713633,C:\Users\AVIV\gaba\gabay_pricing_core\special_unit_data_audit\sold_candidates.csv,C:\Users\AVIV\gaba\gabay_pricing_core\special_unit_data_audit\sold_candidates.csv,,
same_parcel,garden,אבן עזרא 61,העונות 2,,2026-02-01,2026-02-03,2,3.0,3.0,74.0,68.0,0.08823529411764706,0.0,,,,,,20270.0,19632.0,638.0,0.032497962510187446,C:\Users\AVIV\gaba\gabay_pricing_core\special_unit_data_audit\sold_candidates.csv,C:\Users\AVIV\gaba\gabay_pricing_core\special_unit_data_audit\sold_candidates.csv,,
same_parcel,garden,אבן עזרא 61,יוסף פינס 7,,2026-02-01,2026-02-01,0,3.0,3.0,74.0,80.0,0.075,0.0,,,,,,20270.0,15000.0,5270.0,0.35133333333333333,C:\Users\AVIV\gaba\gabay_pricing_core\special_unit_data_audit\sold_candidates.csv,C:\Users\AVIV\gaba\gabay_pricing_core\special_unit_data_audit\sold_candidates.csv,,
same_parcel,garden,אבן עזרא 61,אשתאול 4,,2026-02-01,2026-01-30,2,3.0,3.0,74.0,69.0,0.07246376811594203,0.0,,,,,,20270.0,17101.0,3169.0,0.18531080053798024,C:\Users\AVIV\gaba\gabay_pricing_core\special_unit_data_audit\sold_candidates.csv,C:\Users\AVIV\gaba\gabay_pricing_core\special_unit_data_audit\sold_candidates.csv,,
same_parcel,garden,אבן עזרא 61,חזון עובדיה 51,,2026-02-01,2026-01-29,3,3.0,3.0,74.0,76.0,0.02631578947368421,0.0,,,,,,20270.0,19737.0,533.0,0.027005117292394996,C:\Users\AVIV\gaba\gabay_pricing_core\special_unit_data_audit\sold_candidates.csv,C:\Users\AVIV\gaba\gabay_pricing_core\special_unit_data_audit\sold_candidates.csv,,
same_parcel,garden,אבן עזרא 61,חזון עובדיה 51,,2026-02-01,2026-01-28,4,3.0,3.0,74.0,76.0,0.02631578947368421,0.0,,,,,,20270.0,19737.0,533.0,0.027005117292394996,C:\Users\AVIV\gaba\gabay_pricing_core\special_unit_data_audit\sold_candidates.csv,C:\Users\AVIV\gaba\gabay_pricing_core\special_unit_data_audit\sold_candidates.csv,,
same_parcel,garden,אבן עזרא 61,תענך 2,,2026-02-01,2026-01-28,4,3.0,3.0,74.0,71.0,0.04225352112676056,0.0,,,,,,20270.0,18310.0,1960.0,0.10704533042053523,C:\Users\AVIV\gaba\gabay_pricing_core\special_unit_data_audit\sold_candidates.csv,C:\Users\AVIV\gaba\gabay_pricing_core\special_unit_data_audit\sold_candidates.csv,,
same_parcel,garden,אבן עזרא 61,אריה 10,,2026-02-01,2026-01-26,6,3.0,3.0,74.0,77.0,0.03896103896103896,0.0,,,,,,20270.0,14156.0,6114.0,0.43190166713760947,C:\Users\AVIV\gaba\gabay_pricing_core\special_unit_data_audit\sold_candidates.csv,C:\Users\AVIV\gaba\gabay_pricing_core\special_unit_data_audit\sold_candidates.csv,,
same_parcel,garden,אבן עזרא 61,יוספטל 20,,2026-02-01,2026-01-26,6,3.0,3.0,74.0,55.0,0.34545454545454546,0.0,,,,,,20270.0,15818.0,4452.0,0.28145151093690735,C:\Users\AVIV\gaba\gabay_pricing_core\special_unit_data_audit\sold_candidates.csv,C:\Users\AVIV\gaba\gabay_pricing_core\special_unit_data_audit\sold_candidates.csv,,
same_parcel,garden,אבן עזרא 61,,,2026-02-01,2026-01-26,6,3.0,3.0,74.0,60.0,0.23333333333333334,0.0,,,,,,20270.0,20000.0,270.0,0.0135,C:\Users\AVIV\gaba\gabay_pricing_core\special_unit_data_audit\sold_candidates.csv,C:\Users\AVIV\gaba\gabay_pricing_core\special_unit_data_audit\sold_candidates.csv,,
same_parcel,garden,אבן עזרא 61,דרך הים 31,,2026-02-01,2026-01-25,7,3.0,3.0,74.0,79.0,0.06329113924050633,0.0,,,,,,20270.0,10089.0,10181.0,1.009118842303499,C:\Users\AVIV\gaba\gabay_pricing_core\special_unit_data_audit\sold_candidates.csv,C:\Users\AVIV\gaba\gabay_pricing_core\special_unit_data_audit\sold_candidates.csv,,
same_parcel,garden,אבן עזרא 61,דרך הים 31,,2026-02-01,2026-01-24,8,3.0,3.0,74.0,79.0,0.06329113924050633,0.0,,,,,,20270.0,10091.0,10179.0,1.008720642156377,C:\Users\AVIV\gaba\gabay_pricing_core\special_unit_data_audit\sold_candidates.csv,C:\Users\AVIV\gaba\gabay_pricing_core\special_unit_data_audit\sold_candidates.csv,,
same_parcel,garden,אבן עזרא 61,"אב""א אחימאיר 109",,2026-02-01,2026-01-22,10,3.0,3.0,74.0,76.0,0.02631578947368421,0.0,,,,,,20270.0,15789.0,4481.0,0.28380518082209133,C:\Users\AVIV\gaba\gabay_pricing_core\special_unit_data_audit\sold_candidates.csv,C:\Users\AVIV\gaba\gabay_pricing_core\special_unit_data_audit\sold_candidates.csv,,
same_parcel,garden,אבן עזרא 61,חובבי ציון 9,,2026-02-01,2026-01-22,10,3.0,3.0,74.0,68.0,0.08823529411764706,0.0,,,,,,20270.0,10515.0,9755.0,0.9277223014740846,C:\Users\AVIV\gaba\gabay_pricing_core\special_unit_data_audit\sold_candidates.csv,C:\Users\AVIV\gaba\gabay_pricing_core\special_unit_data_audit\sold_candidates.csv,,
same_parcel,garden,אבן עזרא 61,,,2026-02-01,2026-01-20,12,3.0,3.0,74.0,65.0,0.13846153846153847,0.0,,,,,,20270.0,18615.0,1655.0,0.08890679559495031,C:\Users\AVIV\gaba\gabay_pricing_core\special_unit_data_audit\sold_candidates.csv,C:\Users\AVIV\gaba\gabay_pricing_core\special_unit_data_audit\sold_candidates.csv,,
same_parcel,garden,אבן עזרא 61,ז'בוטינסקי 4,,2026-02-01,2026-01-20,12,3.0,3.0,74.0,55.0,0.34545454545454546,0.0,,,,,,20270.0,16182.0,4088.0,0.25262637498455076,C:\Users\AVIV\gaba\gabay_pricing_core\special_unit_data_audit\sold_candidates.csv,C:\Users\AVIV\gaba\gabay_pricing_core\special_unit_data_audit\sold_candidates.csv,,
same_parcel,garden,אבן עזרא 61,חזון עובדיה 51,,2026-02-01,2026-01-20,12,3.0,3.0,74.0,79.0,0.06329113924050633,0.0,,,,,,20270.0,16696.0,3574.0,0.21406324868231913,C:\Users\AVIV\gaba\gabay_pricing_core\special_unit_data_audit\sold_candidates.csv,C:\Users\AVIV\gaba\gabay_pricing_core\special_unit_data_audit\sold_candidates.csv,,
same_parcel,garden,אבן עזרא 61,מרדכי אנילביץ 438,,2026-02-01,2026-01-19,13,3.0,3.0,74.0,64.0,0.15625,0.0,,,,,,20270.0,14844.0,5426.0,0.36553489625437885,C:\Users\AVIV\gaba\gabay_pricing_core\special_unit_data_audit\sold_candidates.csv,C:\Users\AVIV\gaba\gabay_pricing_core\special_unit_data_audit\sold_candidates.csv,,
same_parcel,garden,אבן עזרא 61,שפירא 40,,2026-02-01,2026-01-19,13,3.0,3.0,74.0,62.0,0.1935483870967742,0.0,,,,,,20270.0,15968.0,4302.0,0.26941382765531063,C:\Users\AVIV\gaba\gabay_pricing_core\special_unit_data_audit\sold_candidates.csv,C:\Users\AVIV\gaba\gabay_pricing_core\special_unit_data_audit\sold_candidates.csv,,
same_parcel,garden,אבן עזרא 61,עמק יזרעאל 99,,2026-02-01,2026-01-19,13,3.0,3.0,74.0,79.0,0.06329113924050633,0.0,,,,,,20270.0,19620.0,650.0,0.033129459734964326,C:\Users\AVIV\gaba\gabay_pricing_core\special_unit_data_audit\sold_candidates.csv,C:\Users\AVIV\gaba\gabay_pricing_core\special_unit_data_audit\sold_candidates.csv,,
same_parcel,garden,אבן עזרא 61,דרך הים 31,,2026-02-01,2026-01-18,14,3.0,3.0,74.0,79.0,0.06329113924050633,0.0,,,,,,20270.0,10051.0,10219.0,1.016714754750771,C:\Users\AVIV\gaba\gabay_pricing_core\special_unit_data_audit\sold_candidates.csv,C:\Users\AVIV\gaba\gabay_pricing_core\special_unit_data_audit\sold_candidates.csv,,
same_parcel,garden,אבן עזרא 61,דרך הים 31,,2026-02-01,2026-01-17,15,3.0,3.0,74.0,79.0,0.06329113924050633,0.0,,,,,,20270.0,10061.0,10209.0,1.014710267369049,C:\Users\AVIV\gaba\gabay_pricing_core\special_unit_data_audit\sold_candidates.csv,C:\Users\AVIV\gaba\gabay_pricing_core\special_unit_data_audit\sold_candidates.csv,,
same_parcel,garden,אבן עזרא 61,עדולם 19,,2026-02-01,2026-01-15,17,3.0,3.0,74.0,63.0,0.1746031746031746,0.0,,,,,,20270.0,31984.0,-11714.0,-0.3662456228114057,C:\Users\AVIV\gaba\gabay_pricing_core\special_unit_data_audit\sold_candidates.csv,C:\Users\AVIV\gaba\gabay_pricing_core\special_unit_data_audit\sold_candidates.csv,,
same_parcel,garden,אבן עזרא 61,יהודה הלוי 2,,2026-02-01,2026-01-15,17,3.0,3.0,74.0,65.0,0.13846153846153847,0.0,,,,,,20270.0,16769.0,3501.0,0.20877810245095116,C:\Users\AVIV\gaba\gabay_pricing_core\special_unit_data_audit\sold_candidates.csv,C:\Users\AVIV\gaba\gabay_pricing_core\special_unit_data_audit\sold_candidates.csv,,
same_parcel,garden,אבן עזרא 61,אורט 14,,2026-02-01,2026-01-14,18,3.0,3.0,74.0,73.0,0.0136986301369863,0.0,,,,,,20270.0,18699.0,1571.0,0.08401518797796674,C:\Users\AVIV\gaba\gabay_pricing_core\special_unit_data_audit\sold_candidates.csv,C:\Users\AVIV\gaba\gabay_pricing_core\special_unit_data_audit\sold_candidates.csv,,
same_parcel,garden,אבן עזרא 61,שפירא 1,,2026-02-01,2026-01-14,18,3.0,3.0,74.0,61.0,0.21311475409836064,0.0,,,,,,20270.0,17295.0,2975.0,0.17201503324660306,C:\Users\AVIV\gaba\gabay_pricing_core\special_unit_data_audit\sold_candidates.csv,C:\Users\AVIV\gaba\gabay_pricing_core\special_unit_data_audit\sold_candidates.csv,,
same_parcel,garden,אבן עזרא 61,אריה 14,,2026-02-01,2026-01-14,18,3.0,3.0,74.0,65.0,0.13846153846153847,0.0,,,,,,20270.0,16462.0,3808.0,0.2313206171789576,C:\Users\AVIV\gaba\gabay_pricing_core\special_unit_data_audit\sold_candidates.csv,C:\Users\AVIV\gaba\gabay_pricing_core\special_unit_data_audit\sold_candidates.csv,,
same_parcel,garden,אבן עזרא 61,מנחם בגין 34,,2026-02-01,2026-01-14,18,3.0,3.0,74.0,77.0,0.03896103896103896,0.0,,,,,,20270.0,13961.0,6309.0,0.45190172623737557,C:\Users\AVIV\gaba\gabay_pricing_core\special_unit_data_audit\sold_candidates.csv,C:\Users\AVIV\gaba\gabay_pricing_core\special_unit_data_audit\sold_candidates.csv,,
same_parcel,garden,אבן עזרא 61,משה יוליש 10,,2026-02-01,2026-01-14,18,3.0,3.0,74.0,70.0,0.05714285714285714,0.0,,,,,,20270.0,12429.0,7841.0,0.6308633035642449,C:\Users\AVIV\gaba\gabay_pricing_core\special_unit_data_audit\sold_candidates.csv,C:\Users\AVIV\gaba\gabay_pricing_core\special_unit_data_audit\sold_candidates.csv,,
same_parcel,garden,אבן עזרא 61,הרצל 16,,2026-02-01,2026-01-12,20,3.0,3.0,74.0,68.0,0.08823529411764706,0.0,,,,,,20270.0,10882.0,9388.0,0.8627090608344055,C:\Users\AVIV\gaba\gabay_pricing_core\special_unit_data_audit\sold_candidates.csv,C:\Users\AVIV\gaba\gabay_pricing_core\special_unit_data_audit\sold_candidates.csv,,
same_parcel,garden,אבן עזרא 61,דוד רזיאל 18,,2026-02-01,2026-01-12,20,3.0,3.0,74.0,70.0,0.05714285714285714,0.0,,,,,,20270.0,13143.0,7127.0,0.5422658449364681,C:\Users\AVIV\gaba\gabay_pricing_core\special_unit_data_audit\sold_candidates.csv,C:\Users\AVIV\gaba\gabay_pricing_core\special_unit_data_audit\sold_candidates.csv,,
same_parcel,garden,אבן עזרא 61,עולי הגרדום 11,,2026-02-01,2026-01-11,21,3.0,3.0,74.0,69.0,0.07246376811594203,0.0,,,,,,20270.0,16884.0,3386.0,0.2005448945747453,C:\Users\AVIV\gaba\gabay_pricing_core\special_unit_data_audit\sold_candidates.csv,C:\Users\AVIV\gaba\gabay_pricing_core\special_unit_data_audit\sold_candidates.csv,,
same_parcel,garden,אבן עזרא 61,אפרים צור 42,,2026-02-01,2026-01-09,23,3.0,3.0,74.0,59.0,0.2542372881355932,0.0,,,,,,20270.0,11186.0,9084.0,0.8120865367423565,C:\Users\AVIV\gaba\gabay_pricing_core\special_unit_data_audit\sold_candidates.csv,C:\Users\AVIV\gaba\gabay_pricing_core\special_unit_data_audit\sold_candidates.csv,,
same_parcel,garden,אבן עזרא 61,יהודה הלוי 32,,2026-02-01,2026-01-08,24,3.0,3.0,74.0,68.0,0.08823529411764706,0.0,,,,,,20270.0,17618.0,2652.0,0.1505278692246566,C:\Users\AVIV\gaba\gabay_pricing_core\special_unit_data_audit\sold_candidates.csv,C:\Users\AVIV\gaba\gabay_pricing_core\special_unit_data_audit\sold_candidates.csv,,
same_parcel,garden,אבן עזרא 61,פקיעין 6,,2026-02-01,2026-01-08,24,3.0,3.0,74.0,80.0,0.075,0.0,,,,,,20270.0,16875.0,3395.0,0.2011851851851852,C:\Users\AVIV\gaba\gabay_pricing_core\special_unit_data_audit\sold_candidates.csv,C:\Users\AVIV\gaba\gabay_pricing_core\special_unit_data_audit\sold_candidates.csv,,
same_parcel,garden,אבן עזרא 61,שפירא 10,,2026-02-01,2026-01-07,25,3.0,3.0,74.0,73.0,0.0136986301369863,0.0,,,,,,20270.0,13699.0,6571.0,0.4796700489086795,C:\Users\AVIV\gaba\gabay_pricing_core\special_unit_data_audit\sold_candidates.csv,C:\Users\AVIV\gaba\gabay_pricing_core\special_unit_data_audit\sold_candidates.csv,,
same_parcel,garden,אבן עזרא 61,"ש""י עגנון 11",,2026-02-01,2026-01-06,26,3.0,3.0,74.0,60.0,0.23333333333333334,0.0,,,,,,20270.0,14100.0,6170.0,0.4375886524822695,C:\Users\AVIV\gaba\gabay_pricing_core\special_unit_data_audit\sold_candidates.csv,C:\Users\AVIV\gaba\gabay_pricing_core\special_unit_data_audit\sold_candidates.csv,,
same_parcel,garden,אבן עזרא 61,ההסתדרות 24,,2026-02-01,2026-01-06,26,3.0,3.0,74.0,80.0,0.075,0.0,,,,,,20270.0,12750.0,7520.0,0.5898039215686275,C:\Users\AVIV\gaba\gabay_pricing_core\special_unit_data_audit\sold_candidates.csv,C:\Users\AVIV\gaba\gabay_pricing_core\special_unit_data_audit\sold_candidates.csv,,
same_parcel,garden,אבן עזרא 61,,,2026-02-01,2026-01-06,26,3.0,3.0,74.0,79.0,0.06329113924050633,0.0,,,,,,20270.0,18228.0,2042.0,0.1120254553434277,C:\Users\AVIV\gaba\gabay_pricing_core\special_unit_data_audit\sold_candidates.csv,C:\Users\AVIV\gaba\gabay_pricing_core\special_unit_data_audit\sold_candidates.csv,,
same_parcel,garden,אבן עזרא 61,הנשיא 89,,2026-02-01,2026-01-04,28,3.0,3.0,74.0,69.0,0.07246376811594203,0.0,,,,,,20270.0,17101.0,3169.0,0.18531080053798024,C:\Users\AVIV\gaba\gabay_pricing_core\special_unit_data_audit\sold_candidates.csv,C:\Users\AVIV\gaba\gabay_pricing_core\special_unit_data_audit\sold_candidates.csv,,
same_parcel,garden,אבן עזרא 61,ניר עוז 14,,2026-02-01,2026-01-02,30,3.0,3.0,74.0,80.0,0.075,0.0,,,,,,20270.0,20000.0,270.0,0.0135,C:\Users\AVIV\gaba\gabay_pricing_core\special_unit_data_audit\sold_candidates.csv,C:\Users\AVIV\gaba\gabay_pricing_core\special_unit_data_audit\sold_candidates.csv,,
same_parcel,garden,אבן עזרא 61,שפירא 21,,2026-02-01,2026-01-01,31,3.0,3.0,74.0,63.0,0.1746031746031746,0.0,,,,,,20270.0,12810.0,7460.0,0.5823575331772053,C:\Users\AVIV\gaba\gabay_pricing_core\special_unit_data_audit\sold_candidates.csv,C:\Users\AVIV\gaba\gabay_pricing_core\special_unit_data_audit\sold_candidates.csv,,
same_parcel,garden,אבן עזרא 61,ז'בוטינסקי 9,,2026-02-01,2026-01-01,31,3.0,3.0,74.0,56.0,0.32142857142857145,0.0,,,,,,20270.0,19643.0,627.0,0.03191976785623377,C:\Users\AVIV\gaba\gabay_pricing_core\special_unit_data_audit\sold_candidates.csv,C:\Users\AVIV\gaba\gabay_pricing_core\special_unit_data_audit\sold_candidates.csv,,
same_parcel,garden,אבן עזרא 61,ניר עוז 14,,2026-02-01,2026-01-01,31,3.0,3.0,74.0,80.0,0.075,0.0,,,,,,20270.0,20000.0,270.0,0.0135,C:\Users\AVIV\gaba\gabay_pricing_core\special_unit_data_audit\sold_candidates.csv,C:\Users\AVIV\gaba\gabay_pricing_core\special_unit_data_audit\sold_candidates.csv,,
same_parcel,garden,אבן עזרא 61,"ש""י עגנון 170",,2026-02-01,2025-12-31,32,3.0,3.0,74.0,66.0,0.12121212121212122,0.0,,,,,,20270.0,16515.0,3755.0,0.22736905843172872,C:\Users\AVIV\gaba\gabay_pricing_core\special_unit_data_audit\sold_candidates.csv,C:\Users\AVIV\gaba\gabay_pricing_core\special_unit_data_audit\sold_candidates.csv,,
same_parcel,garden,אבן עזרא 61,הסנה 308,,2026-02-01,2025-12-30,33,3.0,3.0,74.0,77.0,0.03896103896103896,0.0,,,,,,20270.0,14675.0,5595.0,0.38126064735945486,C:\Users\AVIV\gaba\gabay_pricing_core\special_unit_data_audit\sold_candidates.csv,C:\Users\AVIV\gaba\gabay_pricing_core\special_unit_data_audit\sold_candidates.csv,,
same_parcel,garden,אבן עזרא 61,,,2026-02-01,2025-12-28,35,3.0,3.0,74.0,75.0,0.013333333333333334,0.0,,,,,,20270.0,21133.0,-863.0,-0.040836606255619176,C:\Users\AVIV\gaba\gabay_pricing_core\special_unit_data_audit\sold_candidates.csv,C:\Users\AVIV\gaba\gabay_pricing_core\special_unit_data_audit\sold_candidates.csv,,
same_parcel,garden,אבן עזרא 61,הרב יוסף שרביט 7,,2026-02-01,2025-12-28,35,3.0,3.0,74.0,75.0,0.013333333333333334,0.0,,,,,,20270.0,24133.0,-3863.0,-0.16007127170264782,C:\Users\AVIV\gaba\gabay_pricing_core\special_unit_data_audit\sold_candidates.csv,C:\Users\AVIV\gaba\gabay_pricing_core\special_unit_data_audit\sold_candidates.csv,,
same_parcel,garden,אבן עזרא 61,"ש""י עגנון 28",,2026-02-01,2025-12-28,35,3.0,3.0,74.0,76.0,0.02631578947368421,0.0,,,,,,20270.0,16447.0,3823.0,0.2324436067367909,C:\Users\AVIV\gaba\gabay_pricing_core\special_unit_data_audit\sold_candidates.csv,C:\Users\AVIV\gaba\gabay_pricing_core\special_unit_data_audit\sold_candidates.csv,,
same_parcel,garden,אבן עזרא 61,"ש""י עגנון 169",,2026-02-01,2025-12-28,35,3.0,3.0,74.0,68.0,0.08823529411764706,0.0,,,,,,20270.0,14412.0,5858.0,0.40646683319456006,C:\Users\AVIV\gaba\gabay_pricing_core\special_unit_data_audit\sold_candidates.csv,C:\Users\AVIV\gaba\gabay_pricing_core\special_unit_data_audit\sold_candidates.csv,,
same_parcel,garden,אבן עזרא 61,דרך הים 38,,2026-02-01,2025-12-28,35,3.0,3.0,74.0,80.0,0.075,0.0,,,,,,20270.0,19875.0,395.0,0.019874213836477986,C:\Users\AVIV\gaba\gabay_pricing_core\special_unit_data_audit\sold_candidates.csv,C:\Users\AVIV\gaba\gabay_pricing_core\special_unit_data_audit\sold_candidates.csv,,
same_parcel,garden,אבן עזרא 61,ההסתדרות 41,,2026-02-01,2025-12-26,37,3.0,3.0,74.0,75.0,0.013333333333333334,0.0,,,,,,20270.0,12933.0,7337.0,0.5673084357844275,C:\Users\AVIV\gaba\gabay_pricing_core\special_unit_data_audit\sold_candidates.csv,C:\Users\AVIV\gaba\gabay_pricing_core\special_unit_data_audit\sold_candidates.csv,,
same_parcel,garden,אבן עזרא 61,צדק 9,,2026-02-01,2025-12-25,38,3.0,3.0,74.0,70.0,0.05714285714285714,0.0,,,,,,20270.0,26857.0,-6587.0,-0.24526194288267492,C:\Users\AVIV\gaba\gabay_pricing_core\special_unit_data_audit\sold_candidates.csv,C:\Users\AVIV\gaba\gabay_pricing_core\special_unit_data_audit\sold_candidates.csv,,
same_parcel,garden,אבן עזרא 61,בן גוריון 30,,2026-02-01,2025-12-25,38,3.0,3.0,74.0,59.0,0.2542372881355932,0.0,,,,,,20270.0,25424.0,-5154.0,-0.20272183763373192,C:\Users\AVIV\gaba\gabay_pricing_core\special_unit_data_audit\sold_candidates.csv,C:\Users\AVIV\gaba\gabay_pricing_core\special_unit_data_audit\sold_candidates.csv,,
same_parcel,garden,אבן עזרא 61,האשוח 26,,2026-02-01,2025-12-25,38,3.0,3.0,74.0,60.0,0.23333333333333334,0.0,,,,,,20270.0,63833.0,-43563.0,-0.6824526498832892,C:\Users\AVIV\gaba\gabay_pricing_core\special_unit_data_audit\sold_candidates.csv,C:\Users\AVIV\gaba\gabay_pricing_core\special_unit_data_audit\sold_candidates.csv,,
same_parcel,garden,אבן עזרא 61,משה יוליש 4,,2026-02-01,2025-12-24,39,3.0,3.0,74.0,66.0,0.12121212121212122,0.0,,,,,,20270.0,13939.0,6331.0,0.45419327067938875,C:\Users\AVIV\gaba\gabay_pricing_core\special_unit_data_audit\sold_candidates.csv,C:\Users\AVIV\gaba\gabay_pricing_core\special_unit_data_audit\sold_candidates.csv,,
same_parcel,garden,אבן עזרא 61,מגידו 5,,2026-02-01,2025-12-24,39,3.0,3.0,74.0,74.0,0.0,0.0,,,,,,20270.0,19257.0,1013.0,0.05260424780599263,C:\Users\AVIV\gaba\gabay_pricing_core\special_unit_data_audit\sold_candidates.csv,C:\Users\AVIV\gaba\gabay_pricing_core\special_unit_data_audit\sold_candidates.csv,,
same_parcel,garden,אבן עזרא 61,,,2026-02-01,2025-12-22,41,3.0,3.0,74.0,69.0,0.07246376811594203,0.0,,,,,,20270.0,17536.0,2734.0,0.15590784671532848,C:\Users\AVIV\gaba\gabay_pricing_core\special_unit_data_audit\sold_candidates.csv,C:\Users\AVIV\gaba\gabay_pricing_core\special_unit_data_audit\sold_candidates.csv,,
same_parcel,garden,אבן עזרא 61,העונות 2,,2026-02-01,2025-12-22,41,3.0,3.0,74.0,67.0,0.1044776119402985,0.0,,,,,,20270.0,19925.0,345.0,0.017314930991217063,C:\Users\AVIV\gaba\gabay_pricing_core\special_unit_data_audit\sold_candidates.csv,C:\Users\AVIV\gaba\gabay_pricing_core\special_unit_data_audit\sold_candidates.csv,,
same_parcel,garden,אבן עזרא 61,הנשיא 91,,2026-02-01,2025-12-22,41,3.0,3.0,74.0,65.0,0.13846153846153847,0.0,,,,,,20270.0,16846.0,3424.0,0.20325299774427164,C:\Users\AVIV\gaba\gabay_pricing_core\special_unit_data_audit\sold_candidates.csv,C:\Users\AVIV\gaba\gabay_pricing_core\special_unit_data_audit\sold_candidates.csv,,
same_parcel,garden,אבן עזרא 61,דרך הים 31,,2026-02-01,2025-12-22,41,3.0,3.0,74.0,79.0,0.06329113924050633,0.0,,,,,,20270.0,10089.0,10181.0,1.009118842303499,C:\Users\AVIV\gaba\gabay_pricing_core\special_unit_data_audit\sold_candidates.csv,C:\Users\AVIV\gaba\gabay_pricing_core\special_unit_data_audit\sold_candidates.csv,,
same_parcel,garden,אבן עזרא 61,דרך הים 31,,2026-02-01,2025-12-21,42,3.0,3.0,74.0,79.0,0.06329113924050633,0.0,,,,,,20270.0,10090.0,10180.0,1.0089197224975224,C:\Users\AVIV\gaba\gabay_pricing_core\special_unit_data_audit\sold_candidates.csv,C:\Users\AVIV\gaba\gabay_pricing_core\special_unit_data_audit\sold_candidates.csv,,
same_parcel,garden,אבן עזרא 61,הגולן 21,,2026-02-01,2025-12-17,46,3.0,3.0,74.0,64.0,0.15625,0.0,,,,,,20270.0,15172.0,5098.0,0.3360137094648036,C:\Users\AVIV\gaba\gabay_pricing_core\special_unit_data_audit\sold_candidates.csv,C:\Users\AVIV\gaba\gabay_pricing_core\special_unit_data_audit\sold_candidates.csv,,
same_parcel,garden,אבן עזרא 61,שפירא 1,,2026-02-01,2025-12-14,49,3.0,3.0,74.0,61.0,0.21311475409836064,0.0,,,,,,20270.0,16311.0,3959.0,0.24271963705474833,C:\Users\AVIV\gaba\gabay_pricing_core\special_unit_data_audit\sold_candidates.csv,C:\Users\AVIV\gaba\gabay_pricing_core\special_unit_data_audit\sold_candidates.csv,,
same_parcel,garden,אבן עזרא 61,אריה 14,,2026-02-01,2025-12-14,49,3.0,3.0,74.0,68.0,0.08823529411764706,0.0,,,,,,20270.0,15147.0,5123.0,0.33821878919918136,C:\Users\AVIV\gaba\gabay_pricing_core\special_unit_data_audit\sold_candidates.csv,C:\Users\AVIV\gaba\gabay_pricing_core\special_unit_data_audit\sold_candidates.csv,,
same_parcel,garden,אבן עזרא 61,דרך הים 31,,2026-02-01,2025-12-14,49,3.0,3.0,74.0,79.0,0.06329113924050633,0.0,,,,,,20270.0,10025.0,10245.0,1.0219451371571073,C:\Users\AVIV\gaba\gabay_pricing_core\special_unit_data_audit\sold_candidates.csv,C:\Users\AVIV\gaba\gabay_pricing_core\special_unit_data_audit\sold_candidates.csv,,
same_parcel,garden,אבן עזרא 61,דרך הים 31,,2026-02-01,2025-12-13,50,3.0,3.0,74.0,79.0,0.06329113924050633,0.0,,,,,,20270.0,10037.0,10233.0,1.019527747334861,C:\Users\AVIV\gaba\gabay_pricing_core\special_unit_data_audit\sold_candidates.csv,C:\Users\AVIV\gaba\gabay_pricing_core\special_unit_data_audit\sold_candidates.csv,,
same_parcel,garden,אבן עזרא 61,אליעזר בן יהודה 2,,2026-02-01,2025-12-12,51,3.0,3.0,74.0,68.0,0.08823529411764706,0.0,,,,,,20270.0,18456.0,1814.0,0.09828781967923711,C:\Users\AVIV\gaba\gabay_pricing_core\special_unit_data_audit\sold_candidates.csv,C:\Users\AVIV\gaba\gabay_pricing_core\special_unit_data_audit\sold_candidates.csv,,
same_parcel,garden,אבן עזרא 61,"ביל""ו 1",,2026-02-01,2025-12-11,52,3.0,3.0,74.0,58.0,0.27586206896551724,0.0,,,,,,20270.0,19569.0,701.0,0.03582196330931575,C:\Users\AVIV\gaba\gabay_pricing_core\special_unit_data_audit\sold_candidates.csv,C:\Users\AVIV\gaba\gabay_pricing_core\special_unit_data_audit\sold_candidates.csv,,
same_parcel,garden,אבן עזרא 61,ביאליק 286,,2026-02-01,2025-12-10,53,3.0,3.0,74.0,73.0,0.0136986301369863,0.0,,,,,,20270.0,11781.0,8489.0,0.7205670146846618,C:\Users\AVIV\gaba\gabay_pricing_core\special_unit_data_audit\sold_candidates.csv,C:\Users\AVIV\gaba\gabay_pricing_core\special_unit_data_audit\sold_candidates.csv,,
same_parcel,garden,אבן עזרא 61,עולי הגרדום 9,,2026-02-01,2025-12-10,53,3.0,3.0,74.0,69.0,0.07246376811594203,0.0,,,,,,20270.0,17391.0,2879.0,0.1655453970444483,C:\Users\AVIV\gaba\gabay_pricing_core\special_unit_data_audit\sold_candidates.csv,C:\Users\AVIV\gaba\gabay_pricing_core\special_unit_data_audit\sold_candidates.csv,,
same_parcel,garden,אבן עזרא 61,טשרניחובסקי 4,,2026-02-01,2025-12-09,54,3.0,3.0,74.0,71.0,0.04225352112676056,0.0,,,,,,20270.0,12676.0,7594.0,0.5990848848217103,C:\Users\AVIV\gaba\gabay_pricing_core\special_unit_data_audit\sold_candidates.csv,C:\Users\AVIV\gaba\gabay_pricing_core\special_unit_data_audit\sold_candidates.csv,,
same_parcel,garden,אבן עזרא 61,"ש""י עגנון 2",,2026-02-01,2025-12-09,54,3.0,3.0,74.0,70.0,0.05714285714285714,0.0,,,,,,20270.0,14286.0,5984.0,0.4188716225675487,C:\Users\AVIV\gaba\gabay_pricing_core\special_unit_data_audit\sold_candidates.csv,C:\Users\AVIV\gaba\gabay_pricing_core\special_unit_data_audit\sold_candidates.csv,,
same_parcel,garden,אבן עזרא 61,עולי הגרדום 10,,2026-02-01,2025-12-09,54,3.0,3.0,74.0,62.0,0.1935483870967742,0.0,,,,,,20270.0,23871.0,-3601.0,-0.15085249884797453,C:\Users\AVIV\gaba\gabay_pricing_core\special_unit_data_audit\sold_candidates.csv,C:\Users\AVIV\gaba\gabay_pricing_core\special_unit_data_audit\sold_candidates.csv,,
same_parcel,garden,אבן עזרא 61,בנימין 12,,2026-02-01,2025-12-09,54,3.0,3.0,74.0,79.0,0.06329113924050633,0.0,,,,,,20270.0,15949.0,4321.0,0.2709260768700232,C:\Users\AVIV\gaba\gabay_pricing_core\special_unit_data_audit\sold_candidates.csv,C:\Users\AVIV\gaba\gabay_pricing_core\special_unit_data_audit\sold_candidates.csv,,
same_parcel,garden,אבן עזרא 61,שפירא 16,,2026-02-01,2025-12-08,55,3.0,3.0,74.0,69.0,0.07246376811594203,0.0,,,,,,20270.0,15217.0,5053.0,0.3320628244726293,C:\Users\AVIV\gaba\gabay_pricing_core\special_unit_data_audit\sold_candidates.csv,C:\Users\AVIV\gaba\gabay_pricing_core\special_unit_data_audit\sold_candidates.csv,,
same_parcel,garden,אבן עזרא 61,שפיה 15,,2026-02-01,2025-12-08,55,3.0,3.0,74.0,75.0,0.013333333333333334,0.0,,,,,,20270.0,20800.0,-530.0,-0.02548076923076923,C:\Users\AVIV\gaba\gabay_pricing_core\special_unit_data_audit\sold_candidates.csv,C:\Users\AVIV\gaba\gabay_pricing_core\special_unit_data_audit\sold_candidates.csv,,
same_parcel,garden,אבן עזרא 61,התלמוד 5,,2026-02-01,2025-12-07,56,3.0,3.0,74.0,72.0,0.027777777777777776,0.0,2.0,,,,,20270.0,15278.0,4992.0,0.3267443382641707,C:\Users\AVIV\gaba\gabay_pricing_core\special_unit_data_audit\sold_candidates.csv,C:\Users\AVIV\gaba\gabay_pricing_core\special_unit_data_audit\sold_candidates.csv,,
same_parcel,garden,אבן עזרא 61,בר כוכבא 33,,2026-02-01,2025-12-07,56,3.0,3.0,74.0,69.0,0.07246376811594203,0.0,,,,,,20270.0,16884.0,3386.0,0.2005448945747453,C:\Users\AVIV\gaba\gabay_pricing_core\special_unit_data_audit\sold_candidates.csv,C:\Users\AVIV\gaba\gabay_pricing_core\special_unit_data_audit\sold_candidates.csv,,
same_parcel,garden,אבן עזרא 61,נווה שלום 17,,2026-02-01,2025-12-07,56,3.0,3.0,74.0,67.0,0.1044776119402985,0.0,,,,,,20270.0,17313.0,2957.0,0.17079651129209264,C:\Users\AVIV\gaba\gabay_pricing_core\special_unit_data_audit\sold_candidates.csv,C:\Users\AVIV\gaba\gabay_pricing_core\special_unit_data_audit\sold_candidates.csv,,
same_parcel,garden,אבן עזרא 61,שפירא 74,,2026-02-01,2025-12-07,56,3.0,3.0,74.0,73.0,0.0136986301369863,0.0,,,,,,20270.0,14384.0,5886.0,0.40920467185761955,C:\Users\AVIV\gaba\gabay_pricing_core\special_unit_data_audit\sold_candidates.csv,C:\Users\AVIV\gaba\gabay_pricing_core\special_unit_data_audit\sold_candidates.csv,,
same_parcel,garden,אבן עזרא 61,"ביל""ו 1",,2026-02-01,2025-12-07,56,3.0,3.0,74.0,58.0,0.27586206896551724,0.0,,,,,,20270.0,18276.0,1994.0,0.10910483694462683,C:\Users\AVIV\gaba\gabay_pricing_core\special_unit_data_audit\sold_candidates.csv,C:\Users\AVIV\gaba\gabay_pricing_core\special_unit_data_audit\sold_candidates.csv,,
same_parcel,garden,אבן עזרא 61,מרדכי אנילביץ 438,,2026-02-01,2025-12-04,59,3.0,3.0,74.0,65.0,0.13846153846153847,0.0,,,,,,20270.0,15231.0,5039.0,0.33083842164007615,C:\Users\AVIV\gaba\gabay_pricing_core\special_unit_data_audit\sold_candidates.csv,C:\Users\AVIV\gaba\gabay_pricing_core\special_unit_data_audit\sold_candidates.csv,,
same_parcel,garden,אבן עזרא 61,מונטיפיורי 18,,2026-02-01,2025-12-04,59,3.0,3.0,74.0,59.0,0.2542372881355932,0.0,,,,,,20270.0,20678.0,-408.0,-0.019731115194893123,C:\Users\AVIV\gaba\gabay_pricing_core\special_unit_data_audit\sold_candidates.csv,C:\Users\AVIV\gaba\gabay_pricing_core\special_unit_data_audit\sold_candidates.csv,,
same_parcel,garden,אבן עזרא 61,,,2026-02-01,2025-12-02,61,3.0,3.0,74.0,80.0,0.075,0.0,,,,,,20270.0,19625.0,645.0,0.03286624203821656,C:\Users\AVIV\gaba\gabay_pricing_core\special_unit_data_audit\sold_candidates.csv,C:\Users\AVIV\gaba\gabay_pricing_core\special_unit_data_audit\sold_candidates.csv,,
same_parcel,garden,אבן עזרא 61,"ביל""ו 5",,2026-02-01,2025-12-02,61,3.0,3.0,74.0,67.0,0.1044776119402985,0.0,,,,,,20270.0,14030.0,6240.0,0.44476122594440487,C:\Users\AVIV\gaba\gabay_pricing_core\special_unit_data_audit\sold_candidates.csv,C:\Users\AVIV\gaba\gabay_pricing_core\special_unit_data_audit\sold_candidates.csv,,
same_parcel,garden,אבן עזרא 61,קדש 6,,2026-02-01,2025-12-02,61,3.0,3.0,74.0,76.0,0.02631578947368421,0.0,,,,,,20270.0,18947.0,1323.0,0.06982635773473374,C:\Users\AVIV\gaba\gabay_pricing_core\special_unit_data_audit\sold_candidates.csv,C:\Users\AVIV\gaba\gabay_pricing_core\special_unit_data_audit\sold_candidates.csv,,
same_parcel,garden,אבן עזרא 61,דרום אפריקה 6,,2026-02-01,2025-11-30,63,3.0,3.0,74.0,68.0,0.08823529411764706,0.0,,,,,,20270.0,16838.0,3432.0,0.2038246822663024,C:\Users\AVIV\gaba\gabay_pricing_core\special_unit_data_audit\sold_candidates.csv,C:\Users\AVIV\gaba\gabay_pricing_core\special_unit_data_audit\sold_candidates.csv,,
same_parcel,garden,אבן עזרא 61,הרב הרצוג 2,,2026-02-01,2025-11-30,63,3.0,3.0,74.0,76.0,0.02631578947368421,0.0,,,,,,20270.0,13684.0,6586.0,0.48129201987722886,C:\Users\AVIV\gaba\gabay_pricing_core\special_unit_data_audit\sold_candidates.csv,C:\Users\AVIV\gaba\gabay_pricing_core\special_unit_data_audit\sold_candidates.csv,,
same_parcel,garden,אבן עזרא 61,דרך הים 31,,2026-02-01,2025-11-27,66,3.0,3.0,74.0,79.0,0.06329113924050633,0.0,,,,,,20270.0,10013.0,10257.0,1.0243683211824628,C:\Users\AVIV\gaba\gabay_pricing_core\special_unit_data_audit\sold_candidates.csv,C:\Users\AVIV\gaba\gabay_pricing_core\special_unit_data_audit\sold_candidates.csv,,
same_parcel,garden,אבן עזרא 61,"רמב""ם 12",,2026-02-01,2025-11-26,67,3.0,3.0,74.0,70.0,0.05714285714285714,0.0,,,,,,20270.0,14286.0,5984.0,0.4188716225675487,C:\Users\AVIV\gaba\gabay_pricing_core\special_unit_data_audit\sold_candidates.csv,C:\Users\AVIV\gaba\gabay_pricing_core\special_unit_data_audit\sold_candidates.csv,,
same_parcel,garden,אבן עזרא 61,ההסתדרות 716,,2026-02-01,2025-11-26,67,3.0,3.0,74.0,60.0,0.23333333333333334,0.0,,,,,,20270.0,15833.0,4437.0,0.28023747868376175,C:\Users\AVIV\gaba\gabay_pricing_core\special_unit_data_audit\sold_candidates.csv,C:\Users\AVIV\gaba\gabay_pricing_core\special_unit_data_audit\sold_candidates.csv,,
same_parcel,garden,אבן עזרא 61,דרך הים 31,,2026-02-01,2025-11-26,67,3.0,3.0,74.0,79.0,0.06329113924050633,0.0,,,,,,20270.0,10018.0,10252.0,1.0233579556797765,C:\Users\AVIV\gaba\gabay_pricing_core\special_unit_data_audit\sold_candidates.csv,C:\Users\AVIV\gaba\gabay_pricing_core\special_unit_data_audit\sold_candidates.csv,,
same_parcel,garden,אבן עזרא 61,פקיעין 9,,2026-02-01,2025-11-26,67,3.0,3.0,74.0,64.0,0.15625,0.0,,,,,,20270.0,21797.0,-1527.0,-0.07005551222645318,C:\Users\AVIV\gaba\gabay_pricing_core\special_unit_data_audit\sold_candidates.csv,C:\Users\AVIV\gaba\gabay_pricing_core\special_unit_data_audit\sold_candidates.csv,,
same_parcel,garden,אבן עזרא 61,לביאה 4,,2026-02-01,2025-11-25,68,3.0,3.0,74.0,78.0,0.05128205128205128,0.0,,,,,,20270.0,13359.0,6911.0,0.5173291414027996,C:\Users\AVIV\gaba\gabay_pricing_core\special_unit_data_audit\sold_candidates.csv,C:\Users\AVIV\gaba\gabay_pricing_core\special_unit_data_audit\sold_candidates.csv,,
same_parcel,garden,אבן עזרא 61,מונטיפיורי 20,,2026-02-01,2025-11-25,68,3.0,3.0,74.0,59.0,0.2542372881355932,0.0,,,,,,20270.0,18644.0,1626.0,0.08721304441107058,C:\Users\AVIV\gaba\gabay_pricing_core\special_unit_data_audit\sold_candidates.csv,C:\Users\AVIV\gaba\gabay_pricing_core\special_unit_data_audit\sold_candidates.csv,,
same_parcel,garden,אבן עזרא 61,ארגמן 6,,2026-02-01,2025-11-25,68,3.0,3.0,74.0,80.0,0.075,0.0,,,,,,20270.0,9563.0,10707.0,1.1196277318833001,C:\Users\AVIV\gaba\gabay_pricing_core\special_unit_data_audit\sold_candidates.csv,C:\Users\AVIV\gaba\gabay_pricing_core\special_unit_data_audit\sold_candidates.csv,,
same_parcel,garden,אבן עזרא 61,בן גוריון 32,,2026-02-01,2025-11-25,68,3.0,3.0,74.0,71.0,0.04225352112676056,0.0,,,,,,20270.0,15986.0,4284.0,0.2679844864256224,C:\Users\AVIV\gaba\gabay_pricing_core\special_unit_data_audit\sold_candidates.csv,C:\Users\AVIV\gaba\gabay_pricing_core\special_unit_data_audit\sold_candidates.csv,,
same_parcel,garden,אבן עזרא 61,סיוון 8,,2026-02-01,2025-11-24,69,3.0,3.0,74.0,71.0,0.04225352112676056,0.0,,,,,,20270.0,13380.0,6890.0,0.5149476831091181,C:\Users\AVIV\gaba\gabay_pricing_core\special_unit_data_audit\sold_candidates.csv,C:\Users\AVIV\gaba\gabay_pricing_core\special_unit_data_audit\sold_candidates.csv,,
same_parcel,garden,אבן עזרא 61,דרך הים 31,,2026-02-01,2025-11-24,69,3.0,3.0,74.0,80.0,0.075,0.0,,,,,,20270.0,10088.0,10182.0,1.0093180015860428,C:\Users\AVIV\gaba\gabay_pricing_core\special_unit_data_audit\sold_candidates.csv,C:\Users\AVIV\gaba\gabay_pricing_core\special_unit_data_audit\sold_candidates.csv,,
same_parcel,garden,אבן עזרא 61,דרך הים 31,,2026-02-01,2025-11-24,69,3.0,3.0,74.0,79.0,0.06329113924050633,0.0,,,,,,20270.0,10000.0,10270.0,1.027,C:\Users\AVIV\gaba\gabay_pricing_core\special_unit_data_audit\sold_candidates.csv,C:\Users\AVIV\gaba\gabay_pricing_core\special_unit_data_audit\sold_candidates.csv,,
same_parcel,garden,אבן עזרא 61,דרך הים 31,,2026-02-01,2025-11-23,70,3.0,3.0,74.0,80.0,0.075,0.0,,,,,,20270.0,10099.0,10171.0,1.007129418754332,C:\Users\AVIV\gaba\gabay_pricing_core\special_unit_data_audit\sold_candidates.csv,C:\Users\AVIV\gaba\gabay_pricing_core\special_unit_data_audit\sold_candidates.csv,,
same_parcel,garden,אבן עזרא 61,יפה נוף 29,,2026-02-01,2025-11-23,70,3.0,3.0,74.0,56.0,0.32142857142857145,0.0,,,,,,20270.0,14286.0,5984.0,0.4188716225675487,C:\Users\AVIV\gaba\gabay_pricing_core\special_unit_data_audit\sold_candidates.csv,C:\Users\AVIV\gaba\gabay_pricing_core\special_unit_data_audit\sold_candidates.csv,,
same_parcel,garden,אבן עזרא 61,דרך הים 31,,2026-02-01,2025-11-23,70,3.0,3.0,74.0,79.0,0.06329113924050633,0.0,,,,,,20270.0,10012.0,10258.0,1.024570515381542,C:\Users\AVIV\gaba\gabay_pricing_core\special_unit_data_audit\sold_candidates.csv,C:\Users\AVIV\gaba\gabay_pricing_core\special_unit_data_audit\sold_candidates.csv,,
same_parcel,garden,אבן עזרא 61,הבשן 21,,2026-02-01,2025-11-20,73,3.0,3.0,74.0,80.0,0.075,0.0,,,,,,20270.0,23125.0,-2855.0,-0.12345945945945946,C:\Users\AVIV\gaba\gabay_pricing_core\special_unit_data_audit\sold_candidates.csv,C:\Users\AVIV\gaba\gabay_pricing_core\special_unit_data_audit\sold_candidates.csv,,
same_parcel,garden,אבן עזרא 61,שפיה 17,,2026-02-01,2025-11-18,75,3.0,3.0,74.0,75.0,0.013333333333333334,0.0,,,,,,20270.0,20000.0,270.0,0.0135,C:\Users\AVIV\gaba\gabay_pricing_core\special_unit_data_audit\sold_candidates.csv,C:\Users\AVIV\gaba\gabay_pricing_core\special_unit_data_audit\sold_candidates.csv,,
same_parcel,garden,אבן עזרא 61,שפירא 13,,2026-02-01,2025-11-18,75,3.0,3.0,74.0,61.0,0.21311475409836064,0.0,,,,,,20270.0,13607.0,6663.0,0.48967443227750423,C:\Users\AVIV\gaba\gabay_pricing_core\special_unit_data_audit\sold_candidates.csv,C:\Users\AVIV\gaba\gabay_pricing_core\special_unit_data_audit\sold_candidates.csv,,
same_parcel,garden,אבן עזרא 61,דרך הים 31,,2026-02-01,2025-11-17,76,3.0,3.0,74.0,79.0,0.06329113924050633,0.0,,,,,,20270.0,10013.0,10257.0,1.0243683211824628,C:\Users\AVIV\gaba\gabay_pricing_core\special_unit_data_audit\sold_candidates.csv,C:\Users\AVIV\gaba\gabay_pricing_core\special_unit_data_audit\sold_candidates.csv,,
same_parcel,garden,אבן עזרא 61,אלי כהן 44,,2026-02-01,2025-11-17,76,3.0,3.0,74.0,69.0,0.07246376811594203,0.0,,,,,,20270.0,15217.0,5053.0,0.3320628244726293,C:\Users\AVIV\gaba\gabay_pricing_core\special_unit_data_audit\sold_candidates.csv,C:\Users\AVIV\gaba\gabay_pricing_core\special_unit_data_audit\sold_candidates.csv,,
same_parcel,garden,אבן עזרא 61,דרך הים 31,,2026-02-01,2025-11-16,77,3.0,3.0,74.0,79.0,0.06329113924050633,0.0,,,,,,20270.0,10017.0,10253.0,1.02355994808825,C:\Users\AVIV\gaba\gabay_pricing_core\special_unit_data_audit\sold_candidates.csv,C:\Users\AVIV\gaba\gabay_pricing_core\special_unit_data_audit\sold_candidates.csv,,
same_parcel,garden,אבן עזרא 61,דרך הים 31,,2026-02-01,2025-11-16,77,3.0,3.0,74.0,79.0,0.06329113924050633,0.0,,,,,,20270.0,23544.0,-3274.0,-0.1390587835541964,C:\Users\AVIV\gaba\gabay_pricing_core\special_unit_data_audit\sold_candidates.csv,C:\Users\AVIV\gaba\gabay_pricing_core\special_unit_data_audit\sold_candidates.csv,,
same_parcel,garden,אבן עזרא 61,דרך הים 31,,2026-02-01,2025-11-15,78,3.0,3.0,74.0,79.0,0.06329113924050633,0.0,,,,,,20270.0,23544.0,-3274.0,-0.1390587835541964,C:\Users\AVIV\gaba\gabay_pricing_core\special_unit_data_audit\sold_candidates.csv,C:\Users\AVIV\gaba\gabay_pricing_core\special_unit_data_audit\sold_candidates.csv,,
same_parcel,garden,אבן עזרא 61,אריה 12,,2026-02-01,2025-11-13,80,3.0,3.0,74.0,74.0,0.0,0.0,,,,,,20270.0,14865.0,5405.0,0.3636057854019509,C:\Users\AVIV\gaba\gabay_pricing_core\special_unit_data_audit\sold_candidates.csv,C:\Users\AVIV\gaba\gabay_pricing_core\special_unit_data_audit\sold_candidates.csv,,
same_parcel,garden,אבן עזרא 61,שפיה 15,,2026-02-01,2025-11-12,81,3.0,3.0,74.0,75.0,0.013333333333333334,0.0,,,,,,20270.0,20000.0,270.0,0.0135,C:\Users\AVIV\gaba\gabay_pricing_core\special_unit_data_audit\sold_candidates.csv,C:\Users\AVIV\gaba\gabay_pricing_core\special_unit_data_audit\sold_candidates.csv,,
same_parcel,garden,אבן עזרא 61,עולי הגרדום 36,,2026-02-01,2025-11-12,81,3.0,3.0,74.0,62.0,0.1935483870967742,0.0,,,,,,20270.0,20161.0,109.0,0.005406477853281087,C:\Users\AVIV\gaba\gabay_pricing_core\special_unit_data_audit\sold_candidates.csv,C:\Users\AVIV\gaba\gabay_pricing_core\special_unit_data_audit\sold_candidates.csv,,
same_parcel,garden,אבן עזרא 61,שפיה 15,,2026-02-01,2025-11-11,82,3.0,3.0,74.0,76.0,0.02631578947368421,0.0,,,,,,20270.0,19737.0,533.0,0.027005117292394996,C:\Users\AVIV\gaba\gabay_pricing_core\special_unit_data_audit\sold_candidates.csv,C:\Users\AVIV\gaba\gabay_pricing_core\special_unit_data_audit\sold_candidates.csv,,
same_parcel,garden,אבן עזרא 61,שפירא 3,,2026-02-01,2025-11-11,82,3.0,3.0,74.0,61.0,0.21311475409836064,0.0,,,,,,20270.0,15574.0,4696.0,0.30152818800565045,C:\Users\AVIV\gaba\gabay_pricing_core\special_unit_data_audit\sold_candidates.csv,C:\Users\AVIV\gaba\gabay_pricing_core\special_unit_data_audit\sold_candidates.csv,,
same_parcel,garden,אבן עזרא 61,העונות 2,,2026-02-01,2025-11-11,82,3.0,3.0,74.0,67.0,0.1044776119402985,0.0,,,,,,20270.0,19552.0,718.0,0.036722585924713586,C:\Users\AVIV\gaba\gabay_pricing_core\special_unit_data_audit\sold_candidates.csv,C:\Users\AVIV\gaba\gabay_pricing_core\special_unit_data_audit\sold_candidates.csv,,
same_parcel,garden,אבן עזרא 61,הצופים 3,,2026-02-01,2025-11-10,83,3.0,3.0,74.0,68.0,0.08823529411764706,0.0,,,,,,20270.0,18529.0,1741.0,0.09396081817691186,C:\Users\AVIV\gaba\gabay_pricing_core\special_unit_data_audit\sold_candidates.csv,C:\Users\AVIV\gaba\gabay_pricing_core\special_unit_data_audit\sold_candidates.csv,,
same_parcel,garden,אבן עזרא 61,דרך ארץ 23,,2026-02-01,2025-11-09,84,3.0,3.0,74.0,80.0,0.075,0.0,,,,,,20270.0,18750.0,1520.0,0.08106666666666666,C:\Users\AVIV\gaba\gabay_pricing_core\special_unit_data_audit\sold_candidates.csv,C:\Users\AVIV\gaba\gabay_pricing_core\special_unit_data_audit\sold_candidates.csv,,
same_parcel,garden,אבן עזרא 61,דרך הים 31,,2026-02-01,2025-11-09,84,3.0,3.0,74.0,79.0,0.06329113924050633,0.0,,,,,,20270.0,10000.0,10270.0,1.027,C:\Users\AVIV\gaba\gabay_pricing_core\special_unit_data_audit\sold_candidates.csv,C:\Users\AVIV\gaba\gabay_pricing_core\special_unit_data_audit\sold_candidates.csv,,
same_parcel,garden,אבן עזרא 61,דרך הים 31,,2026-02-01,2025-11-08,85,3.0,3.0,74.0,79.0,0.06329113924050633,0.0,,,,,,20270.0,10002.0,10268.0,1.0265946810637872,C:\Users\AVIV\gaba\gabay_pricing_core\special_unit_data_audit\sold_candidates.csv,C:\Users\AVIV\gaba\gabay_pricing_core\special_unit_data_audit\sold_candidates.csv,,
same_parcel,garden,אבן עזרא 61,,,2026-02-01,2025-11-05,88,3.0,3.0,74.0,61.0,0.21311475409836064,0.0,,,,,,20270.0,13246.0,7024.0,0.5302732900498264,C:\Users\AVIV\gaba\gabay_pricing_core\special_unit_data_audit\sold_candidates.csv,C:\Users\AVIV\gaba\gabay_pricing_core\special_unit_data_audit\sold_candidates.csv,,
same_parcel,garden,אבן עזרא 61,,,2026-02-01,2025-11-05,88,3.0,3.0,74.0,68.0,0.08823529411764706,0.0,,,,,,20270.0,16912.0,3358.0,0.19855723746452222,C:\Users\AVIV\gaba\gabay_pricing_core\special_unit_data_audit\sold_candidates.csv,C:\Users\AVIV\gaba\gabay_pricing_core\special_unit_data_audit\sold_candidates.csv,,
same_parcel,garden,אבן עזרא 61,ניצנים 5,,2026-02-01,2025-11-05,88,3.0,3.0,74.0,66.0,0.12121212121212122,0.0,,,,,,20270.0,13939.0,6331.0,0.45419327067938875,C:\Users\AVIV\gaba\gabay_pricing_core\special_unit_data_audit\sold_candidates.csv,C:\Users\AVIV\gaba\gabay_pricing_core\special_unit_data_audit\sold_candidates.csv,,
same_parcel,garden,אבן עזרא 61,שפירא 19,,2026-02-01,2025-11-03,90,3.0,3.0,74.0,69.0,0.07246376811594203,0.0,,,,,,20270.0,12609.0,7661.0,0.6075818859544769,C:\Users\AVIV\gaba\gabay_pricing_core\special_unit_data_audit\sold_candidates.csv,C:\Users\AVIV\gaba\gabay_pricing_core\special_unit_data_audit\sold_candidates.csv,,
same_parcel,garden,אבן עזרא 61,הסנה 308,,2026-02-01,2025-11-02,91,3.0,3.0,74.0,77.0,0.03896103896103896,0.0,,,,,,20270.0,14286.0,5984.0,0.4188716225675487,C:\Users\AVIV\gaba\gabay_pricing_core\special_unit_data_audit\sold_candidates.csv,C:\Users\AVIV\gaba\gabay_pricing_core\special_unit_data_audit\sold_candidates.csv,,
same_parcel,garden,אבן עזרא 61,ההסתדרות 24,,2026-02-01,2025-10-30,94,3.0,3.0,74.0,79.0,0.06329113924050633,0.0,,,,,,20270.0,13544.0,6726.0,0.49660366213821616,C:\Users\AVIV\gaba\gabay_pricing_core\special_unit_data_audit\sold_candidates.csv,C:\Users\AVIV\gaba\gabay_pricing_core\special_unit_data_audit\sold_candidates.csv,,
same_parcel,garden,אבן עזרא 61,עמיעוז 9,,2026-02-01,2025-10-30,94,3.0,3.0,74.0,73.0,0.0136986301369863,0.0,,,,,,20270.0,16575.0,3695.0,0.22292609351432882,C:\Users\AVIV\gaba\gabay_pricing_core\special_unit_data_audit\sold_candidates.csv,C:\Users\AVIV\gaba\gabay_pricing_core\special_unit_data_audit\sold_candidates.csv,,
same_parcel,garden,אבן עזרא 61,שפירא 12,,2026-02-01,2025-10-29,95,3.0,3.0,74.0,69.0,0.07246376811594203,0.0,,,,,,20270.0,15217.0,5053.0,0.3320628244726293,C:\Users\AVIV\gaba\gabay_pricing_core\special_unit_data_audit\sold_candidates.csv,C:\Users\AVIV\gaba\gabay_pricing_core\special_unit_data_audit\sold_candidates.csv,,
same_parcel,garden,אבן עזרא 61,אריה 10,,2026-02-01,2025-10-29,95,3.0,3.0,74.0,77.0,0.03896103896103896,0.0,,,,,,20270.0,15195.0,5075.0,0.33399144455412966,C:\Users\AVIV\gaba\gabay_pricing_core\special_unit_data_audit\sold_candidates.csv,C:\Users\AVIV\gaba\gabay_pricing_core\special_unit_data_audit\sold_candidates.csv,,
same_parcel,garden,אבן עזרא 61,עולי הגרדום 11,,2026-02-01,2025-10-28,96,3.0,3.0,74.0,63.0,0.1746031746031746,0.0,,,,,,20270.0,15873.0,4397.0,0.27701127701127704,C:\Users\AVIV\gaba\gabay_pricing_core\special_unit_data_audit\sold_candidates.csv,C:\Users\AVIV\gaba\gabay_pricing_core\special_unit_data_audit\sold_candidates.csv,,
same_parcel,garden,אבן עזרא 61,עולי הגרדום 28,,2026-02-01,2025-10-28,96,3.0,3.0,74.0,68.0,0.08823529411764706,0.0,,,,,,20270.0,21691.0,-1421.0,-0.06551104144576092,C:\Users\AVIV\gaba\gabay_pricing_core\special_unit_data_audit\sold_candidates.csv,C:\Users\AVIV\gaba\gabay_pricing_core\special_unit_data_audit\sold_candidates.csv,,
same_parcel,garden,אבן עזרא 61,שפירא 16,,2026-02-01,2025-10-27,97,3.0,3.0,74.0,70.0,0.05714285714285714,0.0,,,,,,20270.0,14929.0,5341.0,0.357760064304374,C:\Users\AVIV\gaba\gabay_pricing_core\special_unit_data_audit\sold_candidates.csv,C:\Users\AVIV\gaba\gabay_pricing_core\special_unit_data_audit\sold_candidates.csv,,
same_parcel,garden,אבן עזרא 61,בן גוריון 32,,2026-02-01,2025-10-27,97,3.0,3.0,74.0,62.0,0.1935483870967742,0.0,,,,,,20270.0,15726.0,4544.0,0.2889482385857815,C:\Users\AVIV\gaba\gabay_pricing_core\special_unit_data_audit\sold_candidates.csv,C:\Users\AVIV\gaba\gabay_pricing_core\special_unit_data_audit\sold_candidates.csv,,
same_parcel,garden,אבן עזרא 61,אריה תגר 17,,2026-02-01,2025-10-27,97,3.0,3.0,74.0,79.0,0.06329113924050633,0.0,,,,,,20270.0,23038.0,-2768.0,-0.1201493185172324,C:\Users\AVIV\gaba\gabay_pricing_core\special_unit_data_audit\sold_candidates.csv,C:\Users\AVIV\gaba\gabay_pricing_core\special_unit_data_audit\sold_candidates.csv,,
same_parcel,garden,אבן עזרא 61,דרך הים 31,,2026-02-01,2025-10-27,97,3.0,3.0,74.0,80.0,0.075,0.0,,,,,,20270.0,10063.0,10207.0,1.0143098479578654,C:\Users\AVIV\gaba\gabay_pricing_core\special_unit_data_audit\sold_candidates.csv,C:\Users\AVIV\gaba\gabay_pricing_core\special_unit_data_audit\sold_candidates.csv,,
same_parcel,garden,אבן עזרא 61,דרך הים 31,,2026-02-01,2025-10-27,97,3.0,3.0,74.0,79.0,0.06329113924050633,0.0,,,,,,20270.0,10000.0,10270.0,1.027,C:\Users\AVIV\gaba\gabay_pricing_core\special_unit_data_audit\sold_candidates.csv,C:\Users\AVIV\gaba\gabay_pricing_core\special_unit_data_audit\sold_candidates.csv,,
same_parcel,garden,אבן עזרא 61,דרך הים 31,,2026-02-01,2025-10-26,98,3.0,3.0,74.0,80.0,0.075,0.0,,,,,,20270.0,10066.0,10204.0,1.0137095171865687,C:\Users\AVIV\gaba\gabay_pricing_core\special_unit_data_audit\sold_candidates.csv,C:\Users\AVIV\gaba\gabay_pricing_core\special_unit_data_audit\sold_candidates.csv,,
same_parcel,garden,אבן עזרא 61,דרך הים 31,,2026-02-01,2025-10-26,98,3.0,3.0,74.0,79.0,0.06329113924050633,0.0,,,,,,20270.0,10020.0,10250.0,1.0229540918163673,C:\Users\AVIV\gaba\gabay_pricing_core\special_unit_data_audit\sold_candidates.csv,C:\Users\AVIV\gaba\gabay_pricing_core\special_unit_data_audit\sold_candidates.csv,,
same_parcel,garden,אבן עזרא 61,בני עקיבא 6,,2026-02-01,2025-10-23,101,3.0,3.0,74.0,79.0,0.06329113924050633,0.0,,,,,,20270.0,13038.0,7232.0,0.5546863015799969,C:\Users\AVIV\gaba\gabay_pricing_core\special_unit_data_audit\sold_candidates.csv,C:\Users\AVIV\gaba\gabay_pricing_core\special_unit_data_audit\sold_candidates.csv,,
same_parcel,garden,אבן עזרא 61,,,2026-02-01,2025-10-21,103,3.0,3.0,74.0,75.0,0.013333333333333334,0.0,,,,,,20270.0,16000.0,4270.0,0.266875,C:\Users\AVIV\gaba\gabay_pricing_core\special_unit_data_audit\sold_candidates.csv,C:\Users\AVIV\gaba\gabay_pricing_core\special_unit_data_audit\sold_candidates.csv,,
same_parcel,garden,אבן עזרא 61,יוספטל 22,,2026-02-01,2025-10-19,105,3.0,3.0,74.0,58.0,0.27586206896551724,0.0,,,,,,20270.0,12414.0,7856.0,0.6328338972128242,C:\Users\AVIV\gaba\gabay_pricing_core\special_unit_data_audit\sold_candidates.csv,C:\Users\AVIV\gaba\gabay_pricing_core\special_unit_data_audit\sold_candidates.csv,,
same_parcel,garden,אבן עזרא 61,"רמב""ם 28",,2026-02-01,2025-10-17,107,3.0,3.0,74.0,60.0,0.23333333333333334,0.0,2.0,,,,,20270.0,16667.0,3603.0,0.21617567648647026,C:\Users\AVIV\gaba\gabay_pricing_core\special_unit_data_audit\sold_candidates.csv,C:\Users\AVIV\gaba\gabay_pricing_core\special_unit_data_audit\sold_candidates.csv,,
same_parcel,garden,אבן עזרא 61,הנמל 3,,2026-02-01,2025-10-06,118,3.0,3.0,74.0,78.0,0.05128205128205128,0.0,,,,,,20270.0,25321.0,-5051.0,-0.19947869357450337,C:\Users\AVIV\gaba\gabay_pricing_core\special_unit_data_audit\sold_candidates.csv,C:\Users\AVIV\gaba\gabay_pricing_core\special_unit_data_audit\sold_candidates.csv,,
same_parcel,garden,אבן עזרא 61,השקמה 29,,2026-02-01,2025-10-03,121,3.0,3.0,74.0,65.0,0.13846153846153847,0.0,,,,,,20270.0,36923.0,-16653.0,-0.4510196896243534,C:\Users\AVIV\gaba\gabay_pricing_core\special_unit_data_audit\sold_candidates.csv,C:\Users\AVIV\gaba\gabay_pricing_core\special_unit_data_audit\sold_candidates.csv,,
same_parcel,garden,אבן עזרא 61,העונות 2,,2026-02-01,2025-10-03,121,3.0,3.0,74.0,68.0,0.08823529411764706,0.0,,,,,,20270.0,20147.0,123.0,0.0061051273142403335,C:\Users\AVIV\gaba\gabay_pricing_core\special_unit_data_audit\sold_candidates.csv,C:\Users\AVIV\gaba\gabay_pricing_core\special_unit_data_audit\sold_candidates.csv,,
same_parcel,garden,אבן עזרא 61,יהודה הלוי 2,,2026-02-01,2025-10-01,123,3.0,3.0,74.0,67.0,0.1044776119402985,0.0,,,,,,20270.0,17910.0,2360.0,0.13176996091568957,C:\Users\AVIV\gaba\gabay_pricing_core\special_unit_data_audit\sold_candidates.csv,C:\Users\AVIV\gaba\gabay_pricing_core\special_unit_data_audit\sold_candidates.csv,,
same_parcel,garden,אבן עזרא 61,מרדכי אנילביץ 435,,2026-02-01,2025-10-01,123,3.0,3.0,74.0,63.0,0.1746031746031746,0.0,,,,,,20270.0,13254.0,7016.0,0.5293496303002867,C:\Users\AVIV\gaba\gabay_pricing_core\special_unit_data_audit\sold_candidates.csv,C:\Users\AVIV\gaba\gabay_pricing_core\special_unit_data_audit\sold_candidates.csv,,
same_parcel,garden,אבן עזרא 61,"ש""י עגנון 11",,2026-02-01,2025-09-28,126,3.0,3.0,74.0,60.0,0.23333333333333334,0.0,,,,,,20270.0,17167.0,3103.0,0.1807537717714219,C:\Users\AVIV\gaba\gabay_pricing_core\special_unit_data_audit\sold_candidates.csv,C:\Users\AVIV\gaba\gabay_pricing_core\special_unit_data_audit\sold_candidates.csv,,
same_parcel,garden,אבן עזרא 61,שפירא 7,,2026-02-01,2025-09-21,133,3.0,3.0,74.0,69.0,0.07246376811594203,0.0,,,,,,20270.0,15217.0,5053.0,0.3320628244726293,C:\Users\AVIV\gaba\gabay_pricing_core\special_unit_data_audit\sold_candidates.csv,C:\Users\AVIV\gaba\gabay_pricing_core\special_unit_data_audit\sold_candidates.csv,,
same_parcel,garden,אבן עזרא 61,דרך הים 31,,2026-02-01,2025-09-21,133,3.0,3.0,74.0,79.0,0.06329113924050633,0.0,,,,,,20270.0,10000.0,10270.0,1.027,C:\Users\AVIV\gaba\gabay_pricing_core\special_unit_data_audit\sold_candidates.csv,C:\Users\AVIV\gaba\gabay_pricing_core\special_unit_data_audit\sold_candidates.csv,,
same_parcel,garden,אבן עזרא 61,אורט 4,,2026-02-01,2025-09-21,133,3.0,3.0,74.0,58.0,0.27586206896551724,0.0,,,,,,20270.0,10000.0,10270.0,1.027,C:\Users\AVIV\gaba\gabay_pricing_core\special_unit_data_audit\sold_candidates.csv,C:\Users\AVIV\gaba\gabay_pricing_core\special_unit_data_audit\sold_candidates.csv,,
same_parcel,garden,אבן עזרא 61,דרך הים 31,,2026-02-01,2025-09-21,133,3.0,3.0,74.0,80.0,0.075,0.0,,,,,,20270.0,10088.0,10182.0,1.0093180015860428,C:\Users\AVIV\gaba\gabay_pricing_core\special_unit_data_audit\sold_candidates.csv,C:\Users\AVIV\gaba\gabay_pricing_core\special_unit_data_audit\sold_candidates.csv,,
same_parcel,garden,אבן עזרא 61,הסנה 6,,2026-02-01,2025-09-21,133,3.0,3.0,74.0,74.0,0.0,0.0,,,,,,20270.0,16892.0,3378.0,0.19997632015155103,C:\Users\AVIV\gaba\gabay_pricing_core\special_unit_data_audit\sold_candidates.csv,C:\Users\AVIV\gaba\gabay_pricing_core\special_unit_data_audit\sold_candidates.csv,,
same_parcel,garden,אבן עזרא 61,דרך הים 31,,2026-02-01,2025-09-20,134,3.0,3.0,74.0,80.0,0.075,0.0,,,,,,20270.0,10088.0,10182.0,1.0093180015860428,C:\Users\AVIV\gaba\gabay_pricing_core\special_unit_data_audit\sold_candidates.csv,C:\Users\AVIV\gaba\gabay_pricing_core\special_unit_data_audit\sold_candidates.csv,,
same_parcel,garden,אבן עזרא 61,דרך הים 31,,2026-02-01,2025-09-20,134,3.0,3.0,74.0,79.0,0.06329113924050633,0.0,,,,,,20270.0,10010.0,10260.0,1.024975024975025,C:\Users\AVIV\gaba\gabay_pricing_core\special_unit_data_audit\sold_candidates.csv,C:\Users\AVIV\gaba\gabay_pricing_core\special_unit_data_audit\sold_candidates.csv,,
same_parcel,garden,אבן עזרא 61,"ביל""ו 5",,2026-02-01,2025-09-19,135,3.0,3.0,74.0,67.0,0.1044776119402985,0.0,,,,,,20270.0,13881.0,6389.0,0.4602694330379656,C:\Users\AVIV\gaba\gabay_pricing_core\special_unit_data_audit\sold_candidates.csv,C:\Users\AVIV\gaba\gabay_pricing_core\special_unit_data_audit\sold_candidates.csv,,
same_parcel,garden,אבן עזרא 61,שפיה 17,,2026-02-01,2025-09-18,136,3.0,3.0,74.0,75.0,0.013333333333333334,0.0,,,,,,20270.0,20000.0,270.0,0.0135,C:\Users\AVIV\gaba\gabay_pricing_core\special_unit_data_audit\sold_candidates.csv,C:\Users\AVIV\gaba\gabay_pricing_core\special_unit_data_audit\sold_candidates.csv,,
same_parcel,garden,אבן עזרא 61,מודיעין 5,,2026-02-01,2025-09-18,136,3.0,3.0,74.0,62.0,0.1935483870967742,0.0,,,,,,20270.0,20968.0,-698.0,-0.033288821060663866,C:\Users\AVIV\gaba\gabay_pricing_core\special_unit_data_audit\sold_candidates.csv,C:\Users\AVIV\gaba\gabay_pricing_core\special_unit_data_audit\sold_candidates.csv,,
same_parcel,garden,אבן עזרא 61,בר כוכבא 39,,2026-02-01,2025-09-17,137,3.0,3.0,74.0,76.0,0.02631578947368421,0.0,,,,,,20270.0,11184.0,9086.0,0.8124105865522174,C:\Users\AVIV\gaba\gabay_pricing_core\special_unit_data_audit\sold_candidates.csv,C:\Users\AVIV\gaba\gabay_pricing_core\special_unit_data_audit\sold_candidates.csv,,
same_parcel,garden,אבן עזרא 61,שאר ישוב 5,,2026-02-01,2025-09-17,137,3.0,3.0,74.0,70.0,0.05714285714285714,0.0,,,,,,20270.0,17143.0,3127.0,0.18240681327655603,C:\Users\AVIV\gaba\gabay_pricing_core\special_unit_data_audit\sold_candidates.csv,C:\Users\AVIV\gaba\gabay_pricing_core\special_unit_data_audit\sold_candidates.csv,,
same_parcel,garden,אבן עזרא 61,גדוד הפורצים 452,,2026-02-01,2025-09-16,138,3.0,3.0,74.0,58.0,0.27586206896551724,0.0,,,,,,20270.0,16207.0,4063.0,0.2506941445054606,C:\Users\AVIV\gaba\gabay_pricing_core\special_unit_data_audit\sold_candidates.csv,C:\Users\AVIV\gaba\gabay_pricing_core\special_unit_data_audit\sold_candidates.csv,,
same_parcel,garden,אבן עזרא 61,מונטיפיורי 18,,2026-02-01,2025-09-16,138,3.0,3.0,74.0,60.0,0.23333333333333334,0.0,,,,,,20270.0,15000.0,5270.0,0.35133333333333333,C:\Users\AVIV\gaba\gabay_pricing_core\special_unit_data_audit\sold_candidates.csv,C:\Users\AVIV\gaba\gabay_pricing_core\special_unit_data_audit\sold_candidates.csv,,
same_parcel,garden,אבן עזרא 61,"ש""י עגנון 4",,2026-02-01,2025-09-15,139,3.0,3.0,74.0,63.0,0.1746031746031746,0.0,,,,,,20270.0,14921.0,5349.0,0.3584880369948395,C:\Users\AVIV\gaba\gabay_pricing_core\special_unit_data_audit\sold_candidates.csv,C:\Users\AVIV\gaba\gabay_pricing_core\special_unit_data_audit\sold_candidates.csv,,
same_parcel,garden,אבן עזרא 61,דרך הים 31,,2026-02-01,2025-09-14,140,3.0,3.0,74.0,79.0,0.06329113924050633,0.0,,,,,,20270.0,9975.0,10295.0,1.032080200501253,C:\Users\AVIV\gaba\gabay_pricing_core\special_unit_data_audit\sold_candidates.csv,C:\Users\AVIV\gaba\gabay_pricing_core\special_unit_data_audit\sold_candidates.csv,,
same_parcel,garden,אבן עזרא 61,דרך הים 31,,2026-02-01,2025-09-14,140,3.0,3.0,74.0,80.0,0.075,0.0,,,,,,20270.0,10038.0,10232.0,1.019326559075513,C:\Users\AVIV\gaba\gabay_pricing_core\special_unit_data_audit\sold_candidates.csv,C:\Users\AVIV\gaba\gabay_pricing_core\special_unit_data_audit\sold_candidates.csv,,
same_parcel,garden,אבן עזרא 61,עולי הגרדום 9,,2026-02-01,2025-09-14,140,3.0,3.0,74.0,63.0,0.1746031746031746,0.0,,,,,,20270.0,19365.0,905.0,0.046733798089336434,C:\Users\AVIV\gaba\gabay_pricing_core\special_unit_data_audit\sold_candidates.csv,C:\Users\AVIV\gaba\gabay_pricing_core\special_unit_data_audit\sold_candidates.csv,,
same_parcel,garden,אבן עזרא 61,דרך הים 31,,2026-02-01,2025-09-13,141,3.0,3.0,74.0,80.0,0.075,0.0,,,,,,20270.0,10048.0,10222.0,1.0173168789808917,C:\Users\AVIV\gaba\gabay_pricing_core\special_unit_data_audit\sold_candidates.csv,C:\Users\AVIV\gaba\gabay_pricing_core\special_unit_data_audit\sold_candidates.csv,,
same_parcel,garden,אבן עזרא 61,דרך הים 31,,2026-02-01,2025-09-13,141,3.0,3.0,74.0,79.0,0.06329113924050633,0.0,,,,,,20270.0,9980.0,10290.0,1.031062124248497,C:\Users\AVIV\gaba\gabay_pricing_core\special_unit_data_audit\sold_candidates.csv,C:\Users\AVIV\gaba\gabay_pricing_core\special_unit_data_audit\sold_candidates.csv,,
same_parcel,garden,אבן עזרא 61,"ש""י עגנון 170",,2026-02-01,2025-09-11,143,3.0,3.0,74.0,67.0,0.1044776119402985,0.0,,,,,,20270.0,15299.0,4971.0,0.324923197594614,C:\Users\AVIV\gaba\gabay_pricing_core\special_unit_data_audit\sold_candidates.csv,C:\Users\AVIV\gaba\gabay_pricing_core\special_unit_data_audit\sold_candidates.csv,,
same_parcel,garden,אבן עזרא 61,ז'בוטינסקי 5,,2026-02-01,2025-09-11,143,3.0,3.0,74.0,59.0,0.2542372881355932,0.0,,,,,,20270.0,15254.0,5016.0,0.32883178182771733,C:\Users\AVIV\gaba\gabay_pricing_core\special_unit_data_audit\sold_candidates.csv,C:\Users\AVIV\gaba\gabay_pricing_core\special_unit_data_audit\sold_candidates.csv,,
same_parcel,garden,אבן עזרא 61,הרצל 16,,2026-02-01,2025-09-09,145,3.0,3.0,74.0,68.0,0.08823529411764706,0.0,,,,,,20270.0,9853.0,10417.0,1.0572414493047804,C:\Users\AVIV\gaba\gabay_pricing_core\special_unit_data_audit\sold_candidates.csv,C:\Users\AVIV\gaba\gabay_pricing_core\special_unit_data_audit\sold_candidates.csv,,
same_parcel,garden,אבן עזרא 61,ההסתדרות 716,,2026-02-01,2025-09-09,145,3.0,3.0,74.0,60.0,0.23333333333333334,0.0,,,,,,20270.0,16667.0,3603.0,0.21617567648647026,C:\Users\AVIV\gaba\gabay_pricing_core\special_unit_data_audit\sold_candidates.csv,C:\Users\AVIV\gaba\gabay_pricing_core\special_unit_data_audit\sold_candidates.csv,,
same_parcel,garden,אבן עזרא 61,מגידו 4,,2026-02-01,2025-09-08,146,3.0,3.0,74.0,80.0,0.075,0.0,,,,,,20270.0,17000.0,3270.0,0.1923529411764706,C:\Users\AVIV\gaba\gabay_pricing_core\special_unit_data_audit\sold_candidates.csv,C:\Users\AVIV\gaba\gabay_pricing_core\special_unit_data_audit\sold_candidates.csv,,
same_parcel,garden,אבן עזרא 61,דרך הים 31,,2026-02-01,2025-09-07,147,3.0,3.0,74.0,80.0,0.075,0.0,,,,,,20270.0,10050.0,10220.0,1.0169154228855721,C:\Users\AVIV\gaba\gabay_pricing_core\special_unit_data_audit\sold_candidates.csv,C:\Users\AVIV\gaba\gabay_pricing_core\special_unit_data_audit\sold_candidates.csv,,
same_parcel,garden,אבן עזרא 61,דרך הים 31,,2026-02-01,2025-09-06,148,3.0,3.0,74.0,80.0,0.075,0.0,,,,,,20270.0,10014.0,10256.0,1.024166167365688,C:\Users\AVIV\gaba\gabay_pricing_core\special_unit_data_audit\sold_candidates.csv,C:\Users\AVIV\gaba\gabay_pricing_core\special_unit_data_audit\sold_candidates.csv,,
same_parcel,garden,אבן עזרא 61,"רמב""ם 28",,2026-02-01,2025-09-04,150,3.0,3.0,74.0,64.0,0.15625,0.0,2.0,,,,,20270.0,14844.0,5426.0,0.36553489625437885,C:\Users\AVIV\gaba\gabay_pricing_core\special_unit_data_audit\sold_candidates.csv,C:\Users\AVIV\gaba\gabay_pricing_core\special_unit_data_audit\sold_candidates.csv,,
same_parcel,garden,אבן עזרא 61,פקיעין 14,,2026-02-01,2025-09-04,150,3.0,3.0,74.0,65.0,0.13846153846153847,0.0,,,,,,20270.0,19846.0,424.0,0.021364506701602337,C:\Users\AVIV\gaba\gabay_pricing_core\special_unit_data_audit\sold_candidates.csv,C:\Users\AVIV\gaba\gabay_pricing_core\special_unit_data_audit\sold_candidates.csv,,
same_parcel,garden,אבן עזרא 61,השומר הצעיר 3,,2026-02-01,2025-09-04,150,3.0,3.0,74.0,66.0,0.12121212121212122,0.0,,,,,,20270.0,18561.0,1709.0,0.09207478045363936,C:\Users\AVIV\gaba\gabay_pricing_core\special_unit_data_audit\sold_candidates.csv,C:\Users\AVIV\gaba\gabay_pricing_core\special_unit_data_audit\sold_candidates.csv,,
same_parcel,garden,אבן עזרא 61,"ביל""ו 3",,2026-02-01,2025-09-03,151,3.0,3.0,74.0,63.0,0.1746031746031746,0.0,,,,,,20270.0,12857.0,7413.0,0.5765730730341448,C:\Users\AVIV\gaba\gabay_pricing_core\special_unit_data_audit\sold_candidates.csv,C:\Users\AVIV\gaba\gabay_pricing_core\special_unit_data_audit\sold_candidates.csv,,
same_address,garden,אבן עזרא 61,אבן עזרא 61,,2026-02-01,2025-09-03,151,3.0,3.0,74.0,76.0,0.02631578947368421,0.0,0.0,,,,,20270.0,19737.0,533.0,0.027005117292394996,C:\Users\AVIV\gaba\gabay_pricing_core\special_unit_data_audit\sold_candidates.csv,C:\Users\AVIV\gaba\gabay_pricing_core\special_unit_data_audit\sold_candidates.csv,,
same_parcel,garden,אבן עזרא 61,עמיעוז 3,,2026-02-01,2025-09-03,151,3.0,3.0,74.0,66.0,0.12121212121212122,0.0,,,,,,20270.0,17652.0,2618.0,0.1483118060276456,C:\Users\AVIV\gaba\gabay_pricing_core\special_unit_data_audit\sold_candidates.csv,C:\Users\AVIV\gaba\gabay_pricing_core\special_unit_data_audit\sold_candidates.csv,,
same_parcel,garden,אבן עזרא 61,עולי הגרדום 5,,2026-02-01,2025-09-03,151,3.0,3.0,74.0,63.0,0.1746031746031746,0.0,,,,,,20270.0,19841.0,429.0,0.021621894057759185,C:\Users\AVIV\gaba\gabay_pricing_core\special_unit_data_audit\sold_candidates.csv,C:\Users\AVIV\gaba\gabay_pricing_core\special_unit_data_audit\sold_candidates.csv,,
same_parcel,garden,אבן עזרא 61,גולני 11,,2026-02-01,2025-09-02,152,3.0,3.0,74.0,75.0,0.013333333333333334,0.0,,,,,,20270.0,18400.0,1870.0,0.10163043478260869,C:\Users\AVIV\gaba\gabay_pricing_core\special_unit_data_audit\sold_candidates.csv,C:\Users\AVIV\gaba\gabay_pricing_core\special_unit_data_audit\sold_candidates.csv,,
same_parcel,garden,אבן עזרא 61,היינן 25,,2026-02-01,2025-08-31,154,3.0,3.0,74.0,80.0,0.075,0.0,,,,,,20270.0,24075.0,-3805.0,-0.1580477673935618,C:\Users\AVIV\gaba\gabay_pricing_core\special_unit_data_audit\sold_candidates.csv,C:\Users\AVIV\gaba\gabay_pricing_core\special_unit_data_audit\sold_candidates.csv,,
same_parcel,garden,אבן עזרא 61,דרך הים 31,,2026-02-01,2025-08-31,154,3.0,3.0,74.0,80.0,0.075,0.0,,,,,,20270.0,10013.0,10257.0,1.0243683211824628,C:\Users\AVIV\gaba\gabay_pricing_core\special_unit_data_audit\sold_candidates.csv,C:\Users\AVIV\gaba\gabay_pricing_core\special_unit_data_audit\sold_candidates.csv,,
same_parcel,garden,אבן עזרא 61,קרן היסוד 12,,2026-02-01,2025-08-31,154,3.0,3.0,74.0,65.0,0.13846153846153847,0.0,,,,,,20270.0,17000.0,3270.0,0.1923529411764706,C:\Users\AVIV\gaba\gabay_pricing_core\special_unit_data_audit\sold_candidates.csv,C:\Users\AVIV\gaba\gabay_pricing_core\special_unit_data_audit\sold_candidates.csv,,
same_parcel,garden,אבן עזרא 61,דרך הים 31,,2026-02-01,2025-08-30,155,3.0,3.0,74.0,80.0,0.075,0.0,,,,,,20270.0,10020.0,10250.0,1.0229540918163673,C:\Users\AVIV\gaba\gabay_pricing_core\special_unit_data_audit\sold_candidates.csv,C:\Users\AVIV\gaba\gabay_pricing_core\special_unit_data_audit\sold_candidates.csv,,
same_parcel,garden,אבן עזרא 61,היינן 25,,2026-02-01,2025-08-30,155,3.0,3.0,74.0,80.0,0.075,0.0,,,,,,20270.0,24000.0,-3730.0,-0.15541666666666668,C:\Users\AVIV\gaba\gabay_pricing_core\special_unit_data_audit\sold_candidates.csv,C:\Users\AVIV\gaba\gabay_pricing_core\special_unit_data_audit\sold_candidates.csv,,
same_parcel,garden,אבן עזרא 61,דרום אפריקה 6,,2026-02-01,2025-08-28,157,3.0,3.0,74.0,80.0,0.075,0.0,,,,,,20270.0,14625.0,5645.0,0.38598290598290597,C:\Users\AVIV\gaba\gabay_pricing_core\special_unit_data_audit\sold_candidates.csv,C:\Users\AVIV\gaba\gabay_pricing_core\special_unit_data_audit\sold_candidates.csv,,
same_parcel,garden,אבן עזרא 61,מונטיפיורי 22,,2026-02-01,2025-08-28,157,3.0,3.0,74.0,59.0,0.2542372881355932,0.0,,,,,,20270.0,19322.0,948.0,0.04906324397060346,C:\Users\AVIV\gaba\gabay_pricing_core\special_unit_data_audit\sold_candidates.csv,C:\Users\AVIV\gaba\gabay_pricing_core\special_unit_data_audit\sold_candidates.csv,,
same_parcel,garden,אבן עזרא 61,,,2026-02-01,2025-08-28,157,3.0,3.0,74.0,67.0,0.1044776119402985,0.0,,,,,,20270.0,17164.0,3106.0,0.18096014914938244,C:\Users\AVIV\gaba\gabay_pricing_core\special_unit_data_audit\sold_candidates.csv,C:\Users\AVIV\gaba\gabay_pricing_core\special_unit_data_audit\sold_candidates.csv,,
same_parcel,garden,אבן עזרא 61,אריה 10,,2026-02-01,2025-08-27,158,3.0,3.0,74.0,77.0,0.03896103896103896,0.0,,,,,,20270.0,14935.0,5335.0,0.35721459658520255,C:\Users\AVIV\gaba\gabay_pricing_core\special_unit_data_audit\sold_candidates.csv,C:\Users\AVIV\gaba\gabay_pricing_core\special_unit_data_audit\sold_candidates.csv,,
same_parcel,garden,אבן עזרא 61,שפיה 15,,2026-02-01,2025-08-26,159,3.0,3.0,74.0,75.0,0.013333333333333334,0.0,,,,,,20270.0,20000.0,270.0,0.0135,C:\Users\AVIV\gaba\gabay_pricing_core\special_unit_data_audit\sold_candidates.csv,C:\Users\AVIV\gaba\gabay_pricing_core\special_unit_data_audit\sold_candidates.csv,,
same_parcel,garden,אבן עזרא 61,שפירא 7,,2026-02-01,2025-08-25,160,3.0,3.0,74.0,69.0,0.07246376811594203,0.0,,,,,,20270.0,15217.0,5053.0,0.3320628244726293,C:\Users\AVIV\gaba\gabay_pricing_core\special_unit_data_audit\sold_candidates.csv,C:\Users\AVIV\gaba\gabay_pricing_core\special_unit_data_audit\sold_candidates.csv,,
same_parcel,garden,אבן עזרא 61,דרך הים 31,,2026-02-01,2025-08-24,161,3.0,3.0,74.0,79.0,0.06329113924050633,0.0,,,,,,20270.0,9962.0,10308.0,1.0347319815298133,C:\Users\AVIV\gaba\gabay_pricing_core\special_unit_data_audit\sold_candidates.csv,C:\Users\AVIV\gaba\gabay_pricing_core\special_unit_data_audit\sold_candidates.csv,,
same_parcel,garden,אבן עזרא 61,דרך הים 31,,2026-02-01,2025-08-24,161,3.0,3.0,74.0,80.0,0.075,0.0,,,,,,20270.0,10038.0,10232.0,1.019326559075513,C:\Users\AVIV\gaba\gabay_pricing_core\special_unit_data_audit\sold_candidates.csv,C:\Users\AVIV\gaba\gabay_pricing_core\special_unit_data_audit\sold_candidates.csv,,
same_parcel,garden,אבן עזרא 61,התחייה 26,,2026-02-01,2025-08-24,161,3.0,3.0,74.0,70.0,0.05714285714285714,0.0,,,,,,20270.0,12571.0,7699.0,0.6124413332272691,C:\Users\AVIV\gaba\gabay_pricing_core\special_unit_data_audit\sold_candidates.csv,C:\Users\AVIV\gaba\gabay_pricing_core\special_unit_data_audit\sold_candidates.csv,,
same_parcel,garden,אבן עזרא 61,דרך הים 31,,2026-02-01,2025-08-23,162,3.0,3.0,74.0,80.0,0.075,0.0,,,,,,20270.0,10053.0,10217.0,1.0163135382472894,C:\Users\AVIV\gaba\gabay_pricing_core\special_unit_data_audit\sold_candidates.csv,C:\Users\AVIV\gaba\gabay_pricing_core\special_unit_data_audit\sold_candidates.csv,,
same_parcel,garden,אבן עזרא 61,דרך הים 31,,2026-02-01,2025-08-23,162,3.0,3.0,74.0,79.0,0.06329113924050633,0.0,,,,,,20270.0,9907.0,10363.0,1.046028060966993,C:\Users\AVIV\gaba\gabay_pricing_core\special_unit_data_audit\sold_candidates.csv,C:\Users\AVIV\gaba\gabay_pricing_core\special_unit_data_audit\sold_candidates.csv,,
same_parcel,garden,אבן עזרא 61,השומר הצעיר 6,,2026-02-01,2025-08-21,164,3.0,3.0,74.0,67.0,0.1044776119402985,0.0,,,,,,20270.0,15373.0,4897.0,0.3185455018538997,C:\Users\AVIV\gaba\gabay_pricing_core\special_unit_data_audit\sold_candidates.csv,C:\Users\AVIV\gaba\gabay_pricing_core\special_unit_data_audit\sold_candidates.csv,,
same_parcel,garden,אבן עזרא 61,יוספטל 3,,2026-02-01,2025-08-20,165,3.0,3.0,74.0,58.0,0.27586206896551724,0.0,,,,,,20270.0,13621.0,6649.0,0.4881433081271566,C:\Users\AVIV\gaba\gabay_pricing_core\special_unit_data_audit\sold_candidates.csv,C:\Users\AVIV\gaba\gabay_pricing_core\special_unit_data_audit\sold_candidates.csv,,
same_parcel,garden,אבן עזרא 61,אנה פרנק 10,,2026-02-01,2025-08-20,165,3.0,3.0,74.0,77.0,0.03896103896103896,0.0,,,,,,20270.0,13481.0,6789.0,0.5035976559602403,C:\Users\AVIV\gaba\gabay_pricing_core\special_unit_data_audit\sold_candidates.csv,C:\Users\AVIV\gaba\gabay_pricing_core\special_unit_data_audit\sold_candidates.csv,,
same_parcel,garden,אבן עזרא 61,גדוד הפורצים 2,,2026-02-01,2025-08-18,167,3.0,3.0,74.0,60.0,0.23333333333333334,0.0,,,,,,20270.0,20417.0,-147.0,-0.0071998824508987605,C:\Users\AVIV\gaba\gabay_pricing_core\special_unit_data_audit\sold_candidates.csv,C:\Users\AVIV\gaba\gabay_pricing_core\special_unit_data_audit\sold_candidates.csv,,
same_parcel,garden,אבן עזרא 61,מגידו 8,,2026-02-01,2025-08-18,167,3.0,3.0,74.0,80.0,0.075,0.0,,,,,,20270.0,16750.0,3520.0,0.21014925373134327,C:\Users\AVIV\gaba\gabay_pricing_core\special_unit_data_audit\sold_candidates.csv,C:\Users\AVIV\gaba\gabay_pricing_core\special_unit_data_audit\sold_candidates.csv,,
same_parcel,garden,אבן עזרא 61,אנה פרנק 14,,2026-02-01,2025-08-18,167,3.0,3.0,74.0,71.0,0.04225352112676056,0.0,,,,,,20270.0,16056.0,4214.0,0.2624564025909317,C:\Users\AVIV\gaba\gabay_pricing_core\special_unit_data_audit\sold_candidates.csv,C:\Users\AVIV\gaba\gabay_pricing_core\special_unit_data_audit\sold_candidates.csv,,
same_parcel,garden,אבן עזרא 61,שפירא 1,,2026-02-01,2025-08-17,168,3.0,3.0,74.0,61.0,0.21311475409836064,0.0,,,,,,20270.0,16066.0,4204.0,0.2616706087389518,C:\Users\AVIV\gaba\gabay_pricing_core\special_unit_data_audit\sold_candidates.csv,C:\Users\AVIV\gaba\gabay_pricing_core\special_unit_data_audit\sold_candidates.csv,,
same_parcel,garden,אבן עזרא 61,,,2026-02-01,2025-08-17,168,3.0,3.0,74.0,75.0,0.013333333333333334,0.0,,,,,,20270.0,21733.0,-1463.0,-0.06731698338931578,C:\Users\AVIV\gaba\gabay_pricing_core\special_unit_data_audit\sold_candidates.csv,C:\Users\AVIV\gaba\gabay_pricing_core\special_unit_data_audit\sold_candidates.csv,,
same_parcel,garden,אבן עזרא 61,משה שרת 42,,2026-02-01,2025-08-13,172,3.0,3.0,74.0,60.0,0.23333333333333334,0.0,,,,,,20270.0,29500.0,-9230.0,-0.3128813559322034,C:\Users\AVIV\gaba\gabay_pricing_core\special_unit_data_audit\sold_candidates.csv,C:\Users\AVIV\gaba\gabay_pricing_core\special_unit_data_audit\sold_candidates.csv,,
same_parcel,garden,אבן עזרא 61,דוד רזיאל 3,,2026-02-01,2025-08-10,175,3.0,3.0,74.0,58.0,0.27586206896551724,0.0,,,,,,20270.0,12586.0,7684.0,0.6105196249801367,C:\Users\AVIV\gaba\gabay_pricing_core\special_unit_data_audit\sold_candidates.csv,C:\Users\AVIV\gaba\gabay_pricing_core\special_unit_data_audit\sold_candidates.csv,,
same_parcel,garden,אבן עזרא 61,דוד רזיאל 8,,2026-02-01,2025-08-10,175,3.0,3.0,74.0,80.0,0.075,0.0,,,,,,20270.0,12125.0,8145.0,0.6717525773195876,C:\Users\AVIV\gaba\gabay_pricing_core\special_unit_data_audit\sold_candidates.csv,C:\Users\AVIV\gaba\gabay_pricing_core\special_unit_data_audit\sold_candidates.csv,,
same_parcel,garden,אבן עזרא 61,העונות 2,,2026-02-01,2025-08-10,175,3.0,3.0,74.0,67.0,0.1044776119402985,0.0,,,,,,20270.0,18806.0,1464.0,0.07784749548016591,C:\Users\AVIV\gaba\gabay_pricing_core\special_unit_data_audit\sold_candidates.csv,C:\Users\AVIV\gaba\gabay_pricing_core\special_unit_data_audit\sold_candidates.csv,,
same_parcel,garden,אבן עזרא 61,שפירא 10,,2026-02-01,2025-08-07,178,3.0,3.0,74.0,73.0,0.0136986301369863,0.0,,,,,,20270.0,15685.0,4585.0,0.29231750079693974,C:\Users\AVIV\gaba\gabay_pricing_core\special_unit_data_audit\sold_candidates.csv,C:\Users\AVIV\gaba\gabay_pricing_core\special_unit_data_audit\sold_candidates.csv,,
same_parcel,garden,אבן עזרא 61,יהודה הלוי 30,,2026-02-01,2025-08-07,178,3.0,3.0,74.0,65.0,0.13846153846153847,0.0,,,,,,20270.0,13231.0,7039.0,0.532008162648326,C:\Users\AVIV\gaba\gabay_pricing_core\special_unit_data_audit\sold_candidates.csv,C:\Users\AVIV\gaba\gabay_pricing_core\special_unit_data_audit\sold_candidates.csv,,
same_parcel,garden,אבן עזרא 61,ההסתדרות 63,,2026-02-01,2025-08-06,179,3.0,3.0,74.0,58.0,0.27586206896551724,0.0,,,,,,20270.0,15517.0,4753.0,0.30630920925436617,C:\Users\AVIV\gaba\gabay_pricing_core\special_unit_data_audit\sold_candidates.csv,C:\Users\AVIV\gaba\gabay_pricing_core\special_unit_data_audit\sold_candidates.csv,,
same_parcel,garden,אבן עזרא 61,העונות 2,,2026-02-01,2025-08-06,179,3.0,3.0,74.0,67.0,0.1044776119402985,0.0,,,,,,20270.0,20224.0,46.0,0.002274525316455696,C:\Users\AVIV\gaba\gabay_pricing_core\special_unit_data_audit\sold_candidates.csv,C:\Users\AVIV\gaba\gabay_pricing_core\special_unit_data_audit\sold_candidates.csv,,
same_parcel,garden,אבן עזרא 61,גדוד הפורצים 452,,2026-02-01,2025-08-05,180,3.0,3.0,74.0,59.0,0.2542372881355932,0.0,,,,,,20270.0,21186.0,-916.0,-0.04323609931086567,C:\Users\AVIV\gaba\gabay_pricing_core\special_unit_data_audit\sold_candidates.csv,C:\Users\AVIV\gaba\gabay_pricing_core\special_unit_data_audit\sold_candidates.csv,,
same_parcel,garden,אבן עזרא 61,איילה 29,,2026-02-01,2025-08-04,181,3.0,3.0,74.0,79.0,0.06329113924050633,0.0,,,,,,20270.0,13228.0,7042.0,0.5323556093135773,C:\Users\AVIV\gaba\gabay_pricing_core\special_unit_data_audit\sold_candidates.csv,C:\Users\AVIV\gaba\gabay_pricing_core\special_unit_data_audit\sold_candidates.csv,,
same_parcel,garden,אבן עזרא 61,"ביל""ו 5",,2026-02-01,2025-08-04,181,3.0,3.0,74.0,67.0,0.1044776119402985,0.0,,,,,,20270.0,13433.0,6837.0,0.5089704459167721,C:\Users\AVIV\gaba\gabay_pricing_core\special_unit_data_audit\sold_candidates.csv,C:\Users\AVIV\gaba\gabay_pricing_core\special_unit_data_audit\sold_candidates.csv,,
same_parcel,garden,אבן עזרא 61,מרדכי אנילביץ 14,,2026-02-01,2025-08-01,184,3.0,3.0,74.0,65.0,0.13846153846153847,0.0,,,,,,20270.0,19231.0,1039.0,0.05402735167177994,C:\Users\AVIV\gaba\gabay_pricing_core\special_unit_data_audit\sold_candidates.csv,C:\Users\AVIV\gaba\gabay_pricing_core\special_unit_data_audit\sold_candidates.csv,,
same_parcel,garden,אבן עזרא 61,העונות 2,,2026-02-01,2025-07-30,186,3.0,3.0,74.0,75.0,0.013333333333333334,0.0,,,,,,20270.0,18000.0,2270.0,0.12611111111111112,C:\Users\AVIV\gaba\gabay_pricing_core\special_unit_data_audit\sold_candidates.csv,C:\Users\AVIV\gaba\gabay_pricing_core\special_unit_data_audit\sold_candidates.csv,,
same_parcel,garden,אבן עזרא 61,בר כוכבא 21,,2026-02-01,2025-07-29,187,3.0,3.0,74.0,70.0,0.05714285714285714,0.0,,,,,,20270.0,15714.0,4556.0,0.28993254422807685,C:\Users\AVIV\gaba\gabay_pricing_core\special_unit_data_audit\sold_candidates.csv,C:\Users\AVIV\gaba\gabay_pricing_core\special_unit_data_audit\sold_candidates.csv,,
same_parcel,garden,אבן עזרא 61,יוספטל 5,,2026-02-01,2025-07-29,187,3.0,3.0,74.0,60.0,0.23333333333333334,0.0,,,,,,20270.0,12833.0,7437.0,0.5795215460141822,C:\Users\AVIV\gaba\gabay_pricing_core\special_unit_data_audit\sold_candidates.csv,C:\Users\AVIV\gaba\gabay_pricing_core\special_unit_data_audit\sold_candidates.csv,,
same_parcel,garden,אבן עזרא 61,מנחם בגין 31,,2026-02-01,2025-07-27,189,3.0,3.0,74.0,78.0,0.05128205128205128,0.0,,,,,,20270.0,17179.0,3091.0,0.17992898306071367,C:\Users\AVIV\gaba\gabay_pricing_core\special_unit_data_audit\sold_candidates.csv,C:\Users\AVIV\gaba\gabay_pricing_core\special_unit_data_audit\sold_candidates.csv,,
same_parcel,garden,אבן עזרא 61,מגידו 8,,2026-02-01,2025-07-27,189,3.0,3.0,74.0,74.0,0.0,0.0,,,,,,20270.0,18514.0,1756.0,0.09484714270281949,C:\Users\AVIV\gaba\gabay_pricing_core\special_unit_data_audit\sold_candidates.csv,C:\Users\AVIV\gaba\gabay_pricing_core\special_unit_data_audit\sold_candidates.csv,,
same_parcel,garden,אבן עזרא 61,"רמב""ם 28",,2026-02-01,2025-07-24,192,3.0,3.0,74.0,70.0,0.05714285714285714,0.0,3.0,,,,,20270.0,19000.0,1270.0,0.0668421052631579,C:\Users\AVIV\gaba\gabay_pricing_core\special_unit_data_audit\sold_candidates.csv,C:\Users\AVIV\gaba\gabay_pricing_core\special_unit_data_audit\sold_candidates.csv,,
same_parcel,garden,אבן עזרא 61,העונות 2,,2026-02-01,2025-07-24,192,3.0,3.0,74.0,70.0,0.05714285714285714,0.0,,,,,,20270.0,18857.0,1413.0,0.07493238585140796,C:\Users\AVIV\gaba\gabay_pricing_core\special_unit_data_audit\sold_candidates.csv,C:\Users\AVIV\gaba\gabay_pricing_core\special_unit_data_audit\sold_candidates.csv,,
same_parcel,garden,אבן עזרא 61,איילה 31,,2026-02-01,2025-07-22,194,3.0,3.0,74.0,73.0,0.0136986301369863,0.0,,,,,,20270.0,15616.0,4654.0,0.29802766393442626,C:\Users\AVIV\gaba\gabay_pricing_core\special_unit_data_audit\sold_candidates.csv,C:\Users\AVIV\gaba\gabay_pricing_core\special_unit_data_audit\sold_candidates.csv,,
same_parcel,garden,אבן עזרא 61,דוריף 58,,2026-02-01,2025-07-21,195,3.0,3.0,74.0,79.0,0.06329113924050633,0.0,,,,,,20270.0,22025.0,-1755.0,-0.07968217934165721,C:\Users\AVIV\gaba\gabay_pricing_core\special_unit_data_audit\sold_candidates.csv,C:\Users\AVIV\gaba\gabay_pricing_core\special_unit_data_audit\sold_candidates.csv,,
same_parcel,garden,אבן עזרא 61,"רמב""ם 16",,2026-02-01,2025-07-21,195,3.0,3.0,74.0,78.0,0.05128205128205128,0.0,2.0,,,,,20270.0,13654.0,6616.0,0.4845466529954592,C:\Users\AVIV\gaba\gabay_pricing_core\special_unit_data_audit\sold_candidates.csv,C:\Users\AVIV\gaba\gabay_pricing_core\special_unit_data_audit\sold_candidates.csv,,
same_parcel,garden,אבן עזרא 61,ההסתדרות 22,,2026-02-01,2025-07-21,195,3.0,3.0,74.0,69.0,0.07246376811594203,0.0,,,,,,20270.0,14855.0,5415.0,0.36452372938404576,C:\Users\AVIV\gaba\gabay_pricing_core\special_unit_data_audit\sold_candidates.csv,C:\Users\AVIV\gaba\gabay_pricing_core\special_unit_data_audit\sold_candidates.csv,,
same_parcel,garden,אבן עזרא 61,דוריף 58,,2026-02-01,2025-07-20,196,3.0,3.0,74.0,79.0,0.06329113924050633,0.0,,,,,,20270.0,22025.0,-1755.0,-0.07968217934165721,C:\Users\AVIV\gaba\gabay_pricing_core\special_unit_data_audit\sold_candidates.csv,C:\Users\AVIV\gaba\gabay_pricing_core\special_unit_data_audit\sold_candidates.csv,,
same_parcel,garden,אבן עזרא 61,מרדכי אנילביץ 14,,2026-02-01,2025-07-16,200,3.0,3.0,74.0,73.0,0.0136986301369863,0.0,,,,,,20270.0,11096.0,9174.0,0.8267844268204758,C:\Users\AVIV\gaba\gabay_pricing_core\special_unit_data_audit\sold_candidates.csv,C:\Users\AVIV\gaba\gabay_pricing_core\special_unit_data_audit\sold_candidates.csv,,
same_parcel,garden,אבן עזרא 61,אפרים צור 33,,2026-02-01,2025-07-13,203,3.0,3.0,74.0,59.0,0.2542372881355932,0.0,,,,,,20270.0,15847.0,4423.0,0.2791064554805326,C:\Users\AVIV\gaba\gabay_pricing_core\special_unit_data_audit\sold_candidates.csv,C:\Users\AVIV\gaba\gabay_pricing_core\special_unit_data_audit\sold_candidates.csv,,
same_parcel,garden,אבן עזרא 61,,,2026-02-01,2025-07-13,203,3.0,3.0,74.0,75.0,0.013333333333333334,0.0,,,,,,20270.0,24967.0,-4697.0,-0.18812832939480115,C:\Users\AVIV\gaba\gabay_pricing_core\special_unit_data_audit\sold_candidates.csv,C:\Users\AVIV\gaba\gabay_pricing_core\special_unit_data_audit\sold_candidates.csv,,
same_parcel,garden,אבן עזרא 61,ברגסון 3,,2026-02-01,2025-07-13,203,3.0,3.0,74.0,73.0,0.0136986301369863,0.0,,,,,,20270.0,15068.0,5202.0,0.3452349349615078,C:\Users\AVIV\gaba\gabay_pricing_core\special_unit_data_audit\sold_candidates.csv,C:\Users\AVIV\gaba\gabay_pricing_core\special_unit_data_audit\sold_candidates.csv,,
same_parcel,garden,אבן עזרא 61,שני אליהו 12,,2026-02-01,2025-07-10,206,3.0,3.0,74.0,71.0,0.04225352112676056,0.0,,,,,,20270.0,15352.0,4918.0,0.32034914017717564,C:\Users\AVIV\gaba\gabay_pricing_core\special_unit_data_audit\sold_candidates.csv,C:\Users\AVIV\gaba\gabay_pricing_core\special_unit_data_audit\sold_candidates.csv,,
same_parcel,garden,אבן עזרא 61,טבריה 2,,2026-02-01,2025-07-10,206,3.0,3.0,74.0,79.0,0.06329113924050633,0.0,,,,,,20270.0,17215.0,3055.0,0.17746151611966307,C:\Users\AVIV\gaba\gabay_pricing_core\special_unit_data_audit\sold_candidates.csv,C:\Users\AVIV\gaba\gabay_pricing_core\special_unit_data_audit\sold_candidates.csv,,
same_parcel,garden,אבן עזרא 61,הרב נורוק 4,,2026-02-01,2025-07-10,206,3.0,3.0,74.0,56.0,0.32142857142857145,0.0,,,,,,20270.0,18179.0,2091.0,0.11502282853842345,C:\Users\AVIV\gaba\gabay_pricing_core\special_unit_data_audit\sold_candidates.csv,C:\Users\AVIV\gaba\gabay_pricing_core\special_unit_data_audit\sold_candidates.csv,,
same_parcel,garden,אבן עזרא 61,גבע 1,,2026-02-01,2025-07-09,207,3.0,3.0,74.0,71.0,0.04225352112676056,0.0,,,,,,20270.0,20000.0,270.0,0.0135,C:\Users\AVIV\gaba\gabay_pricing_core\special_unit_data_audit\sold_candidates.csv,C:\Users\AVIV\gaba\gabay_pricing_core\special_unit_data_audit\sold_candidates.csv,,
same_parcel,garden,אבן עזרא 61,מרדכי אנילביץ 438,,2026-02-01,2025-07-09,207,3.0,3.0,74.0,71.0,0.04225352112676056,0.0,,,,,,20270.0,14789.0,5481.0,0.37061329366420986,C:\Users\AVIV\gaba\gabay_pricing_core\special_unit_data_audit\sold_candidates.csv,C:\Users\AVIV\gaba\gabay_pricing_core\special_unit_data_audit\sold_candidates.csv,,
same_parcel,garden,אבן עזרא 61,שפירא 7,,2026-02-01,2025-07-09,207,3.0,3.0,74.0,61.0,0.21311475409836064,0.0,,,,,,20270.0,16066.0,4204.0,0.2616706087389518,C:\Users\AVIV\gaba\gabay_pricing_core\special_unit_data_audit\sold_candidates.csv,C:\Users\AVIV\gaba\gabay_pricing_core\special_unit_data_audit\sold_candidates.csv,,
same_parcel,garden,אבן עזרא 61,שבזי 41,,2026-02-01,2025-07-09,207,3.0,3.0,74.0,78.0,0.05128205128205128,0.0,,,,,,20270.0,14103.0,6167.0,0.43728284762107356,C:\Users\AVIV\gaba\gabay_pricing_core\special_unit_data_audit\sold_candidates.csv,C:\Users\AVIV\gaba\gabay_pricing_core\special_unit_data_audit\sold_candidates.csv,,
same_parcel,garden,אבן עזרא 61,,,2026-02-01,2025-07-09,207,3.0,3.0,74.0,75.0,0.013333333333333334,0.0,,,,,,20270.0,14267.0,6003.0,0.42076119716829047,C:\Users\AVIV\gaba\gabay_pricing_core\special_unit_data_audit\sold_candidates.csv,C:\Users\AVIV\gaba\gabay_pricing_core\special_unit_data_audit\sold_candidates.csv,,
same_parcel,garden,אבן עזרא 61,איילה 31,,2026-02-01,2025-07-08,208,3.0,3.0,74.0,70.0,0.05714285714285714,0.0,,,,,,20270.0,14857.0,5413.0,0.3643400417311705,C:\Users\AVIV\gaba\gabay_pricing_core\special_unit_data_audit\sold_candidates.csv,C:\Users\AVIV\gaba\gabay_pricing_core\special_unit_data_audit\sold_candidates.csv,,
same_parcel,garden,אבן עזרא 61,סלעית 4,,2026-02-01,2025-07-08,208,3.0,3.0,74.0,60.0,0.23333333333333334,0.0,,,,,,20270.0,17917.0,2353.0,0.13132778925043256,C:\Users\AVIV\gaba\gabay_pricing_core\special_unit_data_audit\sold_candidates.csv,C:\Users\AVIV\gaba\gabay_pricing_core\special_unit_data_audit\sold_candidates.csv,,
same_parcel,garden,אבן עזרא 61,יוספטל 3,,2026-02-01,2025-07-06,210,3.0,3.0,74.0,60.0,0.23333333333333334,0.0,,,,,,20270.0,11833.0,8437.0,0.7130060001690188,C:\Users\AVIV\gaba\gabay_pricing_core\special_unit_data_audit\sold_candidates.csv,C:\Users\AVIV\gaba\gabay_pricing_core\special_unit_data_audit\sold_candidates.csv,,
same_parcel,garden,אבן עזרא 61,"ש""י עגנון 7",,2026-02-01,2025-07-06,210,3.0,3.0,74.0,75.0,0.013333333333333334,0.0,,,,,,20270.0,14267.0,6003.0,0.42076119716829047,C:\Users\AVIV\gaba\gabay_pricing_core\special_unit_data_audit\sold_candidates.csv,C:\Users\AVIV\gaba\gabay_pricing_core\special_unit_data_audit\sold_candidates.csv,,
same_parcel,garden,אבן עזרא 61,חזון עובדיה 51,,2026-02-01,2025-07-03,213,3.0,3.0,74.0,79.0,0.06329113924050633,0.0,,,,,,20270.0,17127.0,3143.0,0.18351141472528756,C:\Users\AVIV\gaba\gabay_pricing_core\special_unit_data_audit\sold_candidates.csv,C:\Users\AVIV\gaba\gabay_pricing_core\special_unit_data_audit\sold_candidates.csv,,
same_parcel,garden,אבן עזרא 61,אריה 10,,2026-02-01,2025-07-03,213,3.0,3.0,74.0,77.0,0.03896103896103896,0.0,,,,,,20270.0,14935.0,5335.0,0.35721459658520255,C:\Users\AVIV\gaba\gabay_pricing_core\special_unit_data_audit\sold_candidates.csv,C:\Users\AVIV\gaba\gabay_pricing_core\special_unit_data_audit\sold_candidates.csv,,
same_parcel,garden,אבן עזרא 61,עמק יזרעאל 99,,2026-02-01,2025-07-02,214,3.0,3.0,74.0,79.0,0.06329113924050633,0.0,,,,,,20270.0,20127.0,143.0,0.007104883986684553,C:\Users\AVIV\gaba\gabay_pricing_core\special_unit_data_audit\sold_candidates.csv,C:\Users\AVIV\gaba\gabay_pricing_core\special_unit_data_audit\sold_candidates.csv,,
same_parcel,garden,אבן עזרא 61,מגידו 4,,2026-02-01,2025-07-01,215,3.0,3.0,74.0,75.0,0.013333333333333334,0.0,,,,,,20270.0,17600.0,2670.0,0.15170454545454545,C:\Users\AVIV\gaba\gabay_pricing_core\special_unit_data_audit\sold_candidates.csv,C:\Users\AVIV\gaba\gabay_pricing_core\special_unit_data_audit\sold_candidates.csv,,
same_parcel,garden,אבן עזרא 61,"חיד""א 6",,2026-02-01,2025-07-01,215,3.0,3.0,74.0,64.0,0.15625,0.0,,,,,,20270.0,13281.0,6989.0,0.5262404939387094,C:\Users\AVIV\gaba\gabay_pricing_core\special_unit_data_audit\sold_candidates.csv,C:\Users\AVIV\gaba\gabay_pricing_core\special_unit_data_audit\sold_candidates.csv,,
same_parcel,garden,אבן עזרא 61,שפירא 14,,2026-02-01,2025-06-30,216,3.0,3.0,74.0,65.0,0.13846153846153847,0.0,,,,,,20270.0,15385.0,4885.0,0.31751706207344815,C:\Users\AVIV\gaba\gabay_pricing_core\special_unit_data_audit\sold_candidates.csv,C:\Users\AVIV\gaba\gabay_pricing_core\special_unit_data_audit\sold_candidates.csv,,
same_parcel,garden,אבן עזרא 61,שפינוזה 13,,2026-02-01,2025-06-29,217,3.0,3.0,74.0,62.0,0.1935483870967742,0.0,,,,,,20270.0,16774.0,3496.0,0.20841778943603195,C:\Users\AVIV\gaba\gabay_pricing_core\special_unit_data_audit\sold_candidates.csv,C:\Users\AVIV\gaba\gabay_pricing_core\special_unit_data_audit\sold_candidates.csv,,
same_parcel,garden,אבן עזרא 61,אלי כהן 3,,2026-02-01,2025-06-29,217,3.0,3.0,74.0,74.0,0.0,0.0,,,,,,20270.0,17297.0,2973.0,0.17187951667919293,C:\Users\AVIV\gaba\gabay_pricing_core\special_unit_data_audit\sold_candidates.csv,C:\Users\AVIV\gaba\gabay_pricing_core\special_unit_data_audit\sold_candidates.csv,,
same_parcel,garden,אבן עזרא 61,הרב יוסף שרביט 7,,2026-02-01,2025-06-29,217,3.0,3.0,74.0,75.0,0.013333333333333334,0.0,,,,,,20270.0,21667.0,-1397.0,-0.06447593113952094,C:\Users\AVIV\gaba\gabay_pricing_core\special_unit_data_audit\sold_candidates.csv,C:\Users\AVIV\gaba\gabay_pricing_core\special_unit_data_audit\sold_candidates.csv,,
same_parcel,garden,אבן עזרא 61,יהדות ספרד 2,,2026-02-01,2025-06-29,217,3.0,3.0,74.0,62.0,0.1935483870967742,0.0,,,,,,20270.0,17419.0,2851.0,0.16367185257477468,C:\Users\AVIV\gaba\gabay_pricing_core\special_unit_data_audit\sold_candidates.csv,C:\Users\AVIV\gaba\gabay_pricing_core\special_unit_data_audit\sold_candidates.csv,,
same_parcel,garden,אבן עזרא 61,הרב יוסף שרביט 7,,2026-02-01,2025-06-28,218,3.0,3.0,74.0,75.0,0.013333333333333334,0.0,,,,,,20270.0,21667.0,-1397.0,-0.06447593113952094,C:\Users\AVIV\gaba\gabay_pricing_core\special_unit_data_audit\sold_candidates.csv,C:\Users\AVIV\gaba\gabay_pricing_core\special_unit_data_audit\sold_candidates.csv,,
same_address,garden,אבן עזרא 61,אבן עזרא 61,,2026-02-01,2025-09-03,151,3.0,3.0,74.0,76.0,0.02631578947368421,0.0,0.0,,1500000.0,,,20270.0,19737.0,533.0,0.027005117292394996,C:\Users\AVIV\gaba\gabay_pricing_core\special_unit_data_audit\sold_candidates.csv,C:\Users\AVIV\gaba\gabay_pricing_core\tax_enriched_ashkelon_3room_36m.json,,11273415660
same_parcel,garden,הרב יוסף שרביט 7,נחלה 7,,2025-12-29,2026-07-21,204,3.0,3.0,75.0,80.0,0.0625,,9.0,,1680000.0,,,24133.0,21000.0,3133.0,0.14919047619047618,C:\Users\AVIV\gaba\gabay_pricing_core\special_unit_data_audit\sold_candidates.csv,C:\Users\AVIV\gaba\gabay_pricing_core\comparable_demo_unit17.json,,11356430310
same_parcel,garden,הרב יוסף שרביט 7,נחלה 7,,2025-12-29,2026-06-30,183,3.0,3.0,75.0,80.0,0.0625,,2.0,,1680000.0,,,24133.0,21000.0,3133.0,0.14919047619047618,C:\Users\AVIV\gaba\gabay_pricing_core\special_unit_data_audit\sold_candidates.csv,C:\Users\AVIV\gaba\gabay_pricing_core\comparable_demo_unit17.json,,11356029900
same_parcel,garden,הרב יוסף שרביט 7,נחלה 7,,2025-12-29,2026-05-06,128,3.0,3.0,75.0,80.0,0.0625,,9.0,,1750000.0,,,24133.0,21875.0,2258.0,0.10322285714285714,C:\Users\AVIV\gaba\gabay_pricing_core\special_unit_data_audit\sold_candidates.csv,C:\Users\AVIV\gaba\gabay_pricing_core\comparable_demo_unit17.json,,11349838890
same_parcel,garden,הרב יוסף שרביט 7,נחלה 7,,2025-12-29,2026-04-29,121,3.0,3.0,75.0,80.0,0.0625,,10.0,,1750000.0,,,24133.0,21875.0,2258.0,0.10322285714285714,C:\Users\AVIV\gaba\gabay_pricing_core\special_unit_data_audit\sold_candidates.csv,C:\Users\AVIV\gaba\gabay_pricing_core\comparable_demo_unit17.json,,11349281340
same_parcel,garden,הרב יוסף שרביט 7,נחלה 7,,2025-12-29,2025-06-08,204,3.0,3.0,75.0,80.0,0.0625,,7.0,,1720000.0,,,24133.0,21500.0,2633.0,0.12246511627906977,C:\Users\AVIV\gaba\gabay_pricing_core\special_unit_data_audit\sold_candidates.csv,C:\Users\AVIV\gaba\gabay_pricing_core\comparable_demo_unit17.json,,11267742330
same_parcel,garden,הרב יוסף שרביט 7,נחלה 7,,2025-12-29,2025-05-04,239,3.0,3.0,75.0,80.0,0.0625,,8.0,,1750000.0,,,24133.0,21875.0,2258.0,0.10322285714285714,C:\Users\AVIV\gaba\gabay_pricing_core\special_unit_data_audit\sold_candidates.csv,C:\Users\AVIV\gaba\gabay_pricing_core\comparable_demo_unit17.json,,11263160970
same_parcel,garden,הרב יוסף שרביט 7,נחלה 7,,2025-12-29,2025-04-24,249,3.0,3.0,75.0,80.0,0.0625,,12.0,,1826000.0,,,24133.0,22825.0,1308.0,0.057305585980284776,C:\Users\AVIV\gaba\gabay_pricing_core\special_unit_data_audit\sold_candidates.csv,C:\Users\AVIV\gaba\gabay_pricing_core\comparable_demo_unit17.json,,11263118670
same_parcel,garden,הרב יוסף שרביט 7,נחלה 7,,2025-12-29,2025-03-25,279,3.0,3.0,75.0,80.0,0.0625,,4.0,,1755000.0,,,24133.0,21937.5,2195.5,0.10007977207977208,C:\Users\AVIV\gaba\gabay_pricing_core\special_unit_data_audit\sold_candidates.csv,C:\Users\AVIV\gaba\gabay_pricing_core\comparable_demo_unit17.json,,11260093590
same_parcel,garden,הרב יוסף שרביט 7,נחלה 7,,2025-12-29,2025-01-23,340,3.0,3.0,75.0,80.0,0.0625,,9.0,,1750000.0,,,24133.0,21875.0,2258.0,0.10322285714285714,C:\Users\AVIV\gaba\gabay_pricing_core\special_unit_data_audit\sold_candidates.csv,C:\Users\AVIV\gaba\gabay_pricing_core\comparable_demo_unit17.json,,11263142430
same_parcel,garden,הרב יוסף שרביט 7,נחלה 7,,2025-12-29,2025-01-09,354,3.0,3.0,75.0,80.0,0.0625,,2.0,,1700000.0,,,24133.0,21250.0,2883.0,0.13567058823529413,C:\Users\AVIV\gaba\gabay_pricing_core\special_unit_data_audit\sold_candidates.csv,C:\Users\AVIV\gaba\gabay_pricing_core\comparable_demo_unit17.json,,11252756430
same_parcel,garden,הרב יוסף שרביט 7,נחלה 7,,2025-12-29,2024-12-19,375,3.0,3.0,75.0,80.0,0.0625,,7.0,,1760000.0,,,24133.0,22000.0,2133.0,0.09695454545454546,C:\Users\AVIV\gaba\gabay_pricing_core\special_unit_data_audit\sold_candidates.csv,C:\Users\AVIV\gaba\gabay_pricing_core\comparable_demo_unit17.json,,11252073240
same_parcel,garden,הרב יוסף שרביט 7,נחלה 7,,2025-12-29,2024-11-24,400,3.0,3.0,75.0,80.0,0.0625,,4.0,,1745000.0,,,24133.0,21812.5,2320.5,0.10638395415472779,C:\Users\AVIV\gaba\gabay_pricing_core\special_unit_data_audit\sold_candidates.csv,C:\Users\AVIV\gaba\gabay_pricing_core\comparable_demo_unit17.json,,11186402940
same_parcel,garden,הרב יוסף שרביט 7,נחלה 7,,2025-12-29,2024-11-16,408,3.0,3.0,75.0,80.0,0.0625,,8.0,,1740000.0,,,24133.0,21750.0,2383.0,0.1095632183908046,C:\Users\AVIV\gaba\gabay_pricing_core\special_unit_data_audit\sold_candidates.csv,C:\Users\AVIV\gaba\gabay_pricing_core\comparable_demo_unit17.json,,11189999610
same_parcel,garden,הרב יוסף שרביט 7,נחלה 7,,2025-12-29,2024-09-12,473,3.0,3.0,75.0,80.0,0.0625,,11.0,,1740000.0,,,24133.0,21750.0,2383.0,0.1095632183908046,C:\Users\AVIV\gaba\gabay_pricing_core\special_unit_data_audit\sold_candidates.csv,C:\Users\AVIV\gaba\gabay_pricing_core\comparable_demo_unit17.json,,11183068260
same_parcel,garden,הרב יוסף שרביט 7,נחלה 16,,2025-12-29,2022-01-09,1450,3.0,3.0,75.0,77.0,0.025974025974025976,,3.0,,843000.0,,,24133.0,10948.051948051949,13184.948051948051,1.2043190984578884,C:\Users\AVIV\gaba\gabay_pricing_core\special_unit_data_audit\sold_candidates.csv,C:\Users\AVIV\gaba\gabay_pricing_core\comparable_demo_unit17.json,,10980897300
same_parcel,garden,הרב יוסף שרביט 7,נחלה 16,,2025-12-29,2021-11-14,1506,3.0,3.0,75.0,77.0,0.025974025974025976,,3.0,,843000.0,,,24133.0,10948.051948051949,13184.948051948051,1.2043190984578884,C:\Users\AVIV\gaba\gabay_pricing_core\special_unit_data_audit\sold_candidates.csv,C:\Users\AVIV\gaba\gabay_pricing_core\comparable_demo_unit17.json,,10918265940
same_parcel,garden,הרב יוסף שרביט 7,נחלה 16,,2025-12-29,2021-09-14,1567,3.0,3.0,75.0,77.0,0.025974025974025976,,8.0,,846000.0,,,24133.0,10987.012987012988,13145.987012987012,1.1965023640661938,C:\Users\AVIV\gaba\gabay_pricing_core\special_unit_data_audit\sold_candidates.csv,C:\Users\AVIV\gaba\gabay_pricing_core\comparable_demo_unit17.json,,10913306940
same_parcel,garden,הרב יוסף שרביט 7,נחלה 16,,2025-12-29,2021-09-12,1569,3.0,3.0,75.0,77.0,0.025974025974025976,,9.0,,838000.0,,,24133.0,10883.116883116883,13249.883116883117,1.2174713603818614,C:\Users\AVIV\gaba\gabay_pricing_core\special_unit_data_audit\sold_candidates.csv,C:\Users\AVIV\gaba\gabay_pricing_core\comparable_demo_unit17.json,,10913197050
same_parcel,garden,הרב יוסף שרביט 7,ניר עוז 14,,2025-12-29,2026-08-11,225,3.0,3.0,75.0,77.0,0.025974025974025976,,,,,,,24133.0,11700.0,12433.0,1.0626495726495726,C:\Users\AVIV\gaba\gabay_pricing_core\special_unit_data_audit\sold_candidates.csv,C:\Users\AVIV\gaba\gabay_pricing_core\special_unit_data_audit\sold_candidates.csv,,
same_parcel,garden,הרב יוסף שרביט 7,,,2025-12-29,2026-08-09,223,3.0,3.0,75.0,80.0,0.0625,,,,,,,24133.0,17750.0,6383.0,0.3596056338028169,C:\Users\AVIV\gaba\gabay_pricing_core\special_unit_data_audit\sold_candidates.csv,C:\Users\AVIV\gaba\gabay_pricing_core\special_unit_data_audit\sold_candidates.csv,,
same_parcel,garden,הרב יוסף שרביט 7,גדוד הפורצים 6,,2025-12-29,2026-08-06,220,3.0,3.0,75.0,58.0,0.29310344827586204,,,,,,,24133.0,15517.0,8616.0,0.5552619707417671,C:\Users\AVIV\gaba\gabay_pricing_core\special_unit_data_audit\sold_candidates.csv,C:\Users\AVIV\gaba\gabay_pricing_core\special_unit_data_audit\sold_candidates.csv,,
same_parcel,garden,הרב יוסף שרביט 7,"אצ""ל 39",,2025-12-29,2026-08-03,217,3.0,3.0,75.0,76.0,0.013157894736842105,,,,,,,24133.0,18421.0,5712.0,0.3100808859453884,C:\Users\AVIV\gaba\gabay_pricing_core\special_unit_data_audit\sold_candidates.csv,C:\Users\AVIV\gaba\gabay_pricing_core\special_unit_data_audit\sold_candidates.csv,,
same_parcel,garden,הרב יוסף שרביט 7,יוספטל 13,,2025-12-29,2026-07-30,213,3.0,3.0,75.0,67.0,0.11940298507462686,,,,,,,24133.0,14179.0,9954.0,0.7020241201777276,C:\Users\AVIV\gaba\gabay_pricing_core\special_unit_data_audit\sold_candidates.csv,C:\Users\AVIV\gaba\gabay_pricing_core\special_unit_data_audit\sold_candidates.csv,,
same_parcel,garden,הרב יוסף שרביט 7,שפיה 17,,2025-12-29,2026-07-30,213,3.0,3.0,75.0,75.0,0.0,,,,,,,24133.0,20400.0,3733.0,0.18299019607843137,C:\Users\AVIV\gaba\gabay_pricing_core\special_unit_data_audit\sold_candidates.csv,C:\Users\AVIV\gaba\gabay_pricing_core\special_unit_data_audit\sold_candidates.csv,,
same_parcel,garden,הרב יוסף שרביט 7,יהודה הלוי 32,,2025-12-29,2026-07-30,213,3.0,3.0,75.0,68.0,0.10294117647058823,,,,,,,24133.0,17132.0,7001.0,0.40865047863646975,C:\Users\AVIV\gaba\gabay_pricing_core\special_unit_data_audit\sold_candidates.csv,C:\Users\AVIV\gaba\gabay_pricing_core\special_unit_data_audit\sold_candidates.csv,,
same_parcel,garden,הרב יוסף שרביט 7,ניר עוז 14,,2025-12-29,2026-07-26,209,3.0,3.0,75.0,78.0,0.038461538461538464,,,,,,,24133.0,11308.0,12825.0,1.1341528121683764,C:\Users\AVIV\gaba\gabay_pricing_core\special_unit_data_audit\sold_candidates.csv,C:\Users\AVIV\gaba\gabay_pricing_core\special_unit_data_audit\sold_candidates.csv,,
same_parcel,garden,הרב יוסף שרביט 7,דרך ארץ 12,,2025-12-29,2026-07-23,206,3.0,3.0,75.0,80.0,0.0625,,,,,,,24133.0,11254.0,12879.0,1.1443931046738938,C:\Users\AVIV\gaba\gabay_pricing_core\special_unit_data_audit\sold_candidates.csv,C:\Users\AVIV\gaba\gabay_pricing_core\special_unit_data_audit\sold_candidates.csv,,
same_parcel,garden,הרב יוסף שרביט 7,דרך ארץ 12,,2025-12-29,2026-07-21,204,3.0,3.0,75.0,80.0,0.0625,,,,,,,24133.0,11254.0,12879.0,1.1443931046738938,C:\Users\AVIV\gaba\gabay_pricing_core\special_unit_data_audit\sold_candidates.csv,C:\Users\AVIV\gaba\gabay_pricing_core\special_unit_data_audit\sold_candidates.csv,,
same_parcel,garden,הרב יוסף שרביט 7,נחלה 7,,2025-12-29,2026-07-21,204,3.0,3.0,75.0,80.0,0.0625,,,,,,,24133.0,21000.0,3133.0,0.14919047619047618,C:\Users\AVIV\gaba\gabay_pricing_core\special_unit_data_audit\sold_candidates.csv,C:\Users\AVIV\gaba\gabay_pricing_core\special_unit_data_audit\sold_candidates.csv,,
same_parcel,garden,הרב יוסף שרביט 7,ניר עוז 14,,2025-12-29,2026-07-20,203,3.0,3.0,75.0,78.0,0.038461538461538464,,,,,,,24133.0,20859.0,3274.0,0.15695862697157104,C:\Users\AVIV\gaba\gabay_pricing_core\special_unit_data_audit\sold_candidates.csv,C:\Users\AVIV\gaba\gabay_pricing_core\special_unit_data_audit\sold_candidates.csv,,
same_parcel,garden,הרב יוסף שרביט 7,,,2025-12-29,2026-07-20,203,3.0,3.0,75.0,76.0,0.013157894736842105,,,,,,,24133.0,11520.0,12613.0,1.0948784722222222,C:\Users\AVIV\gaba\gabay_pricing_core\special_unit_data_audit\sold_candidates.csv,C:\Users\AVIV\gaba\gabay_pricing_core\special_unit_data_audit\sold_candidates.csv,,
same_parcel,garden,הרב יוסף שרביט 7,אריה 12,,2025-12-29,2026-07-17,200,3.0,3.0,75.0,73.0,0.0273972602739726,,,,,,,24133.0,14521.0,9612.0,0.6619378830659045,C:\Users\AVIV\gaba\gabay_pricing_core\special_unit_data_audit\sold_candidates.csv,C:\Users\AVIV\gaba\gabay_pricing_core\special_unit_data_audit\sold_candidates.csv,,
same_parcel,garden,הרב יוסף שרביט 7,דרך ארץ 12,,2025-12-29,2026-07-16,199,3.0,3.0,75.0,79.0,0.05063291139240506,,,,,,,24133.0,11232.0,12901.0,1.1485933048433048,C:\Users\AVIV\gaba\gabay_pricing_core\special_unit_data_audit\sold_candidates.csv,C:\Users\AVIV\gaba\gabay_pricing_core\special_unit_data_audit\sold_candidates.csv,,
same_parcel,garden,הרב יוסף שרביט 7,אריה 16,,2025-12-29,2026-07-16,199,3.0,3.0,75.0,67.0,0.11940298507462686,,,,,,,24133.0,17910.0,6223.0,0.3474595198213289,C:\Users\AVIV\gaba\gabay_pricing_core\special_unit_data_audit\sold_candidates.csv,C:\Users\AVIV\gaba\gabay_pricing_core\special_unit_data_audit\sold_candidates.csv,,
same_parcel,garden,הרב יוסף שרביט 7,דרך ארץ 12,,2025-12-29,2026-07-15,198,3.0,3.0,75.0,79.0,0.05063291139240506,,,,,,,24133.0,11212.0,12921.0,1.1524259721726722,C:\Users\AVIV\gaba\gabay_pricing_core\special_unit_data_audit\sold_candidates.csv,C:\Users\AVIV\gaba\gabay_pricing_core\special_unit_data_audit\sold_candidates.csv,,
same_parcel,garden,הרב יוסף שרביט 7,דרך ארץ 12,,2025-12-29,2026-07-14,197,3.0,3.0,75.0,79.0,0.05063291139240506,,,,,,,24133.0,11230.0,12903.0,1.1489759572573464,C:\Users\AVIV\gaba\gabay_pricing_core\special_unit_data_audit\sold_candidates.csv,C:\Users\AVIV\gaba\gabay_pricing_core\special_unit_data_audit\sold_candidates.csv,,
same_parcel,garden,הרב יוסף שרביט 7,שפירא 17,,2025-12-29,2026-07-14,197,3.0,3.0,75.0,68.0,0.10294117647058823,,,,,,,24133.0,15294.0,8839.0,0.5779390610697005,C:\Users\AVIV\gaba\gabay_pricing_core\special_unit_data_audit\sold_candidates.csv,C:\Users\AVIV\gaba\gabay_pricing_core\special_unit_data_audit\sold_candidates.csv,,
same_parcel,garden,הרב יוסף שרביט 7,,,2025-12-29,2026-07-14,197,3.0,3.0,75.0,75.0,0.0,,,,,,,24133.0,21360.0,2773.0,0.12982209737827716,C:\Users\AVIV\gaba\gabay_pricing_core\special_unit_data_audit\sold_candidates.csv,C:\Users\AVIV\gaba\gabay_pricing_core\special_unit_data_audit\sold_candidates.csv,,
same_parcel,garden,הרב יוסף שרביט 7,דרך ארץ 12,,2025-12-29,2026-07-13,196,3.0,3.0,75.0,79.0,0.05063291139240506,,,,,,,24133.0,11217.0,12916.0,1.151466524026032,C:\Users\AVIV\gaba\gabay_pricing_core\special_unit_data_audit\sold_candidates.csv,C:\Users\AVIV\gaba\gabay_pricing_core\special_unit_data_audit\sold_candidates.csv,,
same_parcel,garden,הרב יוסף שרביט 7,,,2025-12-29,2026-07-13,196,3.0,3.0,75.0,76.0,0.013157894736842105,,,,,,,24133.0,11462.0,12671.0,1.1054789740010469,C:\Users\AVIV\gaba\gabay_pricing_core\special_unit_data_audit\sold_candidates.csv,C:\Users\AVIV\gaba\gabay_pricing_core\special_unit_data_audit\sold_candidates.csv,,
same_parcel,garden,הרב יוסף שרביט 7,דרך ארץ 12,,2025-12-29,2026-07-13,196,3.0,3.0,75.0,80.0,0.0625,,,,,,,24133.0,11147.0,12986.0,1.1649771238898359,C:\Users\AVIV\gaba\gabay_pricing_core\special_unit_data_audit\sold_candidates.csv,C:\Users\AVIV\gaba\gabay_pricing_core\special_unit_data_audit\sold_candidates.csv,,
same_parcel,garden,הרב יוסף שרביט 7,מודיעין 5,,2025-12-29,2026-07-12,195,3.0,3.0,75.0,63.0,0.19047619047619047,,,,,,,24133.0,28333.0,-4200.0,-0.14823703808280098,C:\Users\AVIV\gaba\gabay_pricing_core\special_unit_data_audit\sold_candidates.csv,C:\Users\AVIV\gaba\gabay_pricing_core\special_unit_data_audit\sold_candidates.csv,,
same_parcel,garden,הרב יוסף שרביט 7,דרך ארץ 12,,2025-12-29,2026-07-09,192,3.0,3.0,75.0,79.0,0.05063291139240506,,,,,,,24133.0,11241.0,12892.0,1.1468730539987546,C:\Users\AVIV\gaba\gabay_pricing_core\special_unit_data_audit\sold_candidates.csv,C:\Users\AVIV\gaba\gabay_pricing_core\special_unit_data_audit\sold_candidates.csv,,
same_parcel,garden,הרב יוסף שרביט 7,עמיעוז 11,,2025-12-29,2026-07-08,191,3.0,3.0,75.0,68.0,0.10294117647058823,,,,,,,24133.0,15294.0,8839.0,0.5779390610697005,C:\Users\AVIV\gaba\gabay_pricing_core\special_unit_data_audit\sold_candidates.csv,C:\Users\AVIV\gaba\gabay_pricing_core\special_unit_data_audit\sold_candidates.csv,,
same_parcel,garden,הרב יוסף שרביט 7,ניר עוז 14,,2025-12-29,2026-07-08,191,3.0,3.0,75.0,78.0,0.038461538461538464,,,,,,,24133.0,22564.0,1569.0,0.06953554334337883,C:\Users\AVIV\gaba\gabay_pricing_core\special_unit_data_audit\sold_candidates.csv,C:\Users\AVIV\gaba\gabay_pricing_core\special_unit_data_audit\sold_candidates.csv,,
same_parcel,garden,הרב יוסף שרביט 7,הרב יוסף שרביט 5,,2025-12-29,2026-07-07,190,3.0,3.0,75.0,79.0,0.05063291139240506,,,,,,,24133.0,20886.0,3247.0,0.1554629895623863,C:\Users\AVIV\gaba\gabay_pricing_core\special_unit_data_audit\sold_candidates.csv,C:\Users\AVIV\gaba\gabay_pricing_core\special_unit_data_audit\sold_candidates.csv,,
same_parcel,garden,הרב יוסף שרביט 7,דרום אפריקה 6,,2025-12-29,2026-07-07,190,3.0,3.0,75.0,80.0,0.0625,,,,,,,24133.0,16875.0,7258.0,0.4301037037037037,C:\Users\AVIV\gaba\gabay_pricing_core\special_unit_data_audit\sold_candidates.csv,C:\Users\AVIV\gaba\gabay_pricing_core\special_unit_data_audit\sold_candidates.csv,,
same_parcel,garden,הרב יוסף שרביט 7,ניר עוז 14,,2025-12-29,2026-07-07,190,3.0,3.0,75.0,78.0,0.038461538461538464,,,,,,,24133.0,22564.0,1569.0,0.06953554334337883,C:\Users\AVIV\gaba\gabay_pricing_core\special_unit_data_audit\sold_candidates.csv,C:\Users\AVIV\gaba\gabay_pricing_core\special_unit_data_audit\sold_candidates.csv,,
same_parcel,garden,הרב יוסף שרביט 7,יוספטל 22,,2025-12-29,2026-07-07,190,3.0,3.0,75.0,58.0,0.29310344827586204,,,,,,,24133.0,13793.0,10340.0,0.7496556224171681,C:\Users\AVIV\gaba\gabay_pricing_core\special_unit_data_audit\sold_candidates.csv,C:\Users\AVIV\gaba\gabay_pricing_core\special_unit_data_audit\sold_candidates.csv,,
same_address,garden,הרב יוסף שרביט 7,הרב יוסף שרביט 7,,2025-12-29,2026-07-07,190,3.0,3.0,75.0,75.0,0.0,,,,,,,24133.0,21067.0,3066.0,0.14553567190392558,C:\Users\AVIV\gaba\gabay_pricing_core\special_unit_data_audit\sold_candidates.csv,C:\Users\AVIV\gaba\gabay_pricing_core\special_unit_data_audit\sold_candidates.csv,,
same_parcel,garden,הרב יוסף שרביט 7,הרב יוסף שרביט 5,,2025-12-29,2026-07-06,189,3.0,3.0,75.0,79.0,0.05063291139240506,,,,,,,24133.0,20886.0,3247.0,0.1554629895623863,C:\Users\AVIV\gaba\gabay_pricing_core\special_unit_data_audit\sold_candidates.csv,C:\Users\AVIV\gaba\gabay_pricing_core\special_unit_data_audit\sold_candidates.csv,,
same_parcel,garden,הרב יוסף שרביט 7,,,2025-12-29,2026-07-05,188,3.0,3.0,75.0,77.0,0.025974025974025976,,,,,,,24133.0,11702.0,12431.0,1.0622970432404717,C:\Users\AVIV\gaba\gabay_pricing_core\special_unit_data_audit\sold_candidates.csv,C:\Users\AVIV\gaba\gabay_pricing_core\special_unit_data_audit\sold_candidates.csv,,
same_parcel,garden,הרב יוסף שרביט 7,הרב יוסף שרביט 5,,2025-12-29,2026-07-02,185,3.0,3.0,75.0,78.0,0.038461538461538464,,,,,,,24133.0,11231.0,12902.0,1.1487846140147806,C:\Users\AVIV\gaba\gabay_pricing_core\special_unit_data_audit\sold_candidates.csv,C:\Users\AVIV\gaba\gabay_pricing_core\special_unit_data_audit\sold_candidates.csv,,
same_parcel,garden,הרב יוסף שרביט 7,הרב יוסף שרביט 5,,2025-12-29,2026-07-01,184,3.0,3.0,75.0,79.0,0.05063291139240506,,,,,,,24133.0,20886.0,3247.0,0.1554629895623863,C:\Users\AVIV\gaba\gabay_pricing_core\special_unit_data_audit\sold_candidates.csv,C:\Users\AVIV\gaba\gabay_pricing_core\special_unit_data_audit\sold_candidates.csv,,
same_parcel,garden,הרב יוסף שרביט 7,הרב יוסף שרביט 5,,2025-12-29,2026-07-01,184,3.0,3.0,75.0,78.0,0.038461538461538464,,,,,,,24133.0,11501.0,12632.0,1.0983392748456655,C:\Users\AVIV\gaba\gabay_pricing_core\special_unit_data_audit\sold_candidates.csv,C:\Users\AVIV\gaba\gabay_pricing_core\special_unit_data_audit\sold_candidates.csv,,
same_parcel,garden,הרב יוסף שרביט 7,,,2025-12-29,2026-06-30,183,3.0,3.0,75.0,77.0,0.025974025974025976,,,,,,,24133.0,21299.0,2834.0,0.133057890041786,C:\Users\AVIV\gaba\gabay_pricing_core\special_unit_data_audit\sold_candidates.csv,C:\Users\AVIV\gaba\gabay_pricing_core\special_unit_data_audit\sold_candidates.csv,,
same_parcel,garden,הרב יוסף שרביט 7,נחלה 7,,2025-12-29,2026-06-30,183,3.0,3.0,75.0,80.0,0.0625,,,,,,,24133.0,21000.0,3133.0,0.14919047619047618,C:\Users\AVIV\gaba\gabay_pricing_core\special_unit_data_audit\sold_candidates.csv,C:\Users\AVIV\gaba\gabay_pricing_core\special_unit_data_audit\sold_candidates.csv,,
same_parcel,garden,הרב יוסף שרביט 7,שפירא 74,,2025-12-29,2026-06-30,183,3.0,3.0,75.0,65.45,0.1459129106187929,,,,,,,24133.0,16923.0,7210.0,0.4260473911245051,C:\Users\AVIV\gaba\gabay_pricing_core\special_unit_data_audit\sold_candidates.csv,C:\Users\AVIV\gaba\gabay_pricing_core\special_unit_data_audit\sold_candidates.csv,,
same_parcel,garden,הרב יוסף שרביט 7,מגידו 8,,2025-12-29,2026-06-29,182,3.0,3.0,75.0,70.5,0.06382978723404255,,,,,,,24133.0,18857.0,5276.0,0.27978999840907887,C:\Users\AVIV\gaba\gabay_pricing_core\special_unit_data_audit\sold_candidates.csv,C:\Users\AVIV\gaba\gabay_pricing_core\special_unit_data_audit\sold_candidates.csv,,
same_parcel,garden,הרב יוסף שרביט 7,ניר עוז 14,,2025-12-29,2026-06-28,181,3.0,3.0,75.0,78.0,0.038461538461538464,,,,,,,24133.0,21603.0,2530.0,0.11711336388464565,C:\Users\AVIV\gaba\gabay_pricing_core\special_unit_data_audit\sold_candidates.csv,C:\Users\AVIV\gaba\gabay_pricing_core\special_unit_data_audit\sold_candidates.csv,,
same_parcel,garden,הרב יוסף שרביט 7,שירת היין 3,,2025-12-29,2026-06-28,181,3.0,3.0,75.0,80.0,0.0625,,,,,,,24133.0,22500.0,1633.0,0.07257777777777778,C:\Users\AVIV\gaba\gabay_pricing_core\special_unit_data_audit\sold_candidates.csv,C:\Users\AVIV\gaba\gabay_pricing_core\special_unit_data_audit\sold_candidates.csv,,
same_parcel,garden,הרב יוסף שרביט 7,ניר עוז 14,,2025-12-29,2026-06-27,180,3.0,3.0,75.0,78.0,0.038461538461538464,,,,,,,24133.0,21603.0,2530.0,0.11711336388464565,C:\Users\AVIV\gaba\gabay_pricing_core\special_unit_data_audit\sold_candidates.csv,C:\Users\AVIV\gaba\gabay_pricing_core\special_unit_data_audit\sold_candidates.csv,,
same_parcel,garden,הרב יוסף שרביט 7,הקונכייה 16,,2025-12-29,2026-06-26,179,3.0,3.0,75.0,79.0,0.05063291139240506,,,,,,,24133.0,22595.0,1538.0,0.06806815667183005,C:\Users\AVIV\gaba\gabay_pricing_core\special_unit_data_audit\sold_candidates.csv,C:\Users\AVIV\gaba\gabay_pricing_core\special_unit_data_audit\sold_candidates.csv,,
same_parcel,garden,הרב יוסף שרביט 7,דרך ארץ 12,,2025-12-29,2026-06-25,178,3.0,3.0,75.0,80.0,0.0625,,,,,,,24133.0,11224.0,12909.0,1.1501247327156094,C:\Users\AVIV\gaba\gabay_pricing_core\special_unit_data_audit\sold_candidates.csv,C:\Users\AVIV\gaba\gabay_pricing_core\special_unit_data_audit\sold_candidates.csv,,
same_parcel,garden,הרב יוסף שרביט 7,דרך ארץ 12,,2025-12-29,2026-06-25,178,3.0,3.0,75.0,79.0,0.05063291139240506,,,,,,,24133.0,11211.0,12922.0,1.1526179644991525,C:\Users\AVIV\gaba\gabay_pricing_core\special_unit_data_audit\sold_candidates.csv,C:\Users\AVIV\gaba\gabay_pricing_core\special_unit_data_audit\sold_candidates.csv,,
same_parcel,garden,הרב יוסף שרביט 7,"ש""י עגנון 169",,2025-12-29,2026-06-25,178,3.0,3.0,75.0,68.8,0.09011627906976749,,,,,,,24133.0,15262.0,8871.0,0.5812475429170488,C:\Users\AVIV\gaba\gabay_pricing_core\special_unit_data_audit\sold_candidates.csv,C:\Users\AVIV\gaba\gabay_pricing_core\special_unit_data_audit\sold_candidates.csv,,
same_parcel,garden,הרב יוסף שרביט 7,שפיה 17,,2025-12-29,2026-06-25,178,3.0,3.0,75.0,75.0,0.0,,,,,,,24133.0,20000.0,4133.0,0.20665,C:\Users\AVIV\gaba\gabay_pricing_core\special_unit_data_audit\sold_candidates.csv,C:\Users\AVIV\gaba\gabay_pricing_core\special_unit_data_audit\sold_candidates.csv,,
same_parcel,garden,הרב יוסף שרביט 7,שפיה 17,,2025-12-29,2026-06-24,177,3.0,3.0,75.0,75.0,0.0,,,,,,,24133.0,20000.0,4133.0,0.20665,C:\Users\AVIV\gaba\gabay_pricing_core\special_unit_data_audit\sold_candidates.csv,C:\Users\AVIV\gaba\gabay_pricing_core\special_unit_data_audit\sold_candidates.csv,,
same_parcel,garden,הרב יוסף שרביט 7,מגידו 6,,2025-12-29,2026-06-23,176,3.0,3.0,75.0,70.3,0.0668563300142248,,,,,,,24133.0,18571.0,5562.0,0.2994992192127511,C:\Users\AVIV\gaba\gabay_pricing_core\special_unit_data_audit\sold_candidates.csv,C:\Users\AVIV\gaba\gabay_pricing_core\special_unit_data_audit\sold_candidates.csv,,
same_parcel,garden,הרב יוסף שרביט 7,,,2025-12-29,2026-06-22,175,3.0,3.0,75.0,77.0,0.025974025974025976,,,,,,,24133.0,11526.0,12607.0,1.0937879576609404,C:\Users\AVIV\gaba\gabay_pricing_core\special_unit_data_audit\sold_candidates.csv,C:\Users\AVIV\gaba\gabay_pricing_core\special_unit_data_audit\sold_candidates.csv,,
same_parcel,garden,הרב יוסף שרביט 7,,,2025-12-29,2026-06-22,175,3.0,3.0,75.0,76.0,0.013157894736842105,,,,,,,24133.0,11520.0,12613.0,1.0948784722222222,C:\Users\AVIV\gaba\gabay_pricing_core\special_unit_data_audit\sold_candidates.csv,C:\Users\AVIV\gaba\gabay_pricing_core\special_unit_data_audit\sold_candidates.csv,,
same_parcel,garden,הרב יוסף שרביט 7,ניר עוז 14,,2025-12-29,2026-06-21,174,3.0,3.0,75.0,78.0,0.038461538461538464,,,,,,,24133.0,11496.0,12637.0,1.0992519137091161,C:\Users\AVIV\gaba\gabay_pricing_core\special_unit_data_audit\sold_candidates.csv,C:\Users\AVIV\gaba\gabay_pricing_core\special_unit_data_audit\sold_candidates.csv,,
same_parcel,garden,הרב יוסף שרביט 7,,,2025-12-29,2026-06-21,174,3.0,3.0,75.0,78.0,0.038461538461538464,,,,,,,24133.0,11476.0,12657.0,1.1029104217497385,C:\Users\AVIV\gaba\gabay_pricing_core\special_unit_data_audit\sold_candidates.csv,C:\Users\AVIV\gaba\gabay_pricing_core\special_unit_data_audit\sold_candidates.csv,,
same_parcel,garden,הרב יוסף שרביט 7,שפיה 15,,2025-12-29,2026-06-21,174,3.0,3.0,75.0,75.0,0.0,,,,,,,24133.0,20000.0,4133.0,0.20665,C:\Users\AVIV\gaba\gabay_pricing_core\special_unit_data_audit\sold_candidates.csv,C:\Users\AVIV\gaba\gabay_pricing_core\special_unit_data_audit\sold_candidates.csv,,
same_parcel,garden,הרב יוסף שרביט 7,ניר עוז 14,,2025-12-29,2026-06-21,174,3.0,3.0,75.0,79.0,0.05063291139240506,,,,,,,24133.0,11241.0,12892.0,1.1468730539987546,C:\Users\AVIV\gaba\gabay_pricing_core\special_unit_data_audit\sold_candidates.csv,C:\Users\AVIV\gaba\gabay_pricing_core\special_unit_data_audit\sold_candidates.csv,,
same_parcel,garden,הרב יוסף שרביט 7,שפיה 15,,2025-12-29,2026-06-20,173,3.0,3.0,75.0,75.0,0.0,,,,,,,24133.0,20000.0,4133.0,0.20665,C:\Users\AVIV\gaba\gabay_pricing_core\special_unit_data_audit\sold_candidates.csv,C:\Users\AVIV\gaba\gabay_pricing_core\special_unit_data_audit\sold_candidates.csv,,
same_parcel,garden,הרב יוסף שרביט 7,ניר עוז 14,,2025-12-29,2026-06-20,173,3.0,3.0,75.0,78.0,0.038461538461538464,,,,,,,24133.0,11391.0,12742.0,1.118602405407778,C:\Users\AVIV\gaba\gabay_pricing_core\special_unit_data_audit\sold_candidates.csv,C:\Users\AVIV\gaba\gabay_pricing_core\special_unit_data_audit\sold_candidates.csv,,
same_parcel,garden,הרב יוסף שרביט 7,ניר עוז 14,,2025-12-29,2026-06-20,173,3.0,3.0,75.0,79.0,0.05063291139240506,,,,,,,24133.0,11457.0,12676.0,1.106397835384481,C:\Users\AVIV\gaba\gabay_pricing_core\special_unit_data_audit\sold_candidates.csv,C:\Users\AVIV\gaba\gabay_pricing_core\special_unit_data_audit\sold_candidates.csv,,
same_parcel,garden,הרב יוסף שרביט 7,הרב יוסף שרביט 5,,2025-12-29,2026-06-18,171,3.0,3.0,75.0,80.0,0.0625,,,,,,,24133.0,11300.0,12833.0,1.1356637168141592,C:\Users\AVIV\gaba\gabay_pricing_core\special_unit_data_audit\sold_candidates.csv,C:\Users\AVIV\gaba\gabay_pricing_core\special_unit_data_audit\sold_candidates.csv,,
same_parcel,garden,הרב יוסף שרביט 7,,,2025-12-29,2026-06-18,171,3.0,3.0,75.0,77.0,0.025974025974025976,,,,,,,24133.0,11585.0,12548.0,1.0831247302546396,C:\Users\AVIV\gaba\gabay_pricing_core\special_unit_data_audit\sold_candidates.csv,C:\Users\AVIV\gaba\gabay_pricing_core\special_unit_data_audit\sold_candidates.csv,,
same_parcel,garden,הרב יוסף שרביט 7,בני עקיבא 1,,2025-12-29,2026-06-17,170,3.0,3.0,75.0,64.15,0.1691348402182384,,,,,,,24133.0,15312.0,8821.0,0.5760841170323929,C:\Users\AVIV\gaba\gabay_pricing_core\special_unit_data_audit\sold_candidates.csv,C:\Users\AVIV\gaba\gabay_pricing_core\special_unit_data_audit\sold_candidates.csv,,
same_parcel,garden,הרב יוסף שרביט 7,ניצנים 4,,2025-12-29,2026-06-17,170,3.0,3.0,75.0,70.0,0.07142857142857142,,,,,,,24133.0,12714.0,11419.0,0.8981437785118767,C:\Users\AVIV\gaba\gabay_pricing_core\special_unit_data_audit\sold_candidates.csv,C:\Users\AVIV\gaba\gabay_pricing_core\special_unit_data_audit\sold_candidates.csv,,
same_parcel,garden,הרב יוסף שרביט 7,הרב יוסף שרביט 5,,2025-12-29,2026-06-17,170,3.0,3.0,75.0,79.0,0.05063291139240506,,,,,,,24133.0,20633.0,3500.0,0.1696311733630592,C:\Users\AVIV\gaba\gabay_pricing_core\special_unit_data_audit\sold_candidates.csv,C:\Users\AVIV\gaba\gabay_pricing_core\special_unit_data_audit\sold_candidates.csv,,
same_parcel,garden,הרב יוסף שרביט 7,הרב יוסף שרביט 5,,2025-12-29,2026-06-17,170,3.0,3.0,75.0,80.0,0.0625,,,,,,,24133.0,11305.0,12828.0,1.134719150818222,C:\Users\AVIV\gaba\gabay_pricing_core\special_unit_data_audit\sold_candidates.csv,C:\Users\AVIV\gaba\gabay_pricing_core\special_unit_data_audit\sold_candidates.csv,,
same_parcel,garden,הרב יוסף שרביט 7,היינן 17,,2025-12-29,2026-06-17,170,3.0,3.0,75.0,80.0,0.0625,,,,,,,24133.0,21587.0,2546.0,0.11794135359243989,C:\Users\AVIV\gaba\gabay_pricing_core\special_unit_data_audit\sold_candidates.csv,C:\Users\AVIV\gaba\gabay_pricing_core\special_unit_data_audit\sold_candidates.csv,,
same_parcel,garden,הרב יוסף שרביט 7,,,2025-12-29,2026-06-16,169,3.0,3.0,75.0,78.0,0.038461538461538464,,,,,,,24133.0,11013.0,13120.0,1.1913193498592571,C:\Users\AVIV\gaba\gabay_pricing_core\special_unit_data_audit\sold_candidates.csv,C:\Users\AVIV\gaba\gabay_pricing_core\special_unit_data_audit\sold_candidates.csv,,
same_parcel,garden,הרב יוסף שרביט 7,הרב יוסף שרביט 5,,2025-12-29,2026-06-16,169,3.0,3.0,75.0,79.0,0.05063291139240506,,,,,,,24133.0,20380.0,3753.0,0.18415112855740923,C:\Users\AVIV\gaba\gabay_pricing_core\special_unit_data_audit\sold_candidates.csv,C:\Users\AVIV\gaba\gabay_pricing_core\special_unit_data_audit\sold_candidates.csv,,
same_parcel,garden,הרב יוסף שרביט 7,הרב יוסף שרביט 5,,2025-12-29,2026-06-15,168,3.0,3.0,75.0,80.0,0.0625,,,,,,,24133.0,11525.0,12608.0,1.0939696312364424,C:\Users\AVIV\gaba\gabay_pricing_core\special_unit_data_audit\sold_candidates.csv,C:\Users\AVIV\gaba\gabay_pricing_core\special_unit_data_audit\sold_candidates.csv,,
same_parcel,garden,הרב יוסף שרביט 7,הרב יוסף שרביט 5,,2025-12-29,2026-06-15,168,3.0,3.0,75.0,78.0,0.038461538461538464,,,,,,,24133.0,11564.0,12569.0,1.0869076444136976,C:\Users\AVIV\gaba\gabay_pricing_core\special_unit_data_audit\sold_candidates.csv,C:\Users\AVIV\gaba\gabay_pricing_core\special_unit_data_audit\sold_candidates.csv,,
same_parcel,garden,הרב יוסף שרביט 7,הנשיא 91,,2025-12-29,2026-06-15,168,3.0,3.0,75.0,64.7,0.15919629057187012,,,,,,,24133.0,17002.0,7131.0,0.4194212445594636,C:\Users\AVIV\gaba\gabay_pricing_core\special_unit_data_audit\sold_candidates.csv,C:\Users\AVIV\gaba\gabay_pricing_core\special_unit_data_audit\sold_candidates.csv,,
same_parcel,garden,הרב יוסף שרביט 7,אריאל שרון 26,,2025-12-29,2026-06-14,167,3.0,3.0,75.0,80.0,0.0625,,,,,,,24133.0,22875.0,1258.0,0.054994535519125684,C:\Users\AVIV\gaba\gabay_pricing_core\special_unit_data_audit\sold_candidates.csv,C:\Users\AVIV\gaba\gabay_pricing_core\special_unit_data_audit\sold_candidates.csv,,
same_parcel,garden,הרב יוסף שרביט 7,הרב יוסף שרביט 5,,2025-12-29,2026-06-14,167,3.0,3.0,75.0,80.0,0.0625,,,,,,,24133.0,11525.0,12608.0,1.0939696312364424,C:\Users\AVIV\gaba\gabay_pricing_core\special_unit_data_audit\sold_candidates.csv,C:\Users\AVIV\gaba\gabay_pricing_core\special_unit_data_audit\sold_candidates.csv,,
same_parcel,garden,הרב יוסף שרביט 7,הרב יוסף שרביט 5,,2025-12-29,2026-06-14,167,3.0,3.0,75.0,78.0,0.038461538461538464,,,,,,,24133.0,11567.0,12566.0,1.0863663871358173,C:\Users\AVIV\gaba\gabay_pricing_core\special_unit_data_audit\sold_candidates.csv,C:\Users\AVIV\gaba\gabay_pricing_core\special_unit_data_audit\sold_candidates.csv,,
same_parcel,garden,הרב יוסף שרביט 7,תשרי 17,,2025-12-29,2026-06-10,163,3.0,3.0,75.0,72.0,0.041666666666666664,,,,,,,24133.0,15278.0,8855.0,0.5795915695771698,C:\Users\AVIV\gaba\gabay_pricing_core\special_unit_data_audit\sold_candidates.csv,C:\Users\AVIV\gaba\gabay_pricing_core\special_unit_data_audit\sold_candidates.csv,,
same_parcel,garden,הרב יוסף שרביט 7,הרצל 16,,2025-12-29,2026-06-09,162,3.0,3.0,75.0,68.0,0.10294117647058823,,,,,,,24133.0,10662.0,13471.0,1.2634590133183268,C:\Users\AVIV\gaba\gabay_pricing_core\special_unit_data_audit\sold_candidates.csv,C:\Users\AVIV\gaba\gabay_pricing_core\special_unit_data_audit\sold_candidates.csv,,
same_parcel,garden,הרב יוסף שרביט 7,,,2025-12-29,2026-06-09,162,3.0,3.0,75.0,77.0,0.025974025974025976,,,,,,,24133.0,21688.0,2445.0,0.11273515308004427,C:\Users\AVIV\gaba\gabay_pricing_core\special_unit_data_audit\sold_candidates.csv,C:\Users\AVIV\gaba\gabay_pricing_core\special_unit_data_audit\sold_candidates.csv,,
same_parcel,garden,הרב יוסף שרביט 7,הסוכנות היהודית 8,,2025-12-29,2026-06-09,162,3.0,3.0,75.0,71.0,0.056338028169014086,,,,,,,24133.0,14225.0,9908.0,0.6965202108963093,C:\Users\AVIV\gaba\gabay_pricing_core\special_unit_data_audit\sold_candidates.csv,C:\Users\AVIV\gaba\gabay_pricing_core\special_unit_data_audit\sold_candidates.csv,,
same_parcel,garden,הרב יוסף שרביט 7,היינן 17,,2025-12-29,2026-06-08,161,3.0,3.0,75.0,80.0,0.0625,,,,,,,24133.0,21325.0,2808.0,0.13167643610785462,C:\Users\AVIV\gaba\gabay_pricing_core\special_unit_data_audit\sold_candidates.csv,C:\Users\AVIV\gaba\gabay_pricing_core\special_unit_data_audit\sold_candidates.csv,,
same_parcel,garden,הרב יוסף שרביט 7,נחל עירון 1,,2025-12-29,2026-06-08,161,3.0,3.0,75.0,71.0,0.056338028169014086,,,,,,,24133.0,20352.0,3781.0,0.1857802672955975,C:\Users\AVIV\gaba\gabay_pricing_core\special_unit_data_audit\sold_candidates.csv,C:\Users\AVIV\gaba\gabay_pricing_core\special_unit_data_audit\sold_candidates.csv,,
same_parcel,garden,הרב יוסף שרביט 7,יהדות בריטניה 12,,2025-12-29,2026-06-07,160,3.0,3.0,75.0,63.3,0.18483412322274886,,,,,,,24133.0,16272.0,7861.0,0.48309980334316616,C:\Users\AVIV\gaba\gabay_pricing_core\special_unit_data_audit\sold_candidates.csv,C:\Users\AVIV\gaba\gabay_pricing_core\special_unit_data_audit\sold_candidates.csv,,
same_parcel,garden,הרב יוסף שרביט 7,היינן 17,,2025-12-29,2026-06-07,160,3.0,3.0,75.0,80.0,0.0625,,,,,,,24133.0,21337.0,2796.0,0.13103997750386653,C:\Users\AVIV\gaba\gabay_pricing_core\special_unit_data_audit\sold_candidates.csv,C:\Users\AVIV\gaba\gabay_pricing_core\special_unit_data_audit\sold_candidates.csv,,
same_parcel,garden,הרב יוסף שרביט 7,דרום אפריקה 6,,2025-12-29,2026-06-05,158,3.0,3.0,75.0,76.0,0.013157894736842105,,,,,,,24133.0,14211.0,9922.0,0.6981915417634227,C:\Users\AVIV\gaba\gabay_pricing_core\special_unit_data_audit\sold_candidates.csv,C:\Users\AVIV\gaba\gabay_pricing_core\special_unit_data_audit\sold_candidates.csv,,
same_parcel,garden,הרב יוסף שרביט 7,אריה 16,,2025-12-29,2026-06-05,158,3.0,3.0,75.0,76.0,0.013157894736842105,,,,,,,24133.0,13684.0,10449.0,0.7635925168079509,C:\Users\AVIV\gaba\gabay_pricing_core\special_unit_data_audit\sold_candidates.csv,C:\Users\AVIV\gaba\gabay_pricing_core\special_unit_data_audit\sold_candidates.csv,,
same_parcel,garden,הרב יוסף שרביט 7,,,2025-12-29,2026-06-04,157,3.0,3.0,75.0,77.0,0.025974025974025976,,,,,,,24133.0,23987.0,146.0,0.006086630258056447,C:\Users\AVIV\gaba\gabay_pricing_core\special_unit_data_audit\sold_candidates.csv,C:\Users\AVIV\gaba\gabay_pricing_core\special_unit_data_audit\sold_candidates.csv,,
same_parcel,garden,הרב יוסף שרביט 7,דוריף 31,,2025-12-29,2026-06-03,156,3.0,3.0,75.0,77.0,0.025974025974025976,,,,,,,24133.0,23896.0,237.0,0.009917977904251758,C:\Users\AVIV\gaba\gabay_pricing_core\special_unit_data_audit\sold_candidates.csv,C:\Users\AVIV\gaba\gabay_pricing_core\special_unit_data_audit\sold_candidates.csv,,
same_parcel,garden,הרב יוסף שרביט 7,,,2025-12-29,2026-06-03,156,3.0,3.0,75.0,77.0,0.025974025974025976,,,,,,,24133.0,11702.0,12431.0,1.0622970432404717,C:\Users\AVIV\gaba\gabay_pricing_core\special_unit_data_audit\sold_candidates.csv,C:\Users\AVIV\gaba\gabay_pricing_core\special_unit_data_audit\sold_candidates.csv,,
same_parcel,garden,הרב יוסף שרביט 7,רבי מאיר 6,,2025-12-29,2026-06-03,156,3.0,3.0,75.0,63.2,0.1867088607594936,,,,,,,24133.0,17857.0,6276.0,0.35145881167049337,C:\Users\AVIV\gaba\gabay_pricing_core\special_unit_data_audit\sold_candidates.csv,C:\Users\AVIV\gaba\gabay_pricing_core\special_unit_data_audit\sold_candidates.csv,,
same_parcel,garden,הרב יוסף שרביט 7,חזון עובדיה 51,,2025-12-29,2026-06-02,155,3.0,3.0,75.0,79.0,0.05063291139240506,,,,,,,24133.0,19324.0,4809.0,0.24886151935417097,C:\Users\AVIV\gaba\gabay_pricing_core\special_unit_data_audit\sold_candidates.csv,C:\Users\AVIV\gaba\gabay_pricing_core\special_unit_data_audit\sold_candidates.csv,,
same_parcel,garden,הרב יוסף שרביט 7,איילה 15,,2025-12-29,2026-06-02,155,3.0,3.0,75.0,70.56,0.06292517006802717,,,,,,,24133.0,14314.0,9819.0,0.6859717758837501,C:\Users\AVIV\gaba\gabay_pricing_core\special_unit_data_audit\sold_candidates.csv,C:\Users\AVIV\gaba\gabay_pricing_core\special_unit_data_audit\sold_candidates.csv,,
same_address,garden,הרב יוסף שרביט 7,הרב יוסף שרביט 7,,2025-12-29,2026-06-01,154,3.0,3.0,75.0,75.0,0.0,,,,,,,24133.0,21267.0,2866.0,0.1347627780128838,C:\Users\AVIV\gaba\gabay_pricing_core\special_unit_data_audit\sold_candidates.csv,C:\Users\AVIV\gaba\gabay_pricing_core\special_unit_data_audit\sold_candidates.csv,,
same_parcel,garden,הרב יוסף שרביט 7,גדוד הפורצים 4,,2025-12-29,2026-06-01,154,3.0,3.0,75.0,58.0,0.29310344827586204,,,,,,,24133.0,17241.0,6892.0,0.3997447943854765,C:\Users\AVIV\gaba\gabay_pricing_core\special_unit_data_audit\sold_candidates.csv,C:\Users\AVIV\gaba\gabay_pricing_core\special_unit_data_audit\sold_candidates.csv,,
same_parcel,garden,הרב יוסף שרביט 7,עמק יזרעאל 99,,2025-12-29,2026-06-01,154,3.0,3.0,75.0,79.0,0.05063291139240506,,,,,,,24133.0,19241.0,4892.0,0.25424873967049527,C:\Users\AVIV\gaba\gabay_pricing_core\special_unit_data_audit\sold_candidates.csv,C:\Users\AVIV\gaba\gabay_pricing_core\special_unit_data_audit\sold_candidates.csv,,
same_address,garden,הרב יוסף שרביט 7,הרב יוסף שרביט 7,,2025-12-29,2026-05-31,153,3.0,3.0,75.0,75.0,0.0,,,,,,,24133.0,21267.0,2866.0,0.1347627780128838,C:\Users\AVIV\gaba\gabay_pricing_core\special_unit_data_audit\sold_candidates.csv,C:\Users\AVIV\gaba\gabay_pricing_core\special_unit_data_audit\sold_candidates.csv,,
same_parcel,garden,הרב יוסף שרביט 7,בר כוכבא 39,,2025-12-29,2026-05-31,153,3.0,3.0,75.0,69.0,0.08695652173913043,,,,,,,24133.0,17391.0,6742.0,0.3876717842562245,C:\Users\AVIV\gaba\gabay_pricing_core\special_unit_data_audit\sold_candidates.csv,C:\Users\AVIV\gaba\gabay_pricing_core\special_unit_data_audit\sold_candidates.csv,,
same_parcel,garden,הרב יוסף שרביט 7,הרב יוסף שרביט 5,,2025-12-29,2026-05-31,153,3.0,3.0,75.0,80.0,0.0625,,,,,,,24133.0,11781.0,12352.0,1.0484678719972838,C:\Users\AVIV\gaba\gabay_pricing_core\special_unit_data_audit\sold_candidates.csv,C:\Users\AVIV\gaba\gabay_pricing_core\special_unit_data_audit\sold_candidates.csv,,
same_parcel,garden,הרב יוסף שרביט 7,הרב יוסף שרביט 5,,2025-12-29,2026-05-30,152,3.0,3.0,75.0,80.0,0.0625,,,,,,,24133.0,11781.0,12352.0,1.0484678719972838,C:\Users\AVIV\gaba\gabay_pricing_core\special_unit_data_audit\sold_candidates.csv,C:\Users\AVIV\gaba\gabay_pricing_core\special_unit_data_audit\sold_candidates.csv,,
same_parcel,garden,הרב יוסף שרביט 7,שפיה 17,,2025-12-29,2026-05-29,151,3.0,3.0,75.0,75.0,0.0,,,,,,,24133.0,20000.0,4133.0,0.20665,C:\Users\AVIV\gaba\gabay_pricing_core\special_unit_data_audit\sold_candidates.csv,C:\Users\AVIV\gaba\gabay_pricing_core\special_unit_data_audit\sold_candidates.csv,,
same_parcel,garden,הרב יוסף שרביט 7,ניר עוז 14,,2025-12-29,2026-05-28,150,3.0,3.0,75.0,78.0,0.038461538461538464,,,,,,,24133.0,21038.0,3095.0,0.14711474474759959,C:\Users\AVIV\gaba\gabay_pricing_core\special_unit_data_audit\sold_candidates.csv,C:\Users\AVIV\gaba\gabay_pricing_core\special_unit_data_audit\sold_candidates.csv,,
same_parcel,garden,הרב יוסף שרביט 7,איילה 31,,2025-12-29,2026-05-28,150,3.0,3.0,75.0,78.0,0.038461538461538464,,,,,,,24133.0,13718.0,10415.0,0.7592214608543519,C:\Users\AVIV\gaba\gabay_pricing_core\special_unit_data_audit\sold_candidates.csv,C:\Users\AVIV\gaba\gabay_pricing_core\special_unit_data_audit\sold_candidates.csv,,
same_parcel,garden,הרב יוסף שרביט 7,הסנה 7,,2025-12-29,2026-05-28,150,3.0,3.0,75.0,66.7,0.12443778110944523,,,,,,,24133.0,17991.0,6142.0,0.341392918681563,C:\Users\AVIV\gaba\gabay_pricing_core\special_unit_data_audit\sold_candidates.csv,C:\Users\AVIV\gaba\gabay_pricing_core\special_unit_data_audit\sold_candidates.csv,,
same_parcel,garden,הרב יוסף שרביט 7,בר כוכבא 33,,2025-12-29,2026-05-27,149,3.0,3.0,75.0,69.0,0.08695652173913043,,,,,,,24133.0,17391.0,6742.0,0.3876717842562245,C:\Users\AVIV\gaba\gabay_pricing_core\special_unit_data_audit\sold_candidates.csv,C:\Users\AVIV\gaba\gabay_pricing_core\special_unit_data_audit\sold_candidates.csv,,
same_parcel,garden,הרב יוסף שרביט 7,ניר עוז 14,,2025-12-29,2026-05-27,149,3.0,3.0,75.0,78.0,0.038461538461538464,,,,,,,24133.0,11421.0,12712.0,1.1130373872690658,C:\Users\AVIV\gaba\gabay_pricing_core\special_unit_data_audit\sold_candidates.csv,C:\Users\AVIV\gaba\gabay_pricing_core\special_unit_data_audit\sold_candidates.csv,,
same_parcel,garden,הרב יוסף שרביט 7,מונטיפיורי 18,,2025-12-29,2026-05-27,149,3.0,3.0,75.0,59.0,0.2711864406779661,,,,,,,24133.0,18644.0,5489.0,0.2944110705857112,C:\Users\AVIV\gaba\gabay_pricing_core\special_unit_data_audit\sold_candidates.csv,C:\Users\AVIV\gaba\gabay_pricing_core\special_unit_data_audit\sold_candidates.csv,,
same_parcel,garden,הרב יוסף שרביט 7,עשרת השבטים 8,,2025-12-29,2026-05-27,149,3.0,3.0,75.0,66.67,0.12494375281235935,,,,,,,24133.0,17121.0,7012.0,0.40955551661702005,C:\Users\AVIV\gaba\gabay_pricing_core\special_unit_data_audit\sold_candidates.csv,C:\Users\AVIV\gaba\gabay_pricing_core\special_unit_data_audit\sold_candidates.csv,,
same_parcel,garden,הרב יוסף שרביט 7,הרב יוסף שרביט 5,,2025-12-29,2026-05-26,148,3.0,3.0,75.0,80.0,0.0625,,,,,,,24133.0,11584.0,12549.0,1.0833045580110496,C:\Users\AVIV\gaba\gabay_pricing_core\special_unit_data_audit\sold_candidates.csv,C:\Users\AVIV\gaba\gabay_pricing_core\special_unit_data_audit\sold_candidates.csv,,
same_parcel,garden,הרב יוסף שרביט 7,שפיה 15,,2025-12-29,2026-05-26,148,3.0,3.0,75.0,75.0,0.0,,,,,,,24133.0,20267.0,3866.0,0.19075344155523757,C:\Users\AVIV\gaba\gabay_pricing_core\special_unit_data_audit\sold_candidates.csv,C:\Users\AVIV\gaba\gabay_pricing_core\special_unit_data_audit\sold_candidates.csv,,
same_parcel,garden,הרב יוסף שרביט 7,,,2025-12-29,2026-05-26,148,3.0,3.0,75.0,77.0,0.025974025974025976,,,,,,,24133.0,11584.0,12549.0,1.0833045580110496,C:\Users\AVIV\gaba\gabay_pricing_core\special_unit_data_audit\sold_candidates.csv,C:\Users\AVIV\gaba\gabay_pricing_core\special_unit_data_audit\sold_candidates.csv,,
same_parcel,garden,הרב יוסף שרביט 7,,,2025-12-29,2026-05-25,147,3.0,3.0,75.0,78.0,0.038461538461538464,,,,,,,24133.0,20513.0,3620.0,0.17647345585726124,C:\Users\AVIV\gaba\gabay_pricing_core\special_unit_data_audit\sold_candidates.csv,C:\Users\AVIV\gaba\gabay_pricing_core\special_unit_data_audit\sold_candidates.csv,,
same_parcel,garden,הרב יוסף שרביט 7,,,2025-12-29,2026-05-25,147,3.0,3.0,75.0,77.0,0.025974025974025976,,,,,,,24133.0,11585.0,12548.0,1.0831247302546396,C:\Users\AVIV\gaba\gabay_pricing_core\special_unit_data_audit\sold_candidates.csv,C:\Users\AVIV\gaba\gabay_pricing_core\special_unit_data_audit\sold_candidates.csv,,
same_parcel,garden,הרב יוסף שרביט 7,הרב יוסף שרביט 5,,2025-12-29,2026-05-25,147,3.0,3.0,75.0,80.0,0.0625,,,,,,,24133.0,11584.0,12549.0,1.0833045580110496,C:\Users\AVIV\gaba\gabay_pricing_core\special_unit_data_audit\sold_candidates.csv,C:\Users\AVIV\gaba\gabay_pricing_core\special_unit_data_audit\sold_candidates.csv,,
same_parcel,garden,הרב יוסף שרביט 7,,,2025-12-29,2026-05-24,146,3.0,3.0,75.0,78.0,0.038461538461538464,,,,,,,24133.0,20513.0,3620.0,0.17647345585726124,C:\Users\AVIV\gaba\gabay_pricing_core\special_unit_data_audit\sold_candidates.csv,C:\Users\AVIV\gaba\gabay_pricing_core\special_unit_data_audit\sold_candidates.csv,,
same_parcel,garden,הרב יוסף שרביט 7,הרב יוסף שרביט 5,,2025-12-29,2026-05-24,146,3.0,3.0,75.0,80.0,0.0625,,,,,,,24133.0,11327.0,12806.0,1.1305729672464024,C:\Users\AVIV\gaba\gabay_pricing_core\special_unit_data_audit\sold_candidates.csv,C:\Users\AVIV\gaba\gabay_pricing_core\special_unit_data_audit\sold_candidates.csv,,
same_parcel,garden,הרב יוסף שרביט 7,הסנה 10,,2025-12-29,2026-05-24,146,3.0,3.0,75.0,66.0,0.13636363636363635,,,,,,,24133.0,19470.0,4663.0,0.23949666153055985,C:\Users\AVIV\gaba\gabay_pricing_core\special_unit_data_audit\sold_candidates.csv,C:\Users\AVIV\gaba\gabay_pricing_core\special_unit_data_audit\sold_candidates.csv,,
same_parcel,garden,הרב יוסף שרביט 7,,,2025-12-29,2026-05-24,146,3.0,3.0,75.0,76.0,0.013157894736842105,,,,,,,24133.0,11461.0,12672.0,1.1056626821394293,C:\Users\AVIV\gaba\gabay_pricing_core\special_unit_data_audit\sold_candidates.csv,C:\Users\AVIV\gaba\gabay_pricing_core\special_unit_data_audit\sold_candidates.csv,,
same_parcel,garden,הרב יוסף שרביט 7,,,2025-12-29,2026-05-23,145,3.0,3.0,75.0,76.0,0.013157894736842105,,,,,,,24133.0,11462.0,12671.0,1.1054789740010469,C:\Users\AVIV\gaba\gabay_pricing_core\special_unit_data_audit\sold_candidates.csv,C:\Users\AVIV\gaba\gabay_pricing_core\special_unit_data_audit\sold_candidates.csv,,
same_parcel,garden,הרב יוסף שרביט 7,שפירא 25,,2025-12-29,2026-05-20,142,3.0,3.0,75.0,63.0,0.19047619047619047,,,,,,,24133.0,15238.0,8895.0,0.583738023362646,C:\Users\AVIV\gaba\gabay_pricing_core\special_unit_data_audit\sold_candidates.csv,C:\Users\AVIV\gaba\gabay_pricing_core\special_unit_data_audit\sold_candidates.csv,,
same_parcel,garden,הרב יוסף שרביט 7,,,2025-12-29,2026-05-19,141,3.0,3.0,75.0,77.0,0.025974025974025976,,,,,,,24133.0,11558.0,12575.0,1.0879910019034436,C:\Users\AVIV\gaba\gabay_pricing_core\special_unit_data_audit\sold_candidates.csv,C:\Users\AVIV\gaba\gabay_pricing_core\special_unit_data_audit\sold_candidates.csv,,
same_parcel,garden,הרב יוסף שרביט 7,,,2025-12-29,2026-05-19,141,3.0,3.0,75.0,76.0,0.013157894736842105,,,,,,,24133.0,11566.0,12567.0,1.086546775030261,C:\Users\AVIV\gaba\gabay_pricing_core\special_unit_data_audit\sold_candidates.csv,C:\Users\AVIV\gaba\gabay_pricing_core\special_unit_data_audit\sold_candidates.csv,,
same_parcel,garden,הרב יוסף שרביט 7,,,2025-12-29,2026-05-18,140,3.0,3.0,75.0,76.0,0.013157894736842105,,,,,,,24133.0,11578.0,12555.0,1.0843841768871998,C:\Users\AVIV\gaba\gabay_pricing_core\special_unit_data_audit\sold_candidates.csv,C:\Users\AVIV\gaba\gabay_pricing_core\special_unit_data_audit\sold_candidates.csv,,
same_parcel,garden,הרב יוסף שרביט 7,,,2025-12-29,2026-05-18,140,3.0,3.0,75.0,77.0,0.025974025974025976,,,,,,,24133.0,11568.0,12565.0,1.086186030428769,C:\Users\AVIV\gaba\gabay_pricing_core\special_unit_data_audit\sold_candidates.csv,C:\Users\AVIV\gaba\gabay_pricing_core\special_unit_data_audit\sold_candidates.csv,,
same_parcel,garden,הרב יוסף שרביט 7,,,2025-12-29,2026-05-17,139,3.0,3.0,75.0,77.0,0.025974025974025976,,,,,,,24133.0,11753.0,12380.0,1.0533480813409342,C:\Users\AVIV\gaba\gabay_pricing_core\special_unit_data_audit\sold_candidates.csv,C:\Users\AVIV\gaba\gabay_pricing_core\special_unit_data_audit\sold_candidates.csv,,
same_parcel,garden,הרב יוסף שרביט 7,,,2025-12-29,2026-05-16,138,3.0,3.0,75.0,77.0,0.025974025974025976,,,,,,,24133.0,11761.0,12372.0,1.0519513646798742,C:\Users\AVIV\gaba\gabay_pricing_core\special_unit_data_audit\sold_candidates.csv,C:\Users\AVIV\gaba\gabay_pricing_core\special_unit_data_audit\sold_candidates.csv,,
same_parcel,garden,הרב יוסף שרביט 7,,,2025-12-29,2026-05-16,138,3.0,3.0,75.0,75.0,0.0,,,,,,,24133.0,21467.0,2666.0,0.12419061815810313,C:\Users\AVIV\gaba\gabay_pricing_core\special_unit_data_audit\sold_candidates.csv,C:\Users\AVIV\gaba\gabay_pricing_core\special_unit_data_audit\sold_candidates.csv,,
same_parcel,garden,הרב יוסף שרביט 7,שפירא 3,,2025-12-29,2026-05-14,136,3.0,3.0,75.0,61.0,0.22950819672131148,,,,,,,24133.0,14918.0,9215.0,0.6177101488135138,C:\Users\AVIV\gaba\gabay_pricing_core\special_unit_data_audit\sold_candidates.csv,C:\Users\AVIV\gaba\gabay_pricing_core\special_unit_data_audit\sold_candidates.csv,,
same_parcel,garden,הרב יוסף שרביט 7,שפירא 5,,2025-12-29,2026-05-13,135,3.0,3.0,75.0,61.0,0.22950819672131148,,,,,,,24133.0,15574.0,8559.0,0.5495697958135354,C:\Users\AVIV\gaba\gabay_pricing_core\special_unit_data_audit\sold_candidates.csv,C:\Users\AVIV\gaba\gabay_pricing_core\special_unit_data_audit\sold_candidates.csv,,
same_parcel,garden,הרב יוסף שרביט 7,,,2025-12-29,2026-05-13,135,3.0,3.0,75.0,76.0,0.013157894736842105,,,,,,,24133.0,11632.0,12501.0,1.0747077028885832,C:\Users\AVIV\gaba\gabay_pricing_core\special_unit_data_audit\sold_candidates.csv,C:\Users\AVIV\gaba\gabay_pricing_core\special_unit_data_audit\sold_candidates.csv,,
same_parcel,garden,הרב יוסף שרביט 7,אנה פרנק 17,,2025-12-29,2026-05-13,135,3.0,3.0,75.0,70.6,0.06232294617563748,,,,,,,24133.0,13456.0,10677.0,0.7934750297265161,C:\Users\AVIV\gaba\gabay_pricing_core\special_unit_data_audit\sold_candidates.csv,C:\Users\AVIV\gaba\gabay_pricing_core\special_unit_data_audit\sold_candidates.csv,,
same_parcel,garden,הרב יוסף שרביט 7,,,2025-12-29,2026-05-12,134,3.0,3.0,75.0,76.0,0.013157894736842105,,,,,,,24133.0,11637.0,12496.0,1.073816275672424,C:\Users\AVIV\gaba\gabay_pricing_core\special_unit_data_audit\sold_candidates.csv,C:\Users\AVIV\gaba\gabay_pricing_core\special_unit_data_audit\sold_candidates.csv,,
same_parcel,garden,הרב יוסף שרביט 7,"ש""י עגנון 12",,2025-12-29,2026-05-11,133,3.0,3.0,75.0,69.66,0.0766580534022395,,,,,,,24133.0,14068.0,10065.0,0.7154535115154962,C:\Users\AVIV\gaba\gabay_pricing_core\special_unit_data_audit\sold_candidates.csv,C:\Users\AVIV\gaba\gabay_pricing_core\special_unit_data_audit\sold_candidates.csv,,
same_parcel,garden,הרב יוסף שרביט 7,הצופים 10,,2025-12-29,2026-05-11,133,3.0,3.0,75.0,63.3,0.18483412322274886,,,,,,,24133.0,16508.0,7625.0,0.46189726193360797,C:\Users\AVIV\gaba\gabay_pricing_core\special_unit_data_audit\sold_candidates.csv,C:\Users\AVIV\gaba\gabay_pricing_core\special_unit_data_audit\sold_candidates.csv,,
same_parcel,garden,הרב יוסף שרביט 7,ניר עוז 14,,2025-12-29,2026-05-11,133,3.0,3.0,75.0,78.0,0.038461538461538464,,,,,,,24133.0,10590.0,13543.0,1.278847969782814,C:\Users\AVIV\gaba\gabay_pricing_core\special_unit_data_audit\sold_candidates.csv,C:\Users\AVIV\gaba\gabay_pricing_core\special_unit_data_audit\sold_candidates.csv,,
same_parcel,garden,הרב יוסף שרביט 7,ניר עוז 14,,2025-12-29,2026-05-10,132,3.0,3.0,75.0,78.0,0.038461538461538464,,,,,,,24133.0,10598.0,13535.0,1.2771277599547084,C:\Users\AVIV\gaba\gabay_pricing_core\special_unit_data_audit\sold_candidates.csv,C:\Users\AVIV\gaba\gabay_pricing_core\special_unit_data_audit\sold_candidates.csv,,
same_parcel,garden,הרב יוסף שרביט 7,ניר עוז 14,,2025-12-29,2026-05-10,132,3.0,3.0,75.0,78.0,0.038461538461538464,,,,,,,24133.0,11256.0,12877.0,1.1440120824449183,C:\Users\AVIV\gaba\gabay_pricing_core\special_unit_data_audit\sold_candidates.csv,C:\Users\AVIV\gaba\gabay_pricing_core\special_unit_data_audit\sold_candidates.csv,,
same_parcel,garden,הרב יוסף שרביט 7,ניר עוז 14,,2025-12-29,2026-05-09,131,3.0,3.0,75.0,78.0,0.038461538461538464,,,,,,,24133.0,11264.0,12869.0,1.1424893465909092,C:\Users\AVIV\gaba\gabay_pricing_core\special_unit_data_audit\sold_candidates.csv,C:\Users\AVIV\gaba\gabay_pricing_core\special_unit_data_audit\sold_candidates.csv,,
same_parcel,garden,הרב יוסף שרביט 7,ניר עוז 14,,2025-12-29,2026-05-07,129,3.0,3.0,75.0,78.0,0.038461538461538464,,,,,,,24133.0,20641.0,3492.0,0.16917784991037255,C:\Users\AVIV\gaba\gabay_pricing_core\special_unit_data_audit\sold_candidates.csv,C:\Users\AVIV\gaba\gabay_pricing_core\special_unit_data_audit\sold_candidates.csv,,
same_parcel,garden,הרב יוסף שרביט 7,נווה שלום 10,,2025-12-29,2026-05-07,129,3.0,3.0,75.0,75.45,0.005964214711729659,,,,,,,24133.0,14778.0,9355.0,0.6330355934497226,C:\Users\AVIV\gaba\gabay_pricing_core\special_unit_data_audit\sold_candidates.csv,C:\Users\AVIV\gaba\gabay_pricing_core\special_unit_data_audit\sold_candidates.csv,,
same_parcel,garden,הרב יוסף שרביט 7,,,2025-12-29,2026-05-07,129,3.0,3.0,75.0,77.0,0.025974025974025976,,,,,,,24133.0,11740.0,12393.0,1.0556218057921636,C:\Users\AVIV\gaba\gabay_pricing_core\special_unit_data_audit\sold_candidates.csv,C:\Users\AVIV\gaba\gabay_pricing_core\special_unit_data_audit\sold_candidates.csv,,
same_parcel,garden,הרב יוסף שרביט 7,ניר עוז 14,,2025-12-29,2026-05-07,129,3.0,3.0,75.0,78.0,0.038461538461538464,,,,,,,24133.0,11577.0,12556.0,1.0845642221646368,C:\Users\AVIV\gaba\gabay_pricing_core\special_unit_data_audit\sold_candidates.csv,C:\Users\AVIV\gaba\gabay_pricing_core\special_unit_data_audit\sold_candidates.csv,,
same_parcel,garden,הרב יוסף שרביט 7,,,2025-12-29,2026-05-06,128,3.0,3.0,75.0,77.0,0.025974025974025976,,,,,,,24133.0,11803.0,12330.0,1.0446496653393205,C:\Users\AVIV\gaba\gabay_pricing_core\special_unit_data_audit\sold_candidates.csv,C:\Users\AVIV\gaba\gabay_pricing_core\special_unit_data_audit\sold_candidates.csv,,
same_parcel,garden,הרב יוסף שרביט 7,,,2025-12-29,2026-05-06,128,3.0,3.0,75.0,77.0,0.025974025974025976,,,,,,,24133.0,11728.0,12405.0,1.057725102319236,C:\Users\AVIV\gaba\gabay_pricing_core\special_unit_data_audit\sold_candidates.csv,C:\Users\AVIV\gaba\gabay_pricing_core\special_unit_data_audit\sold_candidates.csv,,
same_parcel,garden,הרב יוסף שרביט 7,,,2025-12-29,2026-05-06,128,3.0,3.0,75.0,76.0,0.013157894736842105,,,,,,,24133.0,11632.0,12501.0,1.0747077028885832,C:\Users\AVIV\gaba\gabay_pricing_core\special_unit_data_audit\sold_candidates.csv,C:\Users\AVIV\gaba\gabay_pricing_core\special_unit_data_audit\sold_candidates.csv,,
same_parcel,garden,הרב יוסף שרביט 7,ניר עוז 14,,2025-12-29,2026-05-06,128,3.0,3.0,75.0,78.0,0.038461538461538464,,,,,,,24133.0,11419.0,12714.0,1.1134074787634645,C:\Users\AVIV\gaba\gabay_pricing_core\special_unit_data_audit\sold_candidates.csv,C:\Users\AVIV\gaba\gabay_pricing_core\special_unit_data_audit\sold_candidates.csv,,
same_parcel,garden,הרב יוסף שרביט 7,נחלה 7,,2025-12-29,2026-05-06,128,3.0,3.0,75.0,80.0,0.0625,,,,,,,24133.0,21875.0,2258.0,0.10322285714285714,C:\Users\AVIV\gaba\gabay_pricing_core\special_unit_data_audit\sold_candidates.csv,C:\Users\AVIV\gaba\gabay_pricing_core\special_unit_data_audit\sold_candidates.csv,,
same_parcel,garden,הרב יוסף שרביט 7,נחלה 7,,2025-12-29,2026-05-05,127,3.0,3.0,75.0,80.0,0.0625,,,,,,,24133.0,21875.0,2258.0,0.10322285714285714,C:\Users\AVIV\gaba\gabay_pricing_core\special_unit_data_audit\sold_candidates.csv,C:\Users\AVIV\gaba\gabay_pricing_core\special_unit_data_audit\sold_candidates.csv,,
same_parcel,garden,הרב יוסף שרביט 7,"ש""י עגנון 4",,2025-12-29,2026-05-05,127,3.0,3.0,75.0,63.8,0.17554858934169285,,,,,,,24133.0,15556.0,8577.0,0.5513628182051942,C:\Users\AVIV\gaba\gabay_pricing_core\special_unit_data_audit\sold_candidates.csv,C:\Users\AVIV\gaba\gabay_pricing_core\special_unit_data_audit\sold_candidates.csv,,
same_parcel,garden,הרב יוסף שרביט 7,,,2025-12-29,2026-05-05,127,3.0,3.0,75.0,76.0,0.013157894736842105,,,,,,,24133.0,11637.0,12496.0,1.073816275672424,C:\Users\AVIV\gaba\gabay_pricing_core\special_unit_data_audit\sold_candidates.csv,C:\Users\AVIV\gaba\gabay_pricing_core\special_unit_data_audit\sold_candidates.csv,,
same_parcel,garden,הרב יוסף שרביט 7,"עין הנצי""ב 6",,2025-12-29,2026-05-05,127,3.0,3.0,75.0,78.0,0.038461538461538464,,,,,,,24133.0,20513.0,3620.0,0.17647345585726124,C:\Users\AVIV\gaba\gabay_pricing_core\special_unit_data_audit\sold_candidates.csv,C:\Users\AVIV\gaba\gabay_pricing_core\special_unit_data_audit\sold_candidates.csv,,
same_parcel,garden,הרב יוסף שרביט 7,,,2025-12-29,2026-05-04,126,3.0,3.0,75.0,77.0,0.025974025974025976,,,,,,,24133.0,11740.0,12393.0,1.0556218057921636,C:\Users\AVIV\gaba\gabay_pricing_core\special_unit_data_audit\sold_candidates.csv,C:\Users\AVIV\gaba\gabay_pricing_core\special_unit_data_audit\sold_candidates.csv,,
same_parcel,garden,הרב יוסף שרביט 7,,,2025-12-29,2026-05-04,126,3.0,3.0,75.0,78.0,0.038461538461538464,,,,,,,24133.0,11487.0,12646.0,1.1008966657961174,C:\Users\AVIV\gaba\gabay_pricing_core\special_unit_data_audit\sold_candidates.csv,C:\Users\AVIV\gaba\gabay_pricing_core\special_unit_data_audit\sold_candidates.csv,,
same_parcel,garden,הרב יוסף שרביט 7,,,2025-12-29,2026-05-03,125,3.0,3.0,75.0,78.0,0.038461538461538464,,,,,,,24133.0,11558.0,12575.0,1.0879910019034436,C:\Users\AVIV\gaba\gabay_pricing_core\special_unit_data_audit\sold_candidates.csv,C:\Users\AVIV\gaba\gabay_pricing_core\special_unit_data_audit\sold_candidates.csv,,
same_parcel,garden,הרב יוסף שרביט 7,בר כוכבא 33,,2025-12-29,2026-04-29,121,3.0,3.0,75.0,69.0,0.08695652173913043,,,,,,,24133.0,13768.0,10365.0,0.7528326554328879,C:\Users\AVIV\gaba\gabay_pricing_core\special_unit_data_audit\sold_candidates.csv,C:\Users\AVIV\gaba\gabay_pricing_core\special_unit_data_audit\sold_candidates.csv,,
same_parcel,garden,הרב יוסף שרביט 7,נחלה 7,,2025-12-29,2026-04-29,121,3.0,3.0,75.0,80.0,0.0625,,,,,,,24133.0,21875.0,2258.0,0.10322285714285714,C:\Users\AVIV\gaba\gabay_pricing_core\special_unit_data_audit\sold_candidates.csv,C:\Users\AVIV\gaba\gabay_pricing_core\special_unit_data_audit\sold_candidates.csv,,
same_address,garden,הרב יוסף שרביט 7,הרב יוסף שרביט 7,,2025-12-29,2026-04-28,120,3.0,3.0,75.0,75.0,0.0,,,,,,,24133.0,21467.0,2666.0,0.12419061815810313,C:\Users\AVIV\gaba\gabay_pricing_core\special_unit_data_audit\sold_candidates.csv,C:\Users\AVIV\gaba\gabay_pricing_core\special_unit_data_audit\sold_candidates.csv,,
same_parcel,garden,הרב יוסף שרביט 7,ניר עוז 14,,2025-12-29,2026-04-28,120,3.0,3.0,75.0,78.0,0.038461538461538464,,,,,,,24133.0,11577.0,12556.0,1.0845642221646368,C:\Users\AVIV\gaba\gabay_pricing_core\special_unit_data_audit\sold_candidates.csv,C:\Users\AVIV\gaba\gabay_pricing_core\special_unit_data_audit\sold_candidates.csv,,
same_parcel,garden,הרב יוסף שרביט 7,ניר עוז 14,,2025-12-29,2026-04-27,119,3.0,3.0,75.0,78.0,0.038461538461538464,,,,,,,24133.0,11581.0,12552.0,1.0838442276141957,C:\Users\AVIV\gaba\gabay_pricing_core\special_unit_data_audit\sold_candidates.csv,C:\Users\AVIV\gaba\gabay_pricing_core\special_unit_data_audit\sold_candidates.csv,,
same_parcel,garden,הרב יוסף שרביט 7,העונות 2,,2025-12-29,2026-04-26,118,3.0,3.0,75.0,67.5,0.1111111111111111,,,,,,,24133.0,20149.0,3984.0,0.19772693433917315,C:\Users\AVIV\gaba\gabay_pricing_core\special_unit_data_audit\sold_candidates.csv,C:\Users\AVIV\gaba\gabay_pricing_core\special_unit_data_audit\sold_candidates.csv,,
same_parcel,garden,הרב יוסף שרביט 7,אקסודוס 41,,2025-12-29,2026-04-23,115,3.0,3.0,75.0,60.9,0.23152709359605914,,,,,,,24133.0,18062.0,6071.0,0.3361200310043185,C:\Users\AVIV\gaba\gabay_pricing_core\special_unit_data_audit\sold_candidates.csv,C:\Users\AVIV\gaba\gabay_pricing_core\special_unit_data_audit\sold_candidates.csv,,
same_parcel,garden,הרב יוסף שרביט 7,ניר עוז 14,,2025-12-29,2026-04-23,115,3.0,3.0,75.0,78.0,0.038461538461538464,,,,,,,24133.0,10705.0,13428.0,1.2543671181690799,C:\Users\AVIV\gaba\gabay_pricing_core\special_unit_data_audit\sold_candidates.csv,C:\Users\AVIV\gaba\gabay_pricing_core\special_unit_data_audit\sold_candidates.csv,,
same_parcel,garden,הרב יוסף שרביט 7,ניר עוז 14,,2025-12-29,2026-04-22,114,3.0,3.0,75.0,78.0,0.038461538461538464,,,,,,,24133.0,10598.0,13535.0,1.2771277599547084,C:\Users\AVIV\gaba\gabay_pricing_core\special_unit_data_audit\sold_candidates.csv,C:\Users\AVIV\gaba\gabay_pricing_core\special_unit_data_audit\sold_candidates.csv,,
same_parcel,garden,הרב יוסף שרביט 7,,,2025-12-29,2026-04-21,113,3.0,3.0,75.0,77.0,0.025974025974025976,,,,,,,24133.0,11442.0,12691.0,1.1091592378954729,C:\Users\AVIV\gaba\gabay_pricing_core\special_unit_data_audit\sold_candidates.csv,C:\Users\AVIV\gaba\gabay_pricing_core\special_unit_data_audit\sold_candidates.csv,,
same_parcel,garden,הרב יוסף שרביט 7,,,2025-12-29,2026-04-20,112,3.0,3.0,75.0,77.0,0.025974025974025976,,,,,,,24133.0,11403.0,12730.0,1.1163728843286855,C:\Users\AVIV\gaba\gabay_pricing_core\special_unit_data_audit\sold_candidates.csv,C:\Users\AVIV\gaba\gabay_pricing_core\special_unit_data_audit\sold_candidates.csv,,
same_parcel,garden,הרב יוסף שרביט 7,,,2025-12-29,2026-04-20,112,3.0,3.0,75.0,77.0,0.025974025974025976,,,,,,,24133.0,11444.0,12689.0,1.108790632645928,C:\Users\AVIV\gaba\gabay_pricing_core\special_unit_data_audit\sold_candidates.csv,C:\Users\AVIV\gaba\gabay_pricing_core\special_unit_data_audit\sold_candidates.csv,,
same_parcel,garden,הרב יוסף שרביט 7,,,2025-12-29,2026-04-19,111,3.0,3.0,75.0,77.0,0.025974025974025976,,,,,,,24133.0,11434.0,12699.0,1.1106349483995102,C:\Users\AVIV\gaba\gabay_pricing_core\special_unit_data_audit\sold_candidates.csv,C:\Users\AVIV\gaba\gabay_pricing_core\special_unit_data_audit\sold_candidates.csv,,
same_parcel,garden,הרב יוסף שרביט 7,,,2025-12-29,2026-04-19,111,3.0,3.0,75.0,77.0,0.025974025974025976,,,,,,,24133.0,11415.0,12718.0,1.1141480508103372,C:\Users\AVIV\gaba\gabay_pricing_core\special_unit_data_audit\sold_candidates.csv,C:\Users\AVIV\gaba\gabay_pricing_core\special_unit_data_audit\sold_candidates.csv,,
same_parcel,garden,הרב יוסף שרביט 7,,,2025-12-29,2026-04-18,110,3.0,3.0,75.0,77.0,0.025974025974025976,,,,,,,24133.0,11728.0,12405.0,1.057725102319236,C:\Users\AVIV\gaba\gabay_pricing_core\special_unit_data_audit\sold_candidates.csv,C:\Users\AVIV\gaba\gabay_pricing_core\special_unit_data_audit\sold_candidates.csv,,
same_parcel,garden,הרב יוסף שרביט 7,העונות 2,,2025-12-29,2026-04-17,109,3.0,3.0,75.0,67.5,0.1111111111111111,,,,,,,24133.0,20000.0,4133.0,0.20665,C:\Users\AVIV\gaba\gabay_pricing_core\special_unit_data_audit\sold_candidates.csv,C:\Users\AVIV\gaba\gabay_pricing_core\special_unit_data_audit\sold_candidates.csv,,
same_parcel,garden,הרב יוסף שרביט 7,,,2025-12-29,2026-04-16,108,3.0,3.0,75.0,77.0,0.025974025974025976,,,,,,,24133.0,11675.0,12458.0,1.067066381156317,C:\Users\AVIV\gaba\gabay_pricing_core\special_unit_data_audit\sold_candidates.csv,C:\Users\AVIV\gaba\gabay_pricing_core\special_unit_data_audit\sold_candidates.csv,,
same_parcel,garden,הרב יוסף שרביט 7,העונות 2,,2025-12-29,2026-04-16,108,3.0,3.0,75.0,67.5,0.1111111111111111,,,,,,,24133.0,19627.0,4506.0,0.22958169868038927,C:\Users\AVIV\gaba\gabay_pricing_core\special_unit_data_audit\sold_candidates.csv,C:\Users\AVIV\gaba\gabay_pricing_core\special_unit_data_audit\sold_candidates.csv,,
same_parcel,garden,הרב יוסף שרביט 7,,,2025-12-29,2026-04-15,107,3.0,3.0,75.0,77.0,0.025974025974025976,,,,,,,24133.0,11444.0,12689.0,1.108790632645928,C:\Users\AVIV\gaba\gabay_pricing_core\special_unit_data_audit\sold_candidates.csv,C:\Users\AVIV\gaba\gabay_pricing_core\special_unit_data_audit\sold_candidates.csv,,
same_parcel,garden,הרב יוסף שרביט 7,לכיש 3,,2025-12-29,2026-04-15,107,3.0,3.0,75.0,67.2,0.11607142857142852,,,,,,,24133.0,18806.0,5327.0,0.28326066149101353,C:\Users\AVIV\gaba\gabay_pricing_core\special_unit_data_audit\sold_candidates.csv,C:\Users\AVIV\gaba\gabay_pricing_core\special_unit_data_audit\sold_candidates.csv,,
same_parcel,garden,הרב יוסף שרביט 7,,,2025-12-29,2026-04-15,107,3.0,3.0,75.0,77.0,0.025974025974025976,,,,,,,24133.0,11679.0,12454.0,1.0663584210976966,C:\Users\AVIV\gaba\gabay_pricing_core\special_unit_data_audit\sold_candidates.csv,C:\Users\AVIV\gaba\gabay_pricing_core\special_unit_data_audit\sold_candidates.csv,,
same_parcel,garden,הרב יוסף שרביט 7,,,2025-12-29,2026-04-15,107,3.0,3.0,75.0,75.0,0.0,,,,,,,24133.0,24333.0,-200.0,-0.008219290675214729,C:\Users\AVIV\gaba\gabay_pricing_core\special_unit_data_audit\sold_candidates.csv,C:\Users\AVIV\gaba\gabay_pricing_core\special_unit_data_audit\sold_candidates.csv,,
same_parcel,garden,הרב יוסף שרביט 7,אליעזר בן יהודה 2,,2025-12-29,2026-04-14,106,3.0,3.0,75.0,68.5,0.0948905109489051,,,,,,,24133.0,17794.0,6339.0,0.3562436776441497,C:\Users\AVIV\gaba\gabay_pricing_core\special_unit_data_audit\sold_candidates.csv,C:\Users\AVIV\gaba\gabay_pricing_core\special_unit_data_audit\sold_candidates.csv,,
same_parcel,garden,הרב יוסף שרביט 7,,,2025-12-29,2026-04-14,106,3.0,3.0,75.0,77.0,0.025974025974025976,,,,,,,24133.0,11680.0,12453.0,1.066181506849315,C:\Users\AVIV\gaba\gabay_pricing_core\special_unit_data_audit\sold_candidates.csv,C:\Users\AVIV\gaba\gabay_pricing_core\special_unit_data_audit\sold_candidates.csv,,
same_parcel,garden,הרב יוסף שרביט 7,,,2025-12-29,2026-04-14,106,3.0,3.0,75.0,78.0,0.038461538461538464,,,,,,,24133.0,11487.0,12646.0,1.1008966657961174,C:\Users\AVIV\gaba\gabay_pricing_core\special_unit_data_audit\sold_candidates.csv,C:\Users\AVIV\gaba\gabay_pricing_core\special_unit_data_audit\sold_candidates.csv,,
same_parcel,garden,הרב יוסף שרביט 7,,,2025-12-29,2026-04-14,106,3.0,3.0,75.0,76.0,0.013157894736842105,,,,,,,24133.0,11566.0,12567.0,1.086546775030261,C:\Users\AVIV\gaba\gabay_pricing_core\special_unit_data_audit\sold_candidates.csv,C:\Users\AVIV\gaba\gabay_pricing_core\special_unit_data_audit\sold_candidates.csv,,
same_parcel,garden,הרב יוסף שרביט 7,,,2025-12-29,2026-04-13,105,3.0,3.0,75.0,78.0,0.038461538461538464,,,,,,,24133.0,11558.0,12575.0,1.0879910019034436,C:\Users\AVIV\gaba\gabay_pricing_core\special_unit_data_audit\sold_candidates.csv,C:\Users\AVIV\gaba\gabay_pricing_core\special_unit_data_audit\sold_candidates.csv,,
same_parcel,garden,הרב יוסף שרביט 7,,,2025-12-29,2026-04-13,105,3.0,3.0,75.0,77.0,0.025974025974025976,,,,,,,24133.0,11740.0,12393.0,1.0556218057921636,C:\Users\AVIV\gaba\gabay_pricing_core\special_unit_data_audit\sold_candidates.csv,C:\Users\AVIV\gaba\gabay_pricing_core\special_unit_data_audit\sold_candidates.csv,,
same_parcel,garden,הרב יוסף שרביט 7,,,2025-12-29,2026-04-13,105,3.0,3.0,75.0,71.0,0.056338028169014086,,,,,,,24133.0,15775.0,8358.0,0.529825673534073,C:\Users\AVIV\gaba\gabay_pricing_core\special_unit_data_audit\sold_candidates.csv,C:\Users\AVIV\gaba\gabay_pricing_core\special_unit_data_audit\sold_candidates.csv,,
same_parcel,garden,הרב יוסף שרביט 7,,,2025-12-29,2026-04-13,105,3.0,3.0,75.0,76.0,0.013157894736842105,,,,,,,24133.0,11578.0,12555.0,1.0843841768871998,C:\Users\AVIV\gaba\gabay_pricing_core\special_unit_data_audit\sold_candidates.csv,C:\Users\AVIV\gaba\gabay_pricing_core\special_unit_data_audit\sold_candidates.csv,,
same_parcel,garden,הרב יוסף שרביט 7,מונטיפיורי 18,,2025-12-29,2026-04-12,104,3.0,3.0,75.0,59.5,0.2605042016806723,,,,,,,24133.0,17983.0,6150.0,0.3419896568981816,C:\Users\AVIV\gaba\gabay_pricing_core\special_unit_data_audit\sold_candidates.csv,C:\Users\AVIV\gaba\gabay_pricing_core\special_unit_data_audit\sold_candidates.csv,,
same_parcel,garden,הרב יוסף שרביט 7,נווה שלום 6,,2025-12-29,2026-04-12,104,3.0,3.0,75.0,71.4,0.05042016806722681,,,,,,,24133.0,16831.0,7302.0,0.43384231477630564,C:\Users\AVIV\gaba\gabay_pricing_core\special_unit_data_audit\sold_candidates.csv,C:\Users\AVIV\gaba\gabay_pricing_core\special_unit_data_audit\sold_candidates.csv,,
same_parcel,garden,הרב יוסף שרביט 7,שפירא 50,,2025-12-29,2026-04-12,104,3.0,3.0,75.0,61.6,0.2175324675324675,,,,,,,24133.0,13799.0,10334.0,0.748894847452714,C:\Users\AVIV\gaba\gabay_pricing_core\special_unit_data_audit\sold_candidates.csv,C:\Users\AVIV\gaba\gabay_pricing_core\special_unit_data_audit\sold_candidates.csv,,
same_parcel,garden,הרב יוסף שרביט 7,,,2025-12-29,2026-04-12,104,3.0,3.0,75.0,77.0,0.025974025974025976,,,,,,,24133.0,11686.0,12447.0,1.0651206571966456,C:\Users\AVIV\gaba\gabay_pricing_core\special_unit_data_audit\sold_candidates.csv,C:\Users\AVIV\gaba\gabay_pricing_core\special_unit_data_audit\sold_candidates.csv,,
same_parcel,garden,הרב יוסף שרביט 7,,,2025-12-29,2026-04-12,104,3.0,3.0,75.0,77.0,0.025974025974025976,,,,,,,24133.0,11803.0,12330.0,1.0446496653393205,C:\Users\AVIV\gaba\gabay_pricing_core\special_unit_data_audit\sold_candidates.csv,C:\Users\AVIV\gaba\gabay_pricing_core\special_unit_data_audit\sold_candidates.csv,,
same_parcel,garden,הרב יוסף שרביט 7,ניר עוז 14,,2025-12-29,2026-04-12,104,3.0,3.0,75.0,78.0,0.038461538461538464,,,,,,,24133.0,11359.0,12774.0,1.1245708248965578,C:\Users\AVIV\gaba\gabay_pricing_core\special_unit_data_audit\sold_candidates.csv,C:\Users\AVIV\gaba\gabay_pricing_core\special_unit_data_audit\sold_candidates.csv,,
same_parcel,garden,הרב יוסף שרביט 7,ניר עוז 14,,2025-12-29,2026-04-11,103,3.0,3.0,75.0,79.0,0.05063291139240506,,,,,,,24133.0,11226.0,12907.0,1.1497416711206128,C:\Users\AVIV\gaba\gabay_pricing_core\special_unit_data_audit\sold_candidates.csv,C:\Users\AVIV\gaba\gabay_pricing_core\special_unit_data_audit\sold_candidates.csv,,
same_parcel,garden,הרב יוסף שרביט 7,שפירא 20,,2025-12-29,2026-04-09,101,3.0,3.0,75.0,63.5,0.18110236220472442,,,,,,,24133.0,15873.0,8260.0,0.5203805203805204,C:\Users\AVIV\gaba\gabay_pricing_core\special_unit_data_audit\sold_candidates.csv,C:\Users\AVIV\gaba\gabay_pricing_core\special_unit_data_audit\sold_candidates.csv,,
same_address,garden,הרב יוסף שרביט 7,הרב יוסף שרביט 7,,2025-12-29,2026-04-05,97,3.0,3.0,75.0,75.0,0.0,,,,,,,24133.0,23987.0,146.0,0.006086630258056447,C:\Users\AVIV\gaba\gabay_pricing_core\special_unit_data_audit\sold_candidates.csv,C:\Users\AVIV\gaba\gabay_pricing_core\special_unit_data_audit\sold_candidates.csv,,
same_parcel,garden,הרב יוסף שרביט 7,הסוכנות היהודית 8,,2025-12-29,2026-04-05,97,3.0,3.0,75.0,62.6,0.19808306709265172,,,,,,,24133.0,18233.0,5900.0,0.3235890966928097,C:\Users\AVIV\gaba\gabay_pricing_core\special_unit_data_audit\sold_candidates.csv,C:\Users\AVIV\gaba\gabay_pricing_core\special_unit_data_audit\sold_candidates.csv,,
same_address,garden,הרב יוסף שרביט 7,הרב יוסף שרביט 7,,2025-12-29,2026-04-04,96,3.0,3.0,75.0,75.0,0.0,,,,,,,24133.0,23987.0,146.0,0.006086630258056447,C:\Users\AVIV\gaba\gabay_pricing_core\special_unit_data_audit\sold_candidates.csv,C:\Users\AVIV\gaba\gabay_pricing_core\special_unit_data_audit\sold_candidates.csv,,
same_parcel,garden,הרב יוסף שרביט 7,שירת היין 3,,2025-12-29,2026-03-31,92,3.0,3.0,75.0,78.0,0.038461538461538464,,,,,,,24133.0,22436.0,1697.0,0.07563736851488678,C:\Users\AVIV\gaba\gabay_pricing_core\special_unit_data_audit\sold_candidates.csv,C:\Users\AVIV\gaba\gabay_pricing_core\special_unit_data_audit\sold_candidates.csv,,
same_parcel,garden,הרב יוסף שרביט 7,שירת היין 3,,2025-12-29,2026-03-30,91,3.0,3.0,75.0,78.0,0.038461538461538464,,,,,,,24133.0,22436.0,1697.0,0.07563736851488678,C:\Users\AVIV\gaba\gabay_pricing_core\special_unit_data_audit\sold_candidates.csv,C:\Users\AVIV\gaba\gabay_pricing_core\special_unit_data_audit\sold_candidates.csv,,
same_parcel,garden,הרב יוסף שרביט 7,ניר עוז 14,,2025-12-29,2026-03-28,89,3.0,3.0,75.0,78.0,0.038461538461538464,,,,,,,24133.0,10707.0,13426.0,1.2539460166246381,C:\Users\AVIV\gaba\gabay_pricing_core\special_unit_data_audit\sold_candidates.csv,C:\Users\AVIV\gaba\gabay_pricing_core\special_unit_data_audit\sold_candidates.csv,,
same_address,garden,הרב יוסף שרביט 7,הרב יוסף שרביט 7,,2025-12-29,2026-03-25,86,3.0,3.0,75.0,75.0,0.0,,,,,,,24133.0,21467.0,2666.0,0.12419061815810313,C:\Users\AVIV\gaba\gabay_pricing_core\special_unit_data_audit\sold_candidates.csv,C:\Users\AVIV\gaba\gabay_pricing_core\special_unit_data_audit\sold_candidates.csv,,
same_parcel,garden,הרב יוסף שרביט 7,הרב פינטו 4,,2025-12-29,2026-03-25,86,3.0,3.0,75.0,58.0,0.29310344827586204,,,,,,,24133.0,14483.0,9650.0,0.6662984188358766,C:\Users\AVIV\gaba\gabay_pricing_core\special_unit_data_audit\sold_candidates.csv,C:\Users\AVIV\gaba\gabay_pricing_core\special_unit_data_audit\sold_candidates.csv,,
same_parcel,garden,הרב יוסף שרביט 7,גדוד הפורצים 5,,2025-12-29,2026-03-24,85,3.0,3.0,75.0,60.0,0.25,,,,,,,24133.0,19167.0,4966.0,0.25909114624093493,C:\Users\AVIV\gaba\gabay_pricing_core\special_unit_data_audit\sold_candidates.csv,C:\Users\AVIV\gaba\gabay_pricing_core\special_unit_data_audit\sold_candidates.csv,,
same_parcel,garden,הרב יוסף שרביט 7,הבשן 16,,2025-12-29,2026-03-24,85,3.0,3.0,75.0,60.0,0.25,,,,,,,24133.0,30500.0,-6367.0,-0.20875409836065573,C:\Users\AVIV\gaba\gabay_pricing_core\special_unit_data_audit\sold_candidates.csv,C:\Users\AVIV\gaba\gabay_pricing_core\special_unit_data_audit\sold_candidates.csv,,
same_parcel,garden,הרב יוסף שרביט 7,,,2025-12-29,2026-03-24,85,3.0,3.0,75.0,59.0,0.2711864406779661,,,,,,,24133.0,28814.0,-4681.0,-0.16245575067675436,C:\Users\AVIV\gaba\gabay_pricing_core\special_unit_data_audit\sold_candidates.csv,C:\Users\AVIV\gaba\gabay_pricing_core\special_unit_data_audit\sold_candidates.csv,,
same_parcel,garden,הרב יוסף שרביט 7,משה יוליש 12,,2025-12-29,2026-03-24,85,3.0,3.0,75.0,70.0,0.07142857142857142,,,,,,,24133.0,13143.0,10990.0,0.8361865631895306,C:\Users\AVIV\gaba\gabay_pricing_core\special_unit_data_audit\sold_candidates.csv,C:\Users\AVIV\gaba\gabay_pricing_core\special_unit_data_audit\sold_candidates.csv,,
same_parcel,garden,הרב יוסף שרביט 7,דוד רמז 3,,2025-12-29,2026-03-23,84,3.0,3.0,75.0,80.0,0.0625,,1.0,,,,,24133.0,15000.0,9133.0,0.6088666666666667,C:\Users\AVIV\gaba\gabay_pricing_core\special_unit_data_audit\sold_candidates.csv,C:\Users\AVIV\gaba\gabay_pricing_core\special_unit_data_audit\sold_candidates.csv,,
same_parcel,garden,הרב יוסף שרביט 7,ארגמן 55,,2025-12-29,2026-03-22,83,3.0,3.0,75.0,80.0,0.0625,,,,,,,24133.0,20625.0,3508.0,0.17008484848484848,C:\Users\AVIV\gaba\gabay_pricing_core\special_unit_data_audit\sold_candidates.csv,C:\Users\AVIV\gaba\gabay_pricing_core\special_unit_data_audit\sold_candidates.csv,,
same_parcel,garden,הרב יוסף שרביט 7,פקיעין 6,,2025-12-29,2026-03-19,80,3.0,3.0,75.0,70.0,0.07142857142857142,,,,,,,24133.0,19143.0,4990.0,0.26066969649480226,C:\Users\AVIV\gaba\gabay_pricing_core\special_unit_data_audit\sold_candidates.csv,C:\Users\AVIV\gaba\gabay_pricing_core\special_unit_data_audit\sold_candidates.csv,,
same_parcel,garden,הרב יוסף שרביט 7,"ש""י עגנון 170",,2025-12-29,2026-03-19,80,3.0,3.0,75.0,66.0,0.13636363636363635,,,,,,,24133.0,16667.0,7466.0,0.4479510409791804,C:\Users\AVIV\gaba\gabay_pricing_core\special_unit_data_audit\sold_candidates.csv,C:\Users\AVIV\gaba\gabay_pricing_core\special_unit_data_audit\sold_candidates.csv,,
same_parcel,garden,הרב יוסף שרביט 7,שפירא 14,,2025-12-29,2026-03-18,79,3.0,3.0,75.0,63.0,0.19047619047619047,,,,,,,24133.0,17143.0,6990.0,0.4077466021116491,C:\Users\AVIV\gaba\gabay_pricing_core\special_unit_data_audit\sold_candidates.csv,C:\Users\AVIV\gaba\gabay_pricing_core\special_unit_data_audit\sold_candidates.csv,,
same_parcel,garden,הרב יוסף שרביט 7,"ש""י עגנון 2",,2025-12-29,2026-03-18,79,3.0,3.0,75.0,73.0,0.0273972602739726,,,,,,,24133.0,13014.0,11119.0,0.8543875826033502,C:\Users\AVIV\gaba\gabay_pricing_core\special_unit_data_audit\sold_candidates.csv,C:\Users\AVIV\gaba\gabay_pricing_core\special_unit_data_audit\sold_candidates.csv,,
same_parcel,garden,הרב יוסף שרביט 7,ניר עוז 14,,2025-12-29,2026-03-17,78,3.0,3.0,75.0,78.0,0.038461538461538464,,,,,,,24133.0,20910.0,3223.0,0.15413677666188427,C:\Users\AVIV\gaba\gabay_pricing_core\special_unit_data_audit\sold_candidates.csv,C:\Users\AVIV\gaba\gabay_pricing_core\special_unit_data_audit\sold_candidates.csv,,
same_parcel,garden,הרב יוסף שרביט 7,ניר עוז 14,,2025-12-29,2026-03-16,77,3.0,3.0,75.0,78.0,0.038461538461538464,,,,,,,24133.0,20923.0,3210.0,0.15341968169000622,C:\Users\AVIV\gaba\gabay_pricing_core\special_unit_data_audit\sold_candidates.csv,C:\Users\AVIV\gaba\gabay_pricing_core\special_unit_data_audit\sold_candidates.csv,,
same_parcel,garden,הרב יוסף שרביט 7,ניר עוז 14,,2025-12-29,2026-03-15,76,3.0,3.0,75.0,78.0,0.038461538461538464,,,,,,,24133.0,11436.0,12697.0,1.110265827212312,C:\Users\AVIV\gaba\gabay_pricing_core\special_unit_data_audit\sold_candidates.csv,C:\Users\AVIV\gaba\gabay_pricing_core\special_unit_data_audit\sold_candidates.csv,,
same_parcel,garden,הרב יוסף שרביט 7,ניר עוז 14,,2025-12-29,2026-03-14,75,3.0,3.0,75.0,78.0,0.038461538461538464,,,,,,,24133.0,11444.0,12689.0,1.108790632645928,C:\Users\AVIV\gaba\gabay_pricing_core\special_unit_data_audit\sold_candidates.csv,C:\Users\AVIV\gaba\gabay_pricing_core\special_unit_data_audit\sold_candidates.csv,,
same_parcel,garden,הרב יוסף שרביט 7,הכורמים 8,,2025-12-29,2026-03-13,74,3.0,3.0,75.0,71.0,0.056338028169014086,,,,,,,24133.0,22394.0,1739.0,0.07765472894525319,C:\Users\AVIV\gaba\gabay_pricing_core\special_unit_data_audit\sold_candidates.csv,C:\Users\AVIV\gaba\gabay_pricing_core\special_unit_data_audit\sold_candidates.csv,,
same_parcel,garden,הרב יוסף שרביט 7,משה קול 1,,2025-12-29,2026-03-13,74,3.0,3.0,75.0,66.0,0.13636363636363635,,,,,,,24133.0,18636.0,5497.0,0.294966731058167,C:\Users\AVIV\gaba\gabay_pricing_core\special_unit_data_audit\sold_candidates.csv,C:\Users\AVIV\gaba\gabay_pricing_core\special_unit_data_audit\sold_candidates.csv,,
same_parcel,garden,הרב יוסף שרביט 7,ניר עוז 14,,2025-12-29,2026-03-12,73,3.0,3.0,75.0,78.0,0.038461538461538464,,,,,,,24133.0,11474.0,12659.0,1.1032769740282378,C:\Users\AVIV\gaba\gabay_pricing_core\special_unit_data_audit\sold_candidates.csv,C:\Users\AVIV\gaba\gabay_pricing_core\special_unit_data_audit\sold_candidates.csv,,
same_parcel,garden,הרב יוסף שרביט 7,היינן 17,,2025-12-29,2026-03-12,73,3.0,3.0,75.0,80.0,0.0625,,,,,,,24133.0,21075.0,3058.0,0.14510083036773427,C:\Users\AVIV\gaba\gabay_pricing_core\special_unit_data_audit\sold_candidates.csv,C:\Users\AVIV\gaba\gabay_pricing_core\special_unit_data_audit\sold_candidates.csv,,
same_parcel,garden,הרב יוסף שרביט 7,עולי הגרדום 22,,2025-12-29,2026-03-12,73,3.0,3.0,75.0,68.0,0.10294117647058823,,,,,,,24133.0,16912.0,7221.0,0.4269749290444655,C:\Users\AVIV\gaba\gabay_pricing_core\special_unit_data_audit\sold_candidates.csv,C:\Users\AVIV\gaba\gabay_pricing_core\special_unit_data_audit\sold_candidates.csv,,
same_parcel,garden,הרב יוסף שרביט 7,היינן 17,,2025-12-29,2026-03-11,72,3.0,3.0,75.0,80.0,0.0625,,,,,,,24133.0,21087.0,3046.0,0.14444918670270782,C:\Users\AVIV\gaba\gabay_pricing_core\special_unit_data_audit\sold_candidates.csv,C:\Users\AVIV\gaba\gabay_pricing_core\special_unit_data_audit\sold_candidates.csv,,
same_parcel,garden,הרב יוסף שרביט 7,שפירא 19,,2025-12-29,2026-03-11,72,3.0,3.0,75.0,63.0,0.19047619047619047,,,,,,,24133.0,14286.0,9847.0,0.6892762144757105,C:\Users\AVIV\gaba\gabay_pricing_core\special_unit_data_audit\sold_candidates.csv,C:\Users\AVIV\gaba\gabay_pricing_core\special_unit_data_audit\sold_candidates.csv,,
same_parcel,garden,הרב יוסף שרביט 7,ניר עוז 14,,2025-12-29,2026-03-11,72,3.0,3.0,75.0,78.0,0.038461538461538464,,,,,,,24133.0,11483.0,12650.0,1.1016284942959158,C:\Users\AVIV\gaba\gabay_pricing_core\special_unit_data_audit\sold_candidates.csv,C:\Users\AVIV\gaba\gabay_pricing_core\special_unit_data_audit\sold_candidates.csv,,
same_parcel,garden,הרב יוסף שרביט 7,דוריף 8,,2025-12-29,2026-03-11,72,3.0,3.0,75.0,80.0,0.0625,,,,,,,24133.0,20375.0,3758.0,0.18444171779141105,C:\Users\AVIV\gaba\gabay_pricing_core\special_unit_data_audit\sold_candidates.csv,C:\Users\AVIV\gaba\gabay_pricing_core\special_unit_data_audit\sold_candidates.csv,,
same_parcel,garden,הרב יוסף שרביט 7,ניר עוז 14,,2025-12-29,2026-03-11,72,3.0,3.0,75.0,78.0,0.038461538461538464,,,,,,,24133.0,11410.0,12723.0,1.1150744960560912,C:\Users\AVIV\gaba\gabay_pricing_core\special_unit_data_audit\sold_candidates.csv,C:\Users\AVIV\gaba\gabay_pricing_core\special_unit_data_audit\sold_candidates.csv,,
same_parcel,garden,הרב יוסף שרביט 7,אבשלום חביב 7,,2025-12-29,2026-03-10,71,3.0,3.0,75.0,69.0,0.08695652173913043,,,,,,,24133.0,14058.0,10075.0,0.7166737800540618,C:\Users\AVIV\gaba\gabay_pricing_core\special_unit_data_audit\sold_candidates.csv,C:\Users\AVIV\gaba\gabay_pricing_core\special_unit_data_audit\sold_candidates.csv,,
same_parcel,garden,הרב יוסף שרביט 7,דוד רזיאל 16,,2025-12-29,2026-03-10,71,3.0,3.0,75.0,63.0,0.19047619047619047,,,,,,,24133.0,13492.0,10641.0,0.7886895938333828,C:\Users\AVIV\gaba\gabay_pricing_core\special_unit_data_audit\sold_candidates.csv,C:\Users\AVIV\gaba\gabay_pricing_core\special_unit_data_audit\sold_candidates.csv,,
same_parcel,garden,הרב יוסף שרביט 7,ניר עוז 14,,2025-12-29,2026-03-10,71,3.0,3.0,75.0,78.0,0.038461538461538464,,,,,,,24133.0,10808.0,13325.0,1.2328830495928942,C:\Users\AVIV\gaba\gabay_pricing_core\special_unit_data_audit\sold_candidates.csv,C:\Users\AVIV\gaba\gabay_pricing_core\special_unit_data_audit\sold_candidates.csv,,
same_parcel,garden,הרב יוסף שרביט 7,ניר עוז 14,,2025-12-29,2026-03-10,71,3.0,3.0,75.0,78.0,0.038461538461538464,,,,,,,24133.0,11419.0,12714.0,1.1134074787634645,C:\Users\AVIV\gaba\gabay_pricing_core\special_unit_data_audit\sold_candidates.csv,C:\Users\AVIV\gaba\gabay_pricing_core\special_unit_data_audit\sold_candidates.csv,,
same_parcel,garden,הרב יוסף שרביט 7,ניר עוז 14,,2025-12-29,2026-03-09,70,3.0,3.0,75.0,78.0,0.038461538461538464,,,,,,,24133.0,11500.0,12633.0,1.0985217391304347,C:\Users\AVIV\gaba\gabay_pricing_core\special_unit_data_audit\sold_candidates.csv,C:\Users\AVIV\gaba\gabay_pricing_core\special_unit_data_audit\sold_candidates.csv,,
same_parcel,garden,הרב יוסף שרביט 7,ניר עוז 14,,2025-12-29,2026-03-09,70,3.0,3.0,75.0,79.0,0.05063291139240506,,,,,,,24133.0,11278.0,12855.0,1.1398297570491223,C:\Users\AVIV\gaba\gabay_pricing_core\special_unit_data_audit\sold_candidates.csv,C:\Users\AVIV\gaba\gabay_pricing_core\special_unit_data_audit\sold_candidates.csv,,
same_parcel,garden,הרב יוסף שרביט 7,ניר עוז 14,,2025-12-29,2026-03-09,70,3.0,3.0,75.0,78.0,0.038461538461538464,,,,,,,24133.0,10787.0,13346.0,1.2372299990729583,C:\Users\AVIV\gaba\gabay_pricing_core\special_unit_data_audit\sold_candidates.csv,C:\Users\AVIV\gaba\gabay_pricing_core\special_unit_data_audit\sold_candidates.csv,,
same_parcel,garden,הרב יוסף שרביט 7,ניר עוז 14,,2025-12-29,2026-03-08,69,3.0,3.0,75.0,78.0,0.038461538461538464,,,,,,,24133.0,11637.0,12496.0,1.073816275672424,C:\Users\AVIV\gaba\gabay_pricing_core\special_unit_data_audit\sold_candidates.csv,C:\Users\AVIV\gaba\gabay_pricing_core\special_unit_data_audit\sold_candidates.csv,,
same_parcel,garden,הרב יוסף שרביט 7,שפירא 20,,2025-12-29,2026-03-08,69,3.0,3.0,75.0,70.0,0.07142857142857142,,,,,,,24133.0,14286.0,9847.0,0.6892762144757105,C:\Users\AVIV\gaba\gabay_pricing_core\special_unit_data_audit\sold_candidates.csv,C:\Users\AVIV\gaba\gabay_pricing_core\special_unit_data_audit\sold_candidates.csv,,
same_parcel,garden,הרב יוסף שרביט 7,בן גוריון 32,,2025-12-29,2026-03-08,69,3.0,3.0,75.0,59.0,0.2711864406779661,,,,,,,24133.0,17627.0,6506.0,0.36909286889430987,C:\Users\AVIV\gaba\gabay_pricing_core\special_unit_data_audit\sold_candidates.csv,C:\Users\AVIV\gaba\gabay_pricing_core\special_unit_data_audit\sold_candidates.csv,,
same_parcel,garden,הרב יוסף שרביט 7,ניר עוז 14,,2025-12-29,2026-03-08,69,3.0,3.0,75.0,79.0,0.05063291139240506,,,,,,,24133.0,11325.0,12808.0,1.1309492273730684,C:\Users\AVIV\gaba\gabay_pricing_core\special_unit_data_audit\sold_candidates.csv,C:\Users\AVIV\gaba\gabay_pricing_core\special_unit_data_audit\sold_candidates.csv,,
same_parcel,garden,הרב יוסף שרביט 7,חזון עובדיה 51,,2025-12-29,2026-03-08,69,3.0,3.0,75.0,76.0,0.013157894736842105,,,,,,,24133.0,19737.0,4396.0,0.22272888483558798,C:\Users\AVIV\gaba\gabay_pricing_core\special_unit_data_audit\sold_candidates.csv,C:\Users\AVIV\gaba\gabay_pricing_core\special_unit_data_audit\sold_candidates.csv,,
same_parcel,garden,הרב יוסף שרביט 7,חזון עובדיה 51,,2025-12-29,2026-03-07,68,3.0,3.0,75.0,76.0,0.013157894736842105,,,,,,,24133.0,19737.0,4396.0,0.22272888483558798,C:\Users\AVIV\gaba\gabay_pricing_core\special_unit_data_audit\sold_candidates.csv,C:\Users\AVIV\gaba\gabay_pricing_core\special_unit_data_audit\sold_candidates.csv,,
same_parcel,garden,הרב יוסף שרביט 7,יהודה הלוי 32,,2025-12-29,2026-03-05,66,3.0,3.0,75.0,68.0,0.10294117647058823,,,,,,,24133.0,16176.0,7957.0,0.4919015825914936,C:\Users\AVIV\gaba\gabay_pricing_core\special_unit_data_audit\sold_candidates.csv,C:\Users\AVIV\gaba\gabay_pricing_core\special_unit_data_audit\sold_candidates.csv,,
same_parcel,garden,הרב יוסף שרביט 7,השומר הצעיר 12,,2025-12-29,2026-03-04,65,3.0,3.0,75.0,79.0,0.05063291139240506,,,,,,,24133.0,11835.0,12298.0,1.0391212505280947,C:\Users\AVIV\gaba\gabay_pricing_core\special_unit_data_audit\sold_candidates.csv,C:\Users\AVIV\gaba\gabay_pricing_core\special_unit_data_audit\sold_candidates.csv,,
same_parcel,garden,הרב יוסף שרביט 7,ניר עוז 14,,2025-12-29,2026-02-26,59,3.0,3.0,75.0,78.0,0.038461538461538464,,,,,,,24133.0,11500.0,12633.0,1.0985217391304347,C:\Users\AVIV\gaba\gabay_pricing_core\special_unit_data_audit\sold_candidates.csv,C:\Users\AVIV\gaba\gabay_pricing_core\special_unit_data_audit\sold_candidates.csv,,
same_parcel,garden,הרב יוסף שרביט 7,בן גוריון 273,,2025-12-29,2026-02-26,59,3.0,3.0,75.0,80.0,0.0625,,,,,,,24133.0,11250.0,12883.0,1.1451555555555555,C:\Users\AVIV\gaba\gabay_pricing_core\special_unit_data_audit\sold_candidates.csv,C:\Users\AVIV\gaba\gabay_pricing_core\special_unit_data_audit\sold_candidates.csv,,
same_parcel,garden,הרב יוסף שרביט 7,ניר עוז 14,,2025-12-29,2026-02-25,58,3.0,3.0,75.0,78.0,0.038461538461538464,,,,,,,24133.0,11505.0,12628.0,1.0976097348978704,C:\Users\AVIV\gaba\gabay_pricing_core\special_unit_data_audit\sold_candidates.csv,C:\Users\AVIV\gaba\gabay_pricing_core\special_unit_data_audit\sold_candidates.csv,,
same_parcel,garden,הרב יוסף שרביט 7,ניר עוז 14,,2025-12-29,2026-02-25,58,3.0,3.0,75.0,78.0,0.038461538461538464,,,,,,,24133.0,11308.0,12825.0,1.1341528121683764,C:\Users\AVIV\gaba\gabay_pricing_core\special_unit_data_audit\sold_candidates.csv,C:\Users\AVIV\gaba\gabay_pricing_core\special_unit_data_audit\sold_candidates.csv,,
same_parcel,garden,הרב יוסף שרביט 7,ההסתדרות 61,,2025-12-29,2026-02-25,58,3.0,3.0,75.0,58.0,0.29310344827586204,,,,,,,24133.0,19914.0,4219.0,0.2118610023099327,C:\Users\AVIV\gaba\gabay_pricing_core\special_unit_data_audit\sold_candidates.csv,C:\Users\AVIV\gaba\gabay_pricing_core\special_unit_data_audit\sold_candidates.csv,,
same_parcel,garden,הרב יוסף שרביט 7,סיוון 13,,2025-12-29,2026-02-25,58,3.0,3.0,75.0,73.0,0.0273972602739726,,,,,,,24133.0,15753.0,8380.0,0.531962165936647,C:\Users\AVIV\gaba\gabay_pricing_core\special_unit_data_audit\sold_candidates.csv,C:\Users\AVIV\gaba\gabay_pricing_core\special_unit_data_audit\sold_candidates.csv,,
same_parcel,garden,הרב יוסף שרביט 7,ניר עוז 14,,2025-12-29,2026-02-24,57,3.0,3.0,75.0,78.0,0.038461538461538464,,,,,,,24133.0,11315.0,12818.0,1.132832523199293,C:\Users\AVIV\gaba\gabay_pricing_core\special_unit_data_audit\sold_candidates.csv,C:\Users\AVIV\gaba\gabay_pricing_core\special_unit_data_audit\sold_candidates.csv,,
same_parcel,garden,הרב יוסף שרביט 7,היינן 17,,2025-12-29,2026-02-24,57,3.0,3.0,75.0,80.0,0.0625,,,,,,,24133.0,21075.0,3058.0,0.14510083036773427,C:\Users\AVIV\gaba\gabay_pricing_core\special_unit_data_audit\sold_candidates.csv,C:\Users\AVIV\gaba\gabay_pricing_core\special_unit_data_audit\sold_candidates.csv,,
same_parcel,garden,הרב יוסף שרביט 7,ניר עוז 14,,2025-12-29,2026-02-24,57,3.0,3.0,75.0,78.0,0.038461538461538464,,,,,,,24133.0,10808.0,13325.0,1.2328830495928942,C:\Users\AVIV\gaba\gabay_pricing_core\special_unit_data_audit\sold_candidates.csv,C:\Users\AVIV\gaba\gabay_pricing_core\special_unit_data_audit\sold_candidates.csv,,
same_parcel,garden,הרב יוסף שרביט 7,ניר עוז 14,,2025-12-29,2026-02-23,56,3.0,3.0,75.0,78.0,0.038461538461538464,,,,,,,24133.0,10808.0,13325.0,1.2328830495928942,C:\Users\AVIV\gaba\gabay_pricing_core\special_unit_data_audit\sold_candidates.csv,C:\Users\AVIV\gaba\gabay_pricing_core\special_unit_data_audit\sold_candidates.csv,,
same_parcel,garden,הרב יוסף שרביט 7,ניר עוז 14,,2025-12-29,2026-02-23,56,3.0,3.0,75.0,79.0,0.05063291139240506,,,,,,,24133.0,11380.0,12753.0,1.1206502636203866,C:\Users\AVIV\gaba\gabay_pricing_core\special_unit_data_audit\sold_candidates.csv,C:\Users\AVIV\gaba\gabay_pricing_core\special_unit_data_audit\sold_candidates.csv,,
same_parcel,garden,הרב יוסף שרביט 7,היינן 17,,2025-12-29,2026-02-23,56,3.0,3.0,75.0,80.0,0.0625,,,,,,,24133.0,21087.0,3046.0,0.14444918670270782,C:\Users\AVIV\gaba\gabay_pricing_core\special_unit_data_audit\sold_candidates.csv,C:\Users\AVIV\gaba\gabay_pricing_core\special_unit_data_audit\sold_candidates.csv,,
same_parcel,garden,הרב יוסף שרביט 7,שפירא 15,,2025-12-29,2026-02-23,56,3.0,3.0,75.0,63.0,0.19047619047619047,,,,,,,24133.0,21429.0,2704.0,0.12618414298380698,C:\Users\AVIV\gaba\gabay_pricing_core\special_unit_data_audit\sold_candidates.csv,C:\Users\AVIV\gaba\gabay_pricing_core\special_unit_data_audit\sold_candidates.csv,,
same_parcel,garden,הרב יוסף שרביט 7,אבשלום חביב 7,,2025-12-29,2026-02-22,55,3.0,3.0,75.0,68.0,0.10294117647058823,,,,,,,24133.0,14926.0,9207.0,0.6168430925901112,C:\Users\AVIV\gaba\gabay_pricing_core\special_unit_data_audit\sold_candidates.csv,C:\Users\AVIV\gaba\gabay_pricing_core\special_unit_data_audit\sold_candidates.csv,,
same_parcel,garden,הרב יוסף שרביט 7,טשרניחובסקי 8,,2025-12-29,2026-02-22,55,3.0,3.0,75.0,69.0,0.08695652173913043,,,,,,,24133.0,13768.0,10365.0,0.7528326554328879,C:\Users\AVIV\gaba\gabay_pricing_core\special_unit_data_audit\sold_candidates.csv,C:\Users\AVIV\gaba\gabay_pricing_core\special_unit_data_audit\sold_candidates.csv,,
same_parcel,garden,הרב יוסף שרביט 7,"רמב""ם 40",,2025-12-29,2026-02-22,55,3.0,3.0,75.0,66.0,0.13636363636363635,,,,,,,24133.0,17045.0,7088.0,0.4158404224112643,C:\Users\AVIV\gaba\gabay_pricing_core\special_unit_data_audit\sold_candidates.csv,C:\Users\AVIV\gaba\gabay_pricing_core\special_unit_data_audit\sold_candidates.csv,,
same_parcel,garden,הרב יוסף שרביט 7,ניר עוז 14,,2025-12-29,2026-02-22,55,3.0,3.0,75.0,78.0,0.038461538461538464,,,,,,,24133.0,11658.0,12475.0,1.070080631326128,C:\Users\AVIV\gaba\gabay_pricing_core\special_unit_data_audit\sold_candidates.csv,C:\Users\AVIV\gaba\gabay_pricing_core\special_unit_data_audit\sold_candidates.csv,,
same_parcel,garden,הרב יוסף שרביט 7,ניר עוז 14,,2025-12-29,2026-02-22,55,3.0,3.0,75.0,80.0,0.0625,,,,,,,24133.0,10518.0,13615.0,1.2944476136147556,C:\Users\AVIV\gaba\gabay_pricing_core\special_unit_data_audit\sold_candidates.csv,C:\Users\AVIV\gaba\gabay_pricing_core\special_unit_data_audit\sold_candidates.csv,,
same_parcel,garden,הרב יוסף שרביט 7,ניר עוז 14,,2025-12-29,2026-02-22,55,3.0,3.0,75.0,79.0,0.05063291139240506,,,,,,,24133.0,11385.0,12748.0,1.1197189284145805,C:\Users\AVIV\gaba\gabay_pricing_core\special_unit_data_audit\sold_candidates.csv,C:\Users\AVIV\gaba\gabay_pricing_core\special_unit_data_audit\sold_candidates.csv,,
same_parcel,garden,הרב יוסף שרביט 7,שפירא 21,,2025-12-29,2026-02-19,52,3.0,3.0,75.0,69.0,0.08695652173913043,,,,,,,24133.0,13551.0,10582.0,0.7809017784665339,C:\Users\AVIV\gaba\gabay_pricing_core\special_unit_data_audit\sold_candidates.csv,C:\Users\AVIV\gaba\gabay_pricing_core\special_unit_data_audit\sold_candidates.csv,,
same_parcel,garden,הרב יוסף שרביט 7,,,2025-12-29,2026-02-18,51,3.0,3.0,75.0,68.0,0.10294117647058823,,,,,,,24133.0,17500.0,6633.0,0.37902857142857144,C:\Users\AVIV\gaba\gabay_pricing_core\special_unit_data_audit\sold_candidates.csv,C:\Users\AVIV\gaba\gabay_pricing_core\special_unit_data_audit\sold_candidates.csv,,
same_parcel,garden,הרב יוסף שרביט 7,,,2025-12-29,2026-02-18,51,3.0,3.0,75.0,67.0,0.11940298507462686,,,,,,,24133.0,16418.0,7715.0,0.46991107321232795,C:\Users\AVIV\gaba\gabay_pricing_core\special_unit_data_audit\sold_candidates.csv,C:\Users\AVIV\gaba\gabay_pricing_core\special_unit_data_audit\sold_candidates.csv,,
same_parcel,garden,הרב יוסף שרביט 7,שפירא 3,,2025-12-29,2026-02-18,51,3.0,3.0,75.0,65.0,0.15384615384615385,,,,,,,24133.0,15077.0,9056.0,0.6006499966836903,C:\Users\AVIV\gaba\gabay_pricing_core\special_unit_data_audit\sold_candidates.csv,C:\Users\AVIV\gaba\gabay_pricing_core\special_unit_data_audit\sold_candidates.csv,,
same_parcel,garden,הרב יוסף שרביט 7,לכיש 10,,2025-12-29,2026-02-17,50,3.0,3.0,75.0,73.0,0.0273972602739726,,,,,,,24133.0,22123.0,2010.0,0.090855670569091,C:\Users\AVIV\gaba\gabay_pricing_core\special_unit_data_audit\sold_candidates.csv,C:\Users\AVIV\gaba\gabay_pricing_core\special_unit_data_audit\sold_candidates.csv,,
same_parcel,garden,הרב יוסף שרביט 7,העונות 2,,2025-12-29,2026-02-17,50,3.0,3.0,75.0,67.0,0.11940298507462686,,,,,,,24133.0,19403.0,4730.0,0.24377673555635726,C:\Users\AVIV\gaba\gabay_pricing_core\special_unit_data_audit\sold_candidates.csv,C:\Users\AVIV\gaba\gabay_pricing_core\special_unit_data_audit\sold_candidates.csv,,
same_parcel,garden,הרב יוסף שרביט 7,ניר עוז 14,,2025-12-29,2026-02-16,49,3.0,3.0,75.0,78.0,0.038461538461538464,,,,,,,24133.0,11628.0,12505.0,1.075421396628827,C:\Users\AVIV\gaba\gabay_pricing_core\special_unit_data_audit\sold_candidates.csv,C:\Users\AVIV\gaba\gabay_pricing_core\special_unit_data_audit\sold_candidates.csv,,
same_parcel,garden,הרב יוסף שרביט 7,היינן 17,,2025-12-29,2026-02-16,49,3.0,3.0,75.0,80.0,0.0625,,,,,,,24133.0,11450.0,12683.0,1.1076855895196507,C:\Users\AVIV\gaba\gabay_pricing_core\special_unit_data_audit\sold_candidates.csv,C:\Users\AVIV\gaba\gabay_pricing_core\special_unit_data_audit\sold_candidates.csv,,
same_parcel,garden,הרב יוסף שרביט 7,ניר עוז 14,,2025-12-29,2026-02-16,49,3.0,3.0,75.0,80.0,0.0625,,,,,,,24133.0,10538.0,13595.0,1.2900929967735812,C:\Users\AVIV\gaba\gabay_pricing_core\special_unit_data_audit\sold_candidates.csv,C:\Users\AVIV\gaba\gabay_pricing_core\special_unit_data_audit\sold_candidates.csv,,
same_parcel,garden,הרב יוסף שרביט 7,בר כוכבא 21,,2025-12-29,2026-02-16,49,3.0,3.0,75.0,69.0,0.08695652173913043,,,,,,,24133.0,14493.0,9640.0,0.665148692472228,C:\Users\AVIV\gaba\gabay_pricing_core\special_unit_data_audit\sold_candidates.csv,C:\Users\AVIV\gaba\gabay_pricing_core\special_unit_data_audit\sold_candidates.csv,,
same_parcel,garden,הרב יוסף שרביט 7,בר כוכבא 27,,2025-12-29,2026-02-16,49,3.0,3.0,75.0,76.0,0.013157894736842105,,,,,,,24133.0,15526.0,8607.0,0.5543604276697153,C:\Users\AVIV\gaba\gabay_pricing_core\special_unit_data_audit\sold_candidates.csv,C:\Users\AVIV\gaba\gabay_pricing_core\special_unit_data_audit\sold_candidates.csv,,
same_parcel,garden,הרב יוסף שרביט 7,ניר עוז 14,,2025-12-29,2026-02-15,48,3.0,3.0,75.0,78.0,0.038461538461538464,,,,,,,24133.0,11581.0,12552.0,1.0838442276141957,C:\Users\AVIV\gaba\gabay_pricing_core\special_unit_data_audit\sold_candidates.csv,C:\Users\AVIV\gaba\gabay_pricing_core\special_unit_data_audit\sold_candidates.csv,,
same_parcel,garden,הרב יוסף שרביט 7,ניר עוז 14,,2025-12-29,2026-02-15,48,3.0,3.0,75.0,80.0,0.0625,,,,,,,24133.0,10546.0,13587.0,1.2883557747013086,C:\Users\AVIV\gaba\gabay_pricing_core\special_unit_data_audit\sold_candidates.csv,C:\Users\AVIV\gaba\gabay_pricing_core\special_unit_data_audit\sold_candidates.csv,,
same_parcel,garden,הרב יוסף שרביט 7,דרך הים 31,,2025-12-29,2026-02-15,48,3.0,3.0,75.0,79.0,0.05063291139240506,,,,,,,24133.0,10089.0,14044.0,1.392011101199326,C:\Users\AVIV\gaba\gabay_pricing_core\special_unit_data_audit\sold_candidates.csv,C:\Users\AVIV\gaba\gabay_pricing_core\special_unit_data_audit\sold_candidates.csv,,
same_parcel,garden,הרב יוסף שרביט 7,הרב יוסף קארו 285,,2025-12-29,2026-02-15,48,3.0,3.0,75.0,73.0,0.0273972602739726,,,,,,,24133.0,16575.0,7558.0,0.45598793363499246,C:\Users\AVIV\gaba\gabay_pricing_core\special_unit_data_audit\sold_candidates.csv,C:\Users\AVIV\gaba\gabay_pricing_core\special_unit_data_audit\sold_candidates.csv,,
same_parcel,garden,הרב יוסף שרביט 7,אנה פרנק 12,,2025-12-29,2026-02-15,48,3.0,3.0,75.0,64.0,0.171875,,,,,,,24133.0,16094.0,8039.0,0.499502920342985,C:\Users\AVIV\gaba\gabay_pricing_core\special_unit_data_audit\sold_candidates.csv,C:\Users\AVIV\gaba\gabay_pricing_core\special_unit_data_audit\sold_candidates.csv,,
same_parcel,garden,הרב יוסף שרביט 7,דרך הים 31,,2025-12-29,2026-02-14,47,3.0,3.0,75.0,79.0,0.05063291139240506,,,,,,,24133.0,10099.0,14034.0,1.3896425388652343,C:\Users\AVIV\gaba\gabay_pricing_core\special_unit_data_audit\sold_candidates.csv,C:\Users\AVIV\gaba\gabay_pricing_core\special_unit_data_audit\sold_candidates.csv,,
same_parcel,garden,הרב יוסף שרביט 7,העונות 2,,2025-12-29,2026-02-13,46,3.0,3.0,75.0,67.0,0.11940298507462686,,,,,,,24133.0,17761.0,6372.0,0.3587635831315804,C:\Users\AVIV\gaba\gabay_pricing_core\special_unit_data_audit\sold_candidates.csv,C:\Users\AVIV\gaba\gabay_pricing_core\special_unit_data_audit\sold_candidates.csv,,
same_parcel,garden,הרב יוסף שרביט 7,מגידו 8,,2025-12-29,2026-02-12,45,3.0,3.0,75.0,68.0,0.10294117647058823,,,,,,,24133.0,10809.0,13324.0,1.2326764733092792,C:\Users\AVIV\gaba\gabay_pricing_core\special_unit_data_audit\sold_candidates.csv,C:\Users\AVIV\gaba\gabay_pricing_core\special_unit_data_audit\sold_candidates.csv,,
same_parcel,garden,הרב יוסף שרביט 7,ניר עוז 14,,2025-12-29,2026-02-09,42,3.0,3.0,75.0,78.0,0.038461538461538464,,,,,,,24133.0,11590.0,12543.0,1.0822260569456428,C:\Users\AVIV\gaba\gabay_pricing_core\special_unit_data_audit\sold_candidates.csv,C:\Users\AVIV\gaba\gabay_pricing_core\special_unit_data_audit\sold_candidates.csv,,
same_parcel,garden,הרב יוסף שרביט 7,יוספטל 5,,2025-12-29,2026-02-09,42,3.0,3.0,75.0,60.0,0.25,,,,,,,24133.0,12167.0,11966.0,0.9834799046601463,C:\Users\AVIV\gaba\gabay_pricing_core\special_unit_data_audit\sold_candidates.csv,C:\Users\AVIV\gaba\gabay_pricing_core\special_unit_data_audit\sold_candidates.csv,,
same_parcel,garden,הרב יוסף שרביט 7,ניר עוז 14,,2025-12-29,2026-02-09,42,3.0,3.0,75.0,79.0,0.05063291139240506,,,,,,,24133.0,11494.0,12639.0,1.0996171915782147,C:\Users\AVIV\gaba\gabay_pricing_core\special_unit_data_audit\sold_candidates.csv,C:\Users\AVIV\gaba\gabay_pricing_core\special_unit_data_audit\sold_candidates.csv,,
same_parcel,garden,הרב יוסף שרביט 7,אלי כהן 44,,2025-12-29,2026-02-09,42,3.0,3.0,75.0,77.0,0.025974025974025976,,,,,,,24133.0,7792.0,16341.0,2.097150924024641,C:\Users\AVIV\gaba\gabay_pricing_core\special_unit_data_audit\sold_candidates.csv,C:\Users\AVIV\gaba\gabay_pricing_core\special_unit_data_audit\sold_candidates.csv,,
same_parcel,garden,הרב יוסף שרביט 7,דרך הים 31,,2025-12-29,2026-02-08,41,3.0,3.0,75.0,79.0,0.05063291139240506,,,,,,,24133.0,10051.0,14082.0,1.4010546214307034,C:\Users\AVIV\gaba\gabay_pricing_core\special_unit_data_audit\sold_candidates.csv,C:\Users\AVIV\gaba\gabay_pricing_core\special_unit_data_audit\sold_candidates.csv,,
same_parcel,garden,הרב יוסף שרביט 7,ניר עוז 14,,2025-12-29,2026-02-08,41,3.0,3.0,75.0,78.0,0.038461538461538464,,,,,,,24133.0,11602.0,12531.0,1.0800724013101188,C:\Users\AVIV\gaba\gabay_pricing_core\special_unit_data_audit\sold_candidates.csv,C:\Users\AVIV\gaba\gabay_pricing_core\special_unit_data_audit\sold_candidates.csv,,
same_parcel,garden,הרב יוסף שרביט 7,ניר עוז 14,,2025-12-29,2026-02-08,41,3.0,3.0,75.0,79.0,0.05063291139240506,,,,,,,24133.0,11500.0,12633.0,1.0985217391304347,C:\Users\AVIV\gaba\gabay_pricing_core\special_unit_data_audit\sold_candidates.csv,C:\Users\AVIV\gaba\gabay_pricing_core\special_unit_data_audit\sold_candidates.csv,,
same_parcel,garden,הרב יוסף שרביט 7,משה יוליש 4,,2025-12-29,2026-02-08,41,3.0,3.0,75.0,66.0,0.13636363636363635,,,,,,,24133.0,13788.0,10345.0,0.7502901073397157,C:\Users\AVIV\gaba\gabay_pricing_core\special_unit_data_audit\sold_candidates.csv,C:\Users\AVIV\gaba\gabay_pricing_core\special_unit_data_audit\sold_candidates.csv,,
same_parcel,garden,הרב יוסף שרביט 7,עינות צוקים 7,,2025-12-29,2026-02-08,41,3.0,3.0,75.0,71.0,0.056338028169014086,,,,,,,24133.0,20563.0,3570.0,0.17361279968876137,C:\Users\AVIV\gaba\gabay_pricing_core\special_unit_data_audit\sold_candidates.csv,C:\Users\AVIV\gaba\gabay_pricing_core\special_unit_data_audit\sold_candidates.csv,,
same_parcel,garden,הרב יוסף שרביט 7,דרך הים 31,,2025-12-29,2026-02-07,40,3.0,3.0,75.0,79.0,0.05063291139240506,,,,,,,24133.0,10057.0,14076.0,1.3996221537237745,C:\Users\AVIV\gaba\gabay_pricing_core\special_unit_data_audit\sold_candidates.csv,C:\Users\AVIV\gaba\gabay_pricing_core\special_unit_data_audit\sold_candidates.csv,,
same_parcel,garden,הרב יוסף שרביט 7,העונות 2,,2025-12-29,2026-02-03,36,3.0,3.0,75.0,68.0,0.10294117647058823,,,,,,,24133.0,19632.0,4501.0,0.22926854115729423,C:\Users\AVIV\gaba\gabay_pricing_core\special_unit_data_audit\sold_candidates.csv,C:\Users\AVIV\gaba\gabay_pricing_core\special_unit_data_audit\sold_candidates.csv,,
same_parcel,garden,הרב יוסף שרביט 7,יוסף פינס 7,,2025-12-29,2026-02-01,34,3.0,3.0,75.0,80.0,0.0625,,,,,,,24133.0,15000.0,9133.0,0.6088666666666667,C:\Users\AVIV\gaba\gabay_pricing_core\special_unit_data_audit\sold_candidates.csv,C:\Users\AVIV\gaba\gabay_pricing_core\special_unit_data_audit\sold_candidates.csv,,
same_parcel,garden,הרב יוסף שרביט 7,אשתאול 4,,2025-12-29,2026-01-30,32,3.0,3.0,75.0,69.0,0.08695652173913043,,,,,,,24133.0,17101.0,7032.0,0.41120402315654053,C:\Users\AVIV\gaba\gabay_pricing_core\special_unit_data_audit\sold_candidates.csv,C:\Users\AVIV\gaba\gabay_pricing_core\special_unit_data_audit\sold_candidates.csv,,
same_parcel,garden,הרב יוסף שרביט 7,חזון עובדיה 51,,2025-12-29,2026-01-29,31,3.0,3.0,75.0,76.0,0.013157894736842105,,,,,,,24133.0,19737.0,4396.0,0.22272888483558798,C:\Users\AVIV\gaba\gabay_pricing_core\special_unit_data_audit\sold_candidates.csv,C:\Users\AVIV\gaba\gabay_pricing_core\special_unit_data_audit\sold_candidates.csv,,
same_parcel,garden,הרב יוסף שרביט 7,חזון עובדיה 51,,2025-12-29,2026-01-28,30,3.0,3.0,75.0,76.0,0.013157894736842105,,,,,,,24133.0,19737.0,4396.0,0.22272888483558798,C:\Users\AVIV\gaba\gabay_pricing_core\special_unit_data_audit\sold_candidates.csv,C:\Users\AVIV\gaba\gabay_pricing_core\special_unit_data_audit\sold_candidates.csv,,
same_parcel,garden,הרב יוסף שרביט 7,תענך 2,,2025-12-29,2026-01-28,30,3.0,3.0,75.0,71.0,0.056338028169014086,,,,,,,24133.0,18310.0,5823.0,0.3180229382850901,C:\Users\AVIV\gaba\gabay_pricing_core\special_unit_data_audit\sold_candidates.csv,C:\Users\AVIV\gaba\gabay_pricing_core\special_unit_data_audit\sold_candidates.csv,,
same_parcel,garden,הרב יוסף שרביט 7,אריה 10,,2025-12-29,2026-01-26,28,3.0,3.0,75.0,77.0,0.025974025974025976,,,,,,,24133.0,14156.0,9977.0,0.7047894885560892,C:\Users\AVIV\gaba\gabay_pricing_core\special_unit_data_audit\sold_candidates.csv,C:\Users\AVIV\gaba\gabay_pricing_core\special_unit_data_audit\sold_candidates.csv,,
same_parcel,garden,הרב יוסף שרביט 7,,,2025-12-29,2026-01-26,28,3.0,3.0,75.0,60.0,0.25,,,,,,,24133.0,20000.0,4133.0,0.20665,C:\Users\AVIV\gaba\gabay_pricing_core\special_unit_data_audit\sold_candidates.csv,C:\Users\AVIV\gaba\gabay_pricing_core\special_unit_data_audit\sold_candidates.csv,,
same_parcel,garden,הרב יוסף שרביט 7,דרך הים 31,,2025-12-29,2026-01-25,27,3.0,3.0,75.0,79.0,0.05063291139240506,,,,,,,24133.0,10089.0,14044.0,1.392011101199326,C:\Users\AVIV\gaba\gabay_pricing_core\special_unit_data_audit\sold_candidates.csv,C:\Users\AVIV\gaba\gabay_pricing_core\special_unit_data_audit\sold_candidates.csv,,
same_parcel,garden,הרב יוסף שרביט 7,דרך הים 31,,2025-12-29,2026-01-24,26,3.0,3.0,75.0,79.0,0.05063291139240506,,,,,,,24133.0,10091.0,14042.0,1.3915370131800615,C:\Users\AVIV\gaba\gabay_pricing_core\special_unit_data_audit\sold_candidates.csv,C:\Users\AVIV\gaba\gabay_pricing_core\special_unit_data_audit\sold_candidates.csv,,
same_parcel,garden,הרב יוסף שרביט 7,"אב""א אחימאיר 109",,2025-12-29,2026-01-22,24,3.0,3.0,75.0,76.0,0.013157894736842105,,,,,,,24133.0,15789.0,8344.0,0.5284691874089557,C:\Users\AVIV\gaba\gabay_pricing_core\special_unit_data_audit\sold_candidates.csv,C:\Users\AVIV\gaba\gabay_pricing_core\special_unit_data_audit\sold_candidates.csv,,
same_parcel,garden,הרב יוסף שרביט 7,חובבי ציון 9,,2025-12-29,2026-01-22,24,3.0,3.0,75.0,68.0,0.10294117647058823,,,,,,,24133.0,10515.0,13618.0,1.2951022349025203,C:\Users\AVIV\gaba\gabay_pricing_core\special_unit_data_audit\sold_candidates.csv,C:\Users\AVIV\gaba\gabay_pricing_core\special_unit_data_audit\sold_candidates.csv,,
same_parcel,garden,הרב יוסף שרביט 7,,,2025-12-29,2026-01-20,22,3.0,3.0,75.0,65.0,0.15384615384615385,,,,,,,24133.0,18615.0,5518.0,0.2964276121407467,C:\Users\AVIV\gaba\gabay_pricing_core\special_unit_data_audit\sold_candidates.csv,C:\Users\AVIV\gaba\gabay_pricing_core\special_unit_data_audit\sold_candidates.csv,,
same_parcel,garden,הרב יוסף שרביט 7,חזון עובדיה 51,,2025-12-29,2026-01-20,22,3.0,3.0,75.0,79.0,0.05063291139240506,,,,,,,24133.0,16696.0,7437.0,0.4454360325826545,C:\Users\AVIV\gaba\gabay_pricing_core\special_unit_data_audit\sold_candidates.csv,C:\Users\AVIV\gaba\gabay_pricing_core\special_unit_data_audit\sold_candidates.csv,,
same_parcel,garden,הרב יוסף שרביט 7,מרדכי אנילביץ 438,,2025-12-29,2026-01-19,21,3.0,3.0,75.0,64.0,0.171875,,,,,,,24133.0,14844.0,9289.0,0.6257747237941256,C:\Users\AVIV\gaba\gabay_pricing_core\special_unit_data_audit\sold_candidates.csv,C:\Users\AVIV\gaba\gabay_pricing_core\special_unit_data_audit\sold_candidates.csv,,
same_parcel,garden,הרב יוסף שרביט 7,שפירא 40,,2025-12-29,2026-01-19,21,3.0,3.0,75.0,62.0,0.20967741935483872,,,,,,,24133.0,15968.0,8165.0,0.5113351703406813,C:\Users\AVIV\gaba\gabay_pricing_core\special_unit_data_audit\sold_candidates.csv,C:\Users\AVIV\gaba\gabay_pricing_core\special_unit_data_audit\sold_candidates.csv,,
same_parcel,garden,הרב יוסף שרביט 7,עמק יזרעאל 99,,2025-12-29,2026-01-19,21,3.0,3.0,75.0,79.0,0.05063291139240506,,,,,,,24133.0,19620.0,4513.0,0.2300203873598369,C:\Users\AVIV\gaba\gabay_pricing_core\special_unit_data_audit\sold_candidates.csv,C:\Users\AVIV\gaba\gabay_pricing_core\special_unit_data_audit\sold_candidates.csv,,
same_parcel,garden,הרב יוסף שרביט 7,דרך הים 31,,2025-12-29,2026-01-18,20,3.0,3.0,75.0,79.0,0.05063291139240506,,,,,,,24133.0,10051.0,14082.0,1.4010546214307034,C:\Users\AVIV\gaba\gabay_pricing_core\special_unit_data_audit\sold_candidates.csv,C:\Users\AVIV\gaba\gabay_pricing_core\special_unit_data_audit\sold_candidates.csv,,
same_parcel,garden,הרב יוסף שרביט 7,דרך הים 31,,2025-12-29,2026-01-17,19,3.0,3.0,75.0,79.0,0.05063291139240506,,,,,,,24133.0,10061.0,14072.0,1.3986681244409105,C:\Users\AVIV\gaba\gabay_pricing_core\special_unit_data_audit\sold_candidates.csv,C:\Users\AVIV\gaba\gabay_pricing_core\special_unit_data_audit\sold_candidates.csv,,
same_parcel,garden,הרב יוסף שרביט 7,עדולם 19,,2025-12-29,2026-01-15,17,3.0,3.0,75.0,63.0,0.19047619047619047,,,,,,,24133.0,31984.0,-7851.0,-0.24546648324162082,C:\Users\AVIV\gaba\gabay_pricing_core\special_unit_data_audit\sold_candidates.csv,C:\Users\AVIV\gaba\gabay_pricing_core\special_unit_data_audit\sold_candidates.csv,,
same_parcel,garden,הרב יוסף שרביט 7,יהודה הלוי 2,,2025-12-29,2026-01-15,17,3.0,3.0,75.0,65.0,0.15384615384615385,,,,,,,24133.0,16769.0,7364.0,0.4391436579402469,C:\Users\AVIV\gaba\gabay_pricing_core\special_unit_data_audit\sold_candidates.csv,C:\Users\AVIV\gaba\gabay_pricing_core\special_unit_data_audit\sold_candidates.csv,,
same_parcel,garden,הרב יוסף שרביט 7,אורט 14,,2025-12-29,2026-01-14,16,3.0,3.0,75.0,73.0,0.0273972602739726,,,,,,,24133.0,18699.0,5434.0,0.2906037756029734,C:\Users\AVIV\gaba\gabay_pricing_core\special_unit_data_audit\sold_candidates.csv,C:\Users\AVIV\gaba\gabay_pricing_core\special_unit_data_audit\sold_candidates.csv,,
same_parcel,garden,הרב יוסף שרביט 7,שפירא 1,,2025-12-29,2026-01-14,16,3.0,3.0,75.0,61.0,0.22950819672131148,,,,,,,24133.0,17295.0,6838.0,0.3953743856605956,C:\Users\AVIV\gaba\gabay_pricing_core\special_unit_data_audit\sold_candidates.csv,C:\Users\AVIV\gaba\gabay_pricing_core\special_unit_data_audit\sold_candidates.csv,,
same_parcel,garden,הרב יוסף שרביט 7,אריה 14,,2025-12-29,2026-01-14,16,3.0,3.0,75.0,65.0,0.15384615384615385,,,,,,,24133.0,16462.0,7671.0,0.46598226217956507,C:\Users\AVIV\gaba\gabay_pricing_core\special_unit_data_audit\sold_candidates.csv,C:\Users\AVIV\gaba\gabay_pricing_core\special_unit_data_audit\sold_candidates.csv,,
same_parcel,garden,הרב יוסף שרביט 7,מנחם בגין 34,,2025-12-29,2026-01-14,16,3.0,3.0,75.0,77.0,0.025974025974025976,,,,,,,24133.0,13961.0,10172.0,0.7286011030728458,C:\Users\AVIV\gaba\gabay_pricing_core\special_unit_data_audit\sold_candidates.csv,C:\Users\AVIV\gaba\gabay_pricing_core\special_unit_data_audit\sold_candidates.csv,,
same_parcel,garden,הרב יוסף שרביט 7,משה יוליש 10,,2025-12-29,2026-01-14,16,3.0,3.0,75.0,70.0,0.07142857142857142,,,,,,,24133.0,12429.0,11704.0,0.9416686780915601,C:\Users\AVIV\gaba\gabay_pricing_core\special_unit_data_audit\sold_candidates.csv,C:\Users\AVIV\gaba\gabay_pricing_core\special_unit_data_audit\sold_candidates.csv,,
same_parcel,garden,הרב יוסף שרביט 7,הרצל 16,,2025-12-29,2026-01-12,14,3.0,3.0,75.0,68.0,0.10294117647058823,,,,,,,24133.0,10882.0,13251.0,1.2176989523984563,C:\Users\AVIV\gaba\gabay_pricing_core\special_unit_data_audit\sold_candidates.csv,C:\Users\AVIV\gaba\gabay_pricing_core\special_unit_data_audit\sold_candidates.csv,,
same_parcel,garden,הרב יוסף שרביט 7,דוד רזיאל 18,,2025-12-29,2026-01-12,14,3.0,3.0,75.0,70.0,0.07142857142857142,,,,,,,24133.0,13143.0,10990.0,0.8361865631895306,C:\Users\AVIV\gaba\gabay_pricing_core\special_unit_data_audit\sold_candidates.csv,C:\Users\AVIV\gaba\gabay_pricing_core\special_unit_data_audit\sold_candidates.csv,,
same_parcel,garden,הרב יוסף שרביט 7,עולי הגרדום 11,,2025-12-29,2026-01-11,13,3.0,3.0,75.0,69.0,0.08695652173913043,,,,,,,24133.0,16884.0,7249.0,0.42934138829661217,C:\Users\AVIV\gaba\gabay_pricing_core\special_unit_data_audit\sold_candidates.csv,C:\Users\AVIV\gaba\gabay_pricing_core\special_unit_data_audit\sold_candidates.csv,,
same_parcel,garden,הרב יוסף שרביט 7,אפרים צור 42,,2025-12-29,2026-01-09,11,3.0,3.0,75.0,59.0,0.2711864406779661,,,,,,,24133.0,11186.0,12947.0,1.1574289290184159,C:\Users\AVIV\gaba\gabay_pricing_core\special_unit_data_audit\sold_candidates.csv,C:\Users\AVIV\gaba\gabay_pricing_core\special_unit_data_audit\sold_candidates.csv,,
same_parcel,garden,הרב יוסף שרביט 7,יהודה הלוי 32,,2025-12-29,2026-01-08,10,3.0,3.0,75.0,68.0,0.10294117647058823,,,,,,,24133.0,17618.0,6515.0,0.3697922579180384,C:\Users\AVIV\gaba\gabay_pricing_core\special_unit_data_audit\sold_candidates.csv,C:\Users\AVIV\gaba\gabay_pricing_core\special_unit_data_audit\sold_candidates.csv,,
same_parcel,garden,הרב יוסף שרביט 7,פקיעין 6,,2025-12-29,2026-01-08,10,3.0,3.0,75.0,80.0,0.0625,,,,,,,24133.0,16875.0,7258.0,0.4301037037037037,C:\Users\AVIV\gaba\gabay_pricing_core\special_unit_data_audit\sold_candidates.csv,C:\Users\AVIV\gaba\gabay_pricing_core\special_unit_data_audit\sold_candidates.csv,,
same_parcel,garden,הרב יוסף שרביט 7,שפירא 10,,2025-12-29,2026-01-07,9,3.0,3.0,75.0,73.0,0.0273972602739726,,,,,,,24133.0,13699.0,10434.0,0.7616614351412512,C:\Users\AVIV\gaba\gabay_pricing_core\special_unit_data_audit\sold_candidates.csv,C:\Users\AVIV\gaba\gabay_pricing_core\special_unit_data_audit\sold_candidates.csv,,
same_parcel,garden,הרב יוסף שרביט 7,"ש""י עגנון 11",,2025-12-29,2026-01-06,8,3.0,3.0,75.0,60.0,0.25,,,,,,,24133.0,14100.0,10033.0,0.7115602836879432,C:\Users\AVIV\gaba\gabay_pricing_core\special_unit_data_audit\sold_candidates.csv,C:\Users\AVIV\gaba\gabay_pricing_core\special_unit_data_audit\sold_candidates.csv,,
same_parcel,garden,הרב יוסף שרביט 7,ההסתדרות 24,,2025-12-29,2026-01-06,8,3.0,3.0,75.0,80.0,0.0625,,,,,,,24133.0,12750.0,11383.0,0.8927843137254902,C:\Users\AVIV\gaba\gabay_pricing_core\special_unit_data_audit\sold_candidates.csv,C:\Users\AVIV\gaba\gabay_pricing_core\special_unit_data_audit\sold_candidates.csv,,
same_parcel,garden,הרב יוסף שרביט 7,,,2025-12-29,2026-01-06,8,3.0,3.0,75.0,79.0,0.05063291139240506,,,,,,,24133.0,18228.0,5905.0,0.3239521615097652,C:\Users\AVIV\gaba\gabay_pricing_core\special_unit_data_audit\sold_candidates.csv,C:\Users\AVIV\gaba\gabay_pricing_core\special_unit_data_audit\sold_candidates.csv,,
same_parcel,garden,הרב יוסף שרביט 7,הנשיא 89,,2025-12-29,2026-01-04,6,3.0,3.0,75.0,69.0,0.08695652173913043,,,,,,,24133.0,17101.0,7032.0,0.41120402315654053,C:\Users\AVIV\gaba\gabay_pricing_core\special_unit_data_audit\sold_candidates.csv,C:\Users\AVIV\gaba\gabay_pricing_core\special_unit_data_audit\sold_candidates.csv,,
same_parcel,garden,הרב יוסף שרביט 7,ניר עוז 14,,2025-12-29,2026-01-02,4,3.0,3.0,75.0,80.0,0.0625,,,,,,,24133.0,20000.0,4133.0,0.20665,C:\Users\AVIV\gaba\gabay_pricing_core\special_unit_data_audit\sold_candidates.csv,C:\Users\AVIV\gaba\gabay_pricing_core\special_unit_data_audit\sold_candidates.csv,,
same_parcel,garden,הרב יוסף שרביט 7,שפירא 21,,2025-12-29,2026-01-01,3,3.0,3.0,75.0,63.0,0.19047619047619047,,,,,,,24133.0,12810.0,11323.0,0.8839188134270102,C:\Users\AVIV\gaba\gabay_pricing_core\special_unit_data_audit\sold_candidates.csv,C:\Users\AVIV\gaba\gabay_pricing_core\special_unit_data_audit\sold_candidates.csv,,
same_parcel,garden,הרב יוסף שרביט 7,ז'בוטינסקי 9,,2025-12-29,2026-01-01,3,3.0,3.0,75.0,56.0,0.3392857142857143,,,,,,,24133.0,19643.0,4490.0,0.22858015578068522,C:\Users\AVIV\gaba\gabay_pricing_core\special_unit_data_audit\sold_candidates.csv,C:\Users\AVIV\gaba\gabay_pricing_core\special_unit_data_audit\sold_candidates.csv,,
same_parcel,garden,הרב יוסף שרביט 7,ניר עוז 14,,2025-12-29,2026-01-01,3,3.0,3.0,75.0,80.0,0.0625,,,,,,,24133.0,20000.0,4133.0,0.20665,C:\Users\AVIV\gaba\gabay_pricing_core\special_unit_data_audit\sold_candidates.csv,C:\Users\AVIV\gaba\gabay_pricing_core\special_unit_data_audit\sold_candidates.csv,,
same_parcel,garden,הרב יוסף שרביט 7,"ש""י עגנון 170",,2025-12-29,2025-12-31,2,3.0,3.0,75.0,66.0,0.13636363636363635,,,,,,,24133.0,16515.0,7618.0,0.4612776264002422,C:\Users\AVIV\gaba\gabay_pricing_core\special_unit_data_audit\sold_candidates.csv,C:\Users\AVIV\gaba\gabay_pricing_core\special_unit_data_audit\sold_candidates.csv,,
same_parcel,garden,הרב יוסף שרביט 7,הסנה 308,,2025-12-29,2025-12-30,1,3.0,3.0,75.0,77.0,0.025974025974025976,,,,,,,24133.0,14675.0,9458.0,0.6444974446337308,C:\Users\AVIV\gaba\gabay_pricing_core\special_unit_data_audit\sold_candidates.csv,C:\Users\AVIV\gaba\gabay_pricing_core\special_unit_data_audit\sold_candidates.csv,,
same_parcel,garden,הרב יוסף שרביט 7,,,2025-12-29,2025-12-28,1,3.0,3.0,75.0,75.0,0.0,,,,,,,24133.0,21133.0,3000.0,0.14195807504850233,C:\Users\AVIV\gaba\gabay_pricing_core\special_unit_data_audit\sold_candidates.csv,C:\Users\AVIV\gaba\gabay_pricing_core\special_unit_data_audit\sold_candidates.csv,,
same_address,garden,הרב יוסף שרביט 7,הרב יוסף שרביט 7,,2025-12-29,2025-12-28,1,3.0,3.0,75.0,75.0,0.0,,,,,,,24133.0,24133.0,0.0,0.0,C:\Users\AVIV\gaba\gabay_pricing_core\special_unit_data_audit\sold_candidates.csv,C:\Users\AVIV\gaba\gabay_pricing_core\special_unit_data_audit\sold_candidates.csv,,
same_parcel,garden,הרב יוסף שרביט 7,"ש""י עגנון 28",,2025-12-29,2025-12-28,1,3.0,3.0,75.0,76.0,0.013157894736842105,,,,,,,24133.0,16447.0,7686.0,0.4673192679516021,C:\Users\AVIV\gaba\gabay_pricing_core\special_unit_data_audit\sold_candidates.csv,C:\Users\AVIV\gaba\gabay_pricing_core\special_unit_data_audit\sold_candidates.csv,,
same_parcel,garden,הרב יוסף שרביט 7,"ש""י עגנון 169",,2025-12-29,2025-12-28,1,3.0,3.0,75.0,68.0,0.10294117647058823,,,,,,,24133.0,14412.0,9721.0,0.6745073549819595,C:\Users\AVIV\gaba\gabay_pricing_core\special_unit_data_audit\sold_candidates.csv,C:\Users\AVIV\gaba\gabay_pricing_core\special_unit_data_audit\sold_candidates.csv,,
same_parcel,garden,הרב יוסף שרביט 7,דרך הים 38,,2025-12-29,2025-12-28,1,3.0,3.0,75.0,80.0,0.0625,,,,,,,24133.0,19875.0,4258.0,0.21423899371069183,C:\Users\AVIV\gaba\gabay_pricing_core\special_unit_data_audit\sold_candidates.csv,C:\Users\AVIV\gaba\gabay_pricing_core\special_unit_data_audit\sold_candidates.csv,,
same_parcel,garden,הרב יוסף שרביט 7,ההסתדרות 41,,2025-12-29,2025-12-26,3,3.0,3.0,75.0,75.0,0.0,,,,,,,24133.0,12933.0,11200.0,0.8660017010747699,C:\Users\AVIV\gaba\gabay_pricing_core\special_unit_data_audit\sold_candidates.csv,C:\Users\AVIV\gaba\gabay_pricing_core\special_unit_data_audit\sold_candidates.csv,,
same_parcel,garden,הרב יוסף שרביט 7,צדק 9,,2025-12-29,2025-12-25,4,3.0,3.0,75.0,70.0,0.07142857142857142,,,,,,,24133.0,26857.0,-2724.0,-0.10142607141527349,C:\Users\AVIV\gaba\gabay_pricing_core\special_unit_data_audit\sold_candidates.csv,C:\Users\AVIV\gaba\gabay_pricing_core\special_unit_data_audit\sold_candidates.csv,,
same_parcel,garden,הרב יוסף שרביט 7,בן גוריון 30,,2025-12-29,2025-12-25,4,3.0,3.0,75.0,59.0,0.2711864406779661,,,,,,,24133.0,25424.0,-1291.0,-0.05077879169288861,C:\Users\AVIV\gaba\gabay_pricing_core\special_unit_data_audit\sold_candidates.csv,C:\Users\AVIV\gaba\gabay_pricing_core\special_unit_data_audit\sold_candidates.csv,,
same_parcel,garden,הרב יוסף שרביט 7,האשוח 26,,2025-12-29,2025-12-25,4,3.0,3.0,75.0,60.0,0.25,,,,,,,24133.0,63833.0,-39700.0,-0.6219353625867498,C:\Users\AVIV\gaba\gabay_pricing_core\special_unit_data_audit\sold_candidates.csv,C:\Users\AVIV\gaba\gabay_pricing_core\special_unit_data_audit\sold_candidates.csv,,
same_parcel,garden,הרב יוסף שרביט 7,משה יוליש 4,,2025-12-29,2025-12-24,5,3.0,3.0,75.0,66.0,0.13636363636363635,,,,,,,24133.0,13939.0,10194.0,0.7313293636559294,C:\Users\AVIV\gaba\gabay_pricing_core\special_unit_data_audit\sold_candidates.csv,C:\Users\AVIV\gaba\gabay_pricing_core\special_unit_data_audit\sold_candidates.csv,,
same_parcel,garden,הרב יוסף שרביט 7,מגידו 5,,2025-12-29,2025-12-24,5,3.0,3.0,75.0,74.0,0.013513513513513514,,,,,,,24133.0,19257.0,4876.0,0.25320662616191514,C:\Users\AVIV\gaba\gabay_pricing_core\special_unit_data_audit\sold_candidates.csv,C:\Users\AVIV\gaba\gabay_pricing_core\special_unit_data_audit\sold_candidates.csv,,
same_parcel,garden,הרב יוסף שרביט 7,,,2025-12-29,2025-12-22,7,3.0,3.0,75.0,69.0,0.08695652173913043,,,,,,,24133.0,17536.0,6597.0,0.37619753649635035,C:\Users\AVIV\gaba\gabay_pricing_core\special_unit_data_audit\sold_candidates.csv,C:\Users\AVIV\gaba\gabay_pricing_core\special_unit_data_audit\sold_candidates.csv,,
same_parcel,garden,הרב יוסף שרביט 7,העונות 2,,2025-12-29,2025-12-22,7,3.0,3.0,75.0,67.0,0.11940298507462686,,,,,,,24133.0,19925.0,4208.0,0.21119196988707653,C:\Users\AVIV\gaba\gabay_pricing_core\special_unit_data_audit\sold_candidates.csv,C:\Users\AVIV\gaba\gabay_pricing_core\special_unit_data_audit\sold_candidates.csv,,
same_parcel,garden,הרב יוסף שרביט 7,הנשיא 91,,2025-12-29,2025-12-22,7,3.0,3.0,75.0,65.0,0.15384615384615385,,,,,,,24133.0,16846.0,7287.0,0.4325655942063398,C:\Users\AVIV\gaba\gabay_pricing_core\special_unit_data_audit\sold_candidates.csv,C:\Users\AVIV\gaba\gabay_pricing_core\special_unit_data_audit\sold_candidates.csv,,
same_parcel,garden,הרב יוסף שרביט 7,דרך הים 31,,2025-12-29,2025-12-22,7,3.0,3.0,75.0,79.0,0.05063291139240506,,,,,,,24133.0,10089.0,14044.0,1.392011101199326,C:\Users\AVIV\gaba\gabay_pricing_core\special_unit_data_audit\sold_candidates.csv,C:\Users\AVIV\gaba\gabay_pricing_core\special_unit_data_audit\sold_candidates.csv,,
same_parcel,garden,הרב יוסף שרביט 7,דרך הים 31,,2025-12-29,2025-12-21,8,3.0,3.0,75.0,79.0,0.05063291139240506,,,,,,,24133.0,10090.0,14043.0,1.3917740336967295,C:\Users\AVIV\gaba\gabay_pricing_core\special_unit_data_audit\sold_candidates.csv,C:\Users\AVIV\gaba\gabay_pricing_core\special_unit_data_audit\sold_candidates.csv,,
same_parcel,garden,הרב יוסף שרביט 7,הגולן 21,,2025-12-29,2025-12-17,12,3.0,3.0,75.0,64.0,0.171875,,,,,,,24133.0,15172.0,8961.0,0.590627471658318,C:\Users\AVIV\gaba\gabay_pricing_core\special_unit_data_audit\sold_candidates.csv,C:\Users\AVIV\gaba\gabay_pricing_core\special_unit_data_audit\sold_candidates.csv,,
same_parcel,garden,הרב יוסף שרביט 7,שפירא 1,,2025-12-29,2025-12-14,15,3.0,3.0,75.0,61.0,0.22950819672131148,,,,,,,24133.0,16311.0,7822.0,0.4795536754337564,C:\Users\AVIV\gaba\gabay_pricing_core\special_unit_data_audit\sold_candidates.csv,C:\Users\AVIV\gaba\gabay_pricing_core\special_unit_data_audit\sold_candidates.csv,,
same_parcel,garden,הרב יוסף שרביט 7,אריה 14,,2025-12-29,2025-12-14,15,3.0,3.0,75.0,68.0,0.10294117647058823,,,,,,,24133.0,15147.0,8986.0,0.5932527893312207,C:\Users\AVIV\gaba\gabay_pricing_core\special_unit_data_audit\sold_candidates.csv,C:\Users\AVIV\gaba\gabay_pricing_core\special_unit_data_audit\sold_candidates.csv,,
same_parcel,garden,הרב יוסף שרביט 7,דרך הים 31,,2025-12-29,2025-12-14,15,3.0,3.0,75.0,79.0,0.05063291139240506,,,,,,,24133.0,10025.0,14108.0,1.407281795511222,C:\Users\AVIV\gaba\gabay_pricing_core\special_unit_data_audit\sold_candidates.csv,C:\Users\AVIV\gaba\gabay_pricing_core\special_unit_data_audit\sold_candidates.csv,,
same_parcel,garden,הרב יוסף שרביט 7,דרך הים 31,,2025-12-29,2025-12-13,16,3.0,3.0,75.0,79.0,0.05063291139240506,,,,,,,24133.0,10037.0,14096.0,1.4044037062867392,C:\Users\AVIV\gaba\gabay_pricing_core\special_unit_data_audit\sold_candidates.csv,C:\Users\AVIV\gaba\gabay_pricing_core\special_unit_data_audit\sold_candidates.csv,,
same_parcel,garden,הרב יוסף שרביט 7,אליעזר בן יהודה 2,,2025-12-29,2025-12-12,17,3.0,3.0,75.0,68.0,0.10294117647058823,,,,,,,24133.0,18456.0,5677.0,0.30759644560034677,C:\Users\AVIV\gaba\gabay_pricing_core\special_unit_data_audit\sold_candidates.csv,C:\Users\AVIV\gaba\gabay_pricing_core\special_unit_data_audit\sold_candidates.csv,,
same_parcel,garden,הרב יוסף שרביט 7,"ביל""ו 1",,2025-12-29,2025-12-11,18,3.0,3.0,75.0,58.0,0.29310344827586204,,,,,,,24133.0,19569.0,4564.0,0.2332260207471,C:\Users\AVIV\gaba\gabay_pricing_core\special_unit_data_audit\sold_candidates.csv,C:\Users\AVIV\gaba\gabay_pricing_core\special_unit_data_audit\sold_candidates.csv,,
same_parcel,garden,הרב יוסף שרביט 7,ביאליק 286,,2025-12-29,2025-12-10,19,3.0,3.0,75.0,73.0,0.0273972602739726,,,,,,,24133.0,11781.0,12352.0,1.0484678719972838,C:\Users\AVIV\gaba\gabay_pricing_core\special_unit_data_audit\sold_candidates.csv,C:\Users\AVIV\gaba\gabay_pricing_core\special_unit_data_audit\sold_candidates.csv,,
same_parcel,garden,הרב יוסף שרביט 7,עולי הגרדום 9,,2025-12-29,2025-12-10,19,3.0,3.0,75.0,69.0,0.08695652173913043,,,,,,,24133.0,17391.0,6742.0,0.3876717842562245,C:\Users\AVIV\gaba\gabay_pricing_core\special_unit_data_audit\sold_candidates.csv,C:\Users\AVIV\gaba\gabay_pricing_core\special_unit_data_audit\sold_candidates.csv,,
same_parcel,garden,הרב יוסף שרביט 7,טשרניחובסקי 4,,2025-12-29,2025-12-09,20,3.0,3.0,75.0,71.0,0.056338028169014086,,,,,,,24133.0,12676.0,11457.0,0.9038340170400757,C:\Users\AVIV\gaba\gabay_pricing_core\special_unit_data_audit\sold_candidates.csv,C:\Users\AVIV\gaba\gabay_pricing_core\special_unit_data_audit\sold_candidates.csv,,
same_parcel,garden,הרב יוסף שרביט 7,"ש""י עגנון 2",,2025-12-29,2025-12-09,20,3.0,3.0,75.0,70.0,0.07142857142857142,,,,,,,24133.0,14286.0,9847.0,0.6892762144757105,C:\Users\AVIV\gaba\gabay_pricing_core\special_unit_data_audit\sold_candidates.csv,C:\Users\AVIV\gaba\gabay_pricing_core\special_unit_data_audit\sold_candidates.csv,,
same_parcel,garden,הרב יוסף שרביט 7,עולי הגרדום 10,,2025-12-29,2025-12-09,20,3.0,3.0,75.0,62.0,0.20967741935483872,,,,,,,24133.0,23871.0,262.0,0.010975660843701563,C:\Users\AVIV\gaba\gabay_pricing_core\special_unit_data_audit\sold_candidates.csv,C:\Users\AVIV\gaba\gabay_pricing_core\special_unit_data_audit\sold_candidates.csv,,
same_parcel,garden,הרב יוסף שרביט 7,בנימין 12,,2025-12-29,2025-12-09,20,3.0,3.0,75.0,79.0,0.05063291139240506,,,,,,,24133.0,15949.0,8184.0,0.5131356197880745,C:\Users\AVIV\gaba\gabay_pricing_core\special_unit_data_audit\sold_candidates.csv,C:\Users\AVIV\gaba\gabay_pricing_core\special_unit_data_audit\sold_candidates.csv,,
same_parcel,garden,הרב יוסף שרביט 7,שפירא 16,,2025-12-29,2025-12-08,21,3.0,3.0,75.0,69.0,0.08695652173913043,,,,,,,24133.0,15217.0,8916.0,0.5859236380364067,C:\Users\AVIV\gaba\gabay_pricing_core\special_unit_data_audit\sold_candidates.csv,C:\Users\AVIV\gaba\gabay_pricing_core\special_unit_data_audit\sold_candidates.csv,,
same_parcel,garden,הרב יוסף שרביט 7,שפיה 15,,2025-12-29,2025-12-08,21,3.0,3.0,75.0,75.0,0.0,,,,,,,24133.0,20800.0,3333.0,0.16024038461538462,C:\Users\AVIV\gaba\gabay_pricing_core\special_unit_data_audit\sold_candidates.csv,C:\Users\AVIV\gaba\gabay_pricing_core\special_unit_data_audit\sold_candidates.csv,,
same_parcel,garden,הרב יוסף שרביט 7,התלמוד 5,,2025-12-29,2025-12-07,22,3.0,3.0,75.0,72.0,0.041666666666666664,,2.0,,,,,24133.0,15278.0,8855.0,0.5795915695771698,C:\Users\AVIV\gaba\gabay_pricing_core\special_unit_data_audit\sold_candidates.csv,C:\Users\AVIV\gaba\gabay_pricing_core\special_unit_data_audit\sold_candidates.csv,,
same_parcel,garden,הרב יוסף שרביט 7,בר כוכבא 33,,2025-12-29,2025-12-07,22,3.0,3.0,75.0,69.0,0.08695652173913043,,,,,,,24133.0,16884.0,7249.0,0.42934138829661217,C:\Users\AVIV\gaba\gabay_pricing_core\special_unit_data_audit\sold_candidates.csv,C:\Users\AVIV\gaba\gabay_pricing_core\special_unit_data_audit\sold_candidates.csv,,
same_parcel,garden,הרב יוסף שרביט 7,נווה שלום 17,,2025-12-29,2025-12-07,22,3.0,3.0,75.0,67.0,0.11940298507462686,,,,,,,24133.0,17313.0,6820.0,0.39392364119447815,C:\Users\AVIV\gaba\gabay_pricing_core\special_unit_data_audit\sold_candidates.csv,C:\Users\AVIV\gaba\gabay_pricing_core\special_unit_data_audit\sold_candidates.csv,,
same_parcel,garden,הרב יוסף שרביט 7,שפירא 74,,2025-12-29,2025-12-07,22,3.0,3.0,75.0,73.0,0.0273972602739726,,,,,,,24133.0,14384.0,9749.0,0.6777669632925473,C:\Users\AVIV\gaba\gabay_pricing_core\special_unit_data_audit\sold_candidates.csv,C:\Users\AVIV\gaba\gabay_pricing_core\special_unit_data_audit\sold_candidates.csv,,
same_parcel,garden,הרב יוסף שרביט 7,"ביל""ו 1",,2025-12-29,2025-12-07,22,3.0,3.0,75.0,58.0,0.29310344827586204,,,,,,,24133.0,18276.0,5857.0,0.320474939811775,C:\Users\AVIV\gaba\gabay_pricing_core\special_unit_data_audit\sold_candidates.csv,C:\Users\AVIV\gaba\gabay_pricing_core\special_unit_data_audit\sold_candidates.csv,,
same_parcel,garden,הרב יוסף שרביט 7,מרדכי אנילביץ 438,,2025-12-29,2025-12-04,25,3.0,3.0,75.0,65.0,0.15384615384615385,,,,,,,24133.0,15231.0,8902.0,0.5844658919309303,C:\Users\AVIV\gaba\gabay_pricing_core\special_unit_data_audit\sold_candidates.csv,C:\Users\AVIV\gaba\gabay_pricing_core\special_unit_data_audit\sold_candidates.csv,,
same_parcel,garden,הרב יוסף שרביט 7,מונטיפיורי 18,,2025-12-29,2025-12-04,25,3.0,3.0,75.0,59.0,0.2711864406779661,,,,,,,24133.0,20678.0,3455.0,0.16708579166263662,C:\Users\AVIV\gaba\gabay_pricing_core\special_unit_data_audit\sold_candidates.csv,C:\Users\AVIV\gaba\gabay_pricing_core\special_unit_data_audit\sold_candidates.csv,,
same_parcel,garden,הרב יוסף שרביט 7,,,2025-12-29,2025-12-02,27,3.0,3.0,75.0,80.0,0.0625,,,,,,,24133.0,19625.0,4508.0,0.22970700636942676,C:\Users\AVIV\gaba\gabay_pricing_core\special_unit_data_audit\sold_candidates.csv,C:\Users\AVIV\gaba\gabay_pricing_core\special_unit_data_audit\sold_candidates.csv,,
same_parcel,garden,הרב יוסף שרביט 7,"ביל""ו 5",,2025-12-29,2025-12-02,27,3.0,3.0,75.0,67.0,0.11940298507462686,,,,,,,24133.0,14030.0,10103.0,0.7200997861724875,C:\Users\AVIV\gaba\gabay_pricing_core\special_unit_data_audit\sold_candidates.csv,C:\Users\AVIV\gaba\gabay_pricing_core\special_unit_data_audit\sold_candidates.csv,,
same_parcel,garden,הרב יוסף שרביט 7,קדש 6,,2025-12-29,2025-12-02,27,3.0,3.0,75.0,76.0,0.013157894736842105,,,,,,,24133.0,18947.0,5186.0,0.27371087771151104,C:\Users\AVIV\gaba\gabay_pricing_core\special_unit_data_audit\sold_candidates.csv,C:\Users\AVIV\gaba\gabay_pricing_core\special_unit_data_audit\sold_candidates.csv,,
same_parcel,garden,הרב יוסף שרביט 7,דרום אפריקה 6,,2025-12-29,2025-11-30,29,3.0,3.0,75.0,68.0,0.10294117647058823,,,,,,,24133.0,16838.0,7295.0,0.43324622876826224,C:\Users\AVIV\gaba\gabay_pricing_core\special_unit_data_audit\sold_candidates.csv,C:\Users\AVIV\gaba\gabay_pricing_core\special_unit_data_audit\sold_candidates.csv,,
same_parcel,garden,הרב יוסף שרביט 7,הרב הרצוג 2,,2025-12-29,2025-11-30,29,3.0,3.0,75.0,76.0,0.013157894736842105,,,,,,,24133.0,13684.0,10449.0,0.7635925168079509,C:\Users\AVIV\gaba\gabay_pricing_core\special_unit_data_audit\sold_candidates.csv,C:\Users\AVIV\gaba\gabay_pricing_core\special_unit_data_audit\sold_candidates.csv,,
same_parcel,garden,הרב יוסף שרביט 7,דרך הים 31,,2025-12-29,2025-11-27,32,3.0,3.0,75.0,79.0,0.05063291139240506,,,,,,,24133.0,10013.0,14120.0,1.4101667831818636,C:\Users\AVIV\gaba\gabay_pricing_core\special_unit_data_audit\sold_candidates.csv,C:\Users\AVIV\gaba\gabay_pricing_core\special_unit_data_audit\sold_candidates.csv,,
same_parcel,garden,הרב יוסף שרביט 7,"רמב""ם 12",,2025-12-29,2025-11-26,33,3.0,3.0,75.0,70.0,0.07142857142857142,,,,,,,24133.0,14286.0,9847.0,0.6892762144757105,C:\Users\AVIV\gaba\gabay_pricing_core\special_unit_data_audit\sold_candidates.csv,C:\Users\AVIV\gaba\gabay_pricing_core\special_unit_data_audit\sold_candidates.csv,,
same_parcel,garden,הרב יוסף שרביט 7,ההסתדרות 716,,2025-12-29,2025-11-26,33,3.0,3.0,75.0,60.0,0.25,,,,,,,24133.0,15833.0,8300.0,0.5242215625592118,C:\Users\AVIV\gaba\gabay_pricing_core\special_unit_data_audit\sold_candidates.csv,C:\Users\AVIV\gaba\gabay_pricing_core\special_unit_data_audit\sold_candidates.csv,,
same_parcel,garden,הרב יוסף שרביט 7,דרך הים 31,,2025-12-29,2025-11-26,33,3.0,3.0,75.0,79.0,0.05063291139240506,,,,,,,24133.0,10018.0,14115.0,1.4089638650429228,C:\Users\AVIV\gaba\gabay_pricing_core\special_unit_data_audit\sold_candidates.csv,C:\Users\AVIV\gaba\gabay_pricing_core\special_unit_data_audit\sold_candidates.csv,,
same_parcel,garden,הרב יוסף שרביט 7,פקיעין 9,,2025-12-29,2025-11-26,33,3.0,3.0,75.0,64.0,0.171875,,,,,,,24133.0,21797.0,2336.0,0.10717071156581182,C:\Users\AVIV\gaba\gabay_pricing_core\special_unit_data_audit\sold_candidates.csv,C:\Users\AVIV\gaba\gabay_pricing_core\special_unit_data_audit\sold_candidates.csv,,
same_parcel,garden,הרב יוסף שרביט 7,לביאה 4,,2025-12-29,2025-11-25,34,3.0,3.0,75.0,78.0,0.038461538461538464,,,,,,,24133.0,13359.0,10774.0,0.80649749232727,C:\Users\AVIV\gaba\gabay_pricing_core\special_unit_data_audit\sold_candidates.csv,C:\Users\AVIV\gaba\gabay_pricing_core\special_unit_data_audit\sold_candidates.csv,,
same_parcel,garden,הרב יוסף שרביט 7,מונטיפיורי 20,,2025-12-29,2025-11-25,34,3.0,3.0,75.0,59.0,0.2711864406779661,,,,,,,24133.0,18644.0,5489.0,0.2944110705857112,C:\Users\AVIV\gaba\gabay_pricing_core\special_unit_data_audit\sold_candidates.csv,C:\Users\AVIV\gaba\gabay_pricing_core\special_unit_data_audit\sold_candidates.csv,,
same_parcel,garden,הרב יוסף שרביט 7,ארגמן 6,,2025-12-29,2025-11-25,34,3.0,3.0,75.0,80.0,0.0625,,,,,,,24133.0,9563.0,14570.0,1.5235804663808428,C:\Users\AVIV\gaba\gabay_pricing_core\special_unit_data_audit\sold_candidates.csv,C:\Users\AVIV\gaba\gabay_pricing_core\special_unit_data_audit\sold_candidates.csv,,
same_parcel,garden,הרב יוסף שרביט 7,בן גוריון 32,,2025-12-29,2025-11-25,34,3.0,3.0,75.0,71.0,0.056338028169014086,,,,,,,24133.0,15986.0,8147.0,0.5096334292505943,C:\Users\AVIV\gaba\gabay_pricing_core\special_unit_data_audit\sold_candidates.csv,C:\Users\AVIV\gaba\gabay_pricing_core\special_unit_data_audit\sold_candidates.csv,,
same_parcel,garden,הרב יוסף שרביט 7,סיוון 8,,2025-12-29,2025-11-24,35,3.0,3.0,75.0,71.0,0.056338028169014086,,,,,,,24133.0,13380.0,10753.0,0.8036621823617339,C:\Users\AVIV\gaba\gabay_pricing_core\special_unit_data_audit\sold_candidates.csv,C:\Users\AVIV\gaba\gabay_pricing_core\special_unit_data_audit\sold_candidates.csv,,
same_parcel,garden,הרב יוסף שרביט 7,דרך הים 31,,2025-12-29,2025-11-24,35,3.0,3.0,75.0,80.0,0.0625,,,,,,,24133.0,10088.0,14045.0,1.3922482157018239,C:\Users\AVIV\gaba\gabay_pricing_core\special_unit_data_audit\sold_candidates.csv,C:\Users\AVIV\gaba\gabay_pricing_core\special_unit_data_audit\sold_candidates.csv,,
same_parcel,garden,הרב יוסף שרביט 7,דרך הים 31,,2025-12-29,2025-11-24,35,3.0,3.0,75.0,79.0,0.05063291139240506,,,,,,,24133.0,10000.0,14133.0,1.4133,C:\Users\AVIV\gaba\gabay_pricing_core\special_unit_data_audit\sold_candidates.csv,C:\Users\AVIV\gaba\gabay_pricing_core\special_unit_data_audit\sold_candidates.csv,,
same_parcel,garden,הרב יוסף שרביט 7,דרך הים 31,,2025-12-29,2025-11-23,36,3.0,3.0,75.0,80.0,0.0625,,,,,,,24133.0,10099.0,14034.0,1.3896425388652343,C:\Users\AVIV\gaba\gabay_pricing_core\special_unit_data_audit\sold_candidates.csv,C:\Users\AVIV\gaba\gabay_pricing_core\special_unit_data_audit\sold_candidates.csv,,
same_parcel,garden,הרב יוסף שרביט 7,יפה נוף 29,,2025-12-29,2025-11-23,36,3.0,3.0,75.0,56.0,0.3392857142857143,,,,,,,24133.0,14286.0,9847.0,0.6892762144757105,C:\Users\AVIV\gaba\gabay_pricing_core\special_unit_data_audit\sold_candidates.csv,C:\Users\AVIV\gaba\gabay_pricing_core\special_unit_data_audit\sold_candidates.csv,,
same_parcel,garden,הרב יוסף שרביט 7,דרך הים 31,,2025-12-29,2025-11-23,36,3.0,3.0,75.0,79.0,0.05063291139240506,,,,,,,24133.0,10012.0,14121.0,1.4104075109868157,C:\Users\AVIV\gaba\gabay_pricing_core\special_unit_data_audit\sold_candidates.csv,C:\Users\AVIV\gaba\gabay_pricing_core\special_unit_data_audit\sold_candidates.csv,,
same_parcel,garden,הרב יוסף שרביט 7,הבשן 21,,2025-12-29,2025-11-20,39,3.0,3.0,75.0,80.0,0.0625,,,,,,,24133.0,23125.0,1008.0,0.04358918918918919,C:\Users\AVIV\gaba\gabay_pricing_core\special_unit_data_audit\sold_candidates.csv,C:\Users\AVIV\gaba\gabay_pricing_core\special_unit_data_audit\sold_candidates.csv,,
same_parcel,garden,הרב יוסף שרביט 7,שפיה 17,,2025-12-29,2025-11-18,41,3.0,3.0,75.0,75.0,0.0,,,,,,,24133.0,20000.0,4133.0,0.20665,C:\Users\AVIV\gaba\gabay_pricing_core\special_unit_data_audit\sold_candidates.csv,C:\Users\AVIV\gaba\gabay_pricing_core\special_unit_data_audit\sold_candidates.csv,,
same_parcel,garden,הרב יוסף שרביט 7,שפירא 13,,2025-12-29,2025-11-18,41,3.0,3.0,75.0,61.0,0.22950819672131148,,,,,,,24133.0,13607.0,10526.0,0.7735724259572279,C:\Users\AVIV\gaba\gabay_pricing_core\special_unit_data_audit\sold_candidates.csv,C:\Users\AVIV\gaba\gabay_pricing_core\special_unit_data_audit\sold_candidates.csv,,
same_parcel,garden,הרב יוסף שרביט 7,דרך הים 31,,2025-12-29,2025-11-17,42,3.0,3.0,75.0,79.0,0.05063291139240506,,,,,,,24133.0,10013.0,14120.0,1.4101667831818636,C:\Users\AVIV\gaba\gabay_pricing_core\special_unit_data_audit\sold_candidates.csv,C:\Users\AVIV\gaba\gabay_pricing_core\special_unit_data_audit\sold_candidates.csv,,
same_parcel,garden,הרב יוסף שרביט 7,אלי כהן 44,,2025-12-29,2025-11-17,42,3.0,3.0,75.0,69.0,0.08695652173913043,,,,,,,24133.0,15217.0,8916.0,0.5859236380364067,C:\Users\AVIV\gaba\gabay_pricing_core\special_unit_data_audit\sold_candidates.csv,C:\Users\AVIV\gaba\gabay_pricing_core\special_unit_data_audit\sold_candidates.csv,,
same_parcel,garden,הרב יוסף שרביט 7,דרך הים 31,,2025-12-29,2025-11-16,43,3.0,3.0,75.0,79.0,0.05063291139240506,,,,,,,24133.0,10017.0,14116.0,1.409204352600579,C:\Users\AVIV\gaba\gabay_pricing_core\special_unit_data_audit\sold_candidates.csv,C:\Users\AVIV\gaba\gabay_pricing_core\special_unit_data_audit\sold_candidates.csv,,
same_parcel,garden,הרב יוסף שרביט 7,דרך הים 31,,2025-12-29,2025-11-16,43,3.0,3.0,75.0,79.0,0.05063291139240506,,,,,,,24133.0,23544.0,589.0,0.02501698946653075,C:\Users\AVIV\gaba\gabay_pricing_core\special_unit_data_audit\sold_candidates.csv,C:\Users\AVIV\gaba\gabay_pricing_core\special_unit_data_audit\sold_candidates.csv,,
same_parcel,garden,הרב יוסף שרביט 7,דרך הים 31,,2025-12-29,2025-11-15,44,3.0,3.0,75.0,79.0,0.05063291139240506,,,,,,,24133.0,23544.0,589.0,0.02501698946653075,C:\Users\AVIV\gaba\gabay_pricing_core\special_unit_data_audit\sold_candidates.csv,C:\Users\AVIV\gaba\gabay_pricing_core\special_unit_data_audit\sold_candidates.csv,,
same_parcel,garden,הרב יוסף שרביט 7,אריה 12,,2025-12-29,2025-11-13,46,3.0,3.0,75.0,74.0,0.013513513513513514,,,,,,,24133.0,14865.0,9268.0,0.6234779683821056,C:\Users\AVIV\gaba\gabay_pricing_core\special_unit_data_audit\sold_candidates.csv,C:\Users\AVIV\gaba\gabay_pricing_core\special_unit_data_audit\sold_candidates.csv,,
same_parcel,garden,הרב יוסף שרביט 7,שפיה 15,,2025-12-29,2025-11-12,47,3.0,3.0,75.0,75.0,0.0,,,,,,,24133.0,20000.0,4133.0,0.20665,C:\Users\AVIV\gaba\gabay_pricing_core\special_unit_data_audit\sold_candidates.csv,C:\Users\AVIV\gaba\gabay_pricing_core\special_unit_data_audit\sold_candidates.csv,,
same_parcel,garden,הרב יוסף שרביט 7,עולי הגרדום 36,,2025-12-29,2025-11-12,47,3.0,3.0,75.0,62.0,0.20967741935483872,,,,,,,24133.0,20161.0,3972.0,0.19701403700213282,C:\Users\AVIV\gaba\gabay_pricing_core\special_unit_data_audit\sold_candidates.csv,C:\Users\AVIV\gaba\gabay_pricing_core\special_unit_data_audit\sold_candidates.csv,,
same_parcel,garden,הרב יוסף שרביט 7,שפיה 15,,2025-12-29,2025-11-11,48,3.0,3.0,75.0,76.0,0.013157894736842105,,,,,,,24133.0,19737.0,4396.0,0.22272888483558798,C:\Users\AVIV\gaba\gabay_pricing_core\special_unit_data_audit\sold_candidates.csv,C:\Users\AVIV\gaba\gabay_pricing_core\special_unit_data_audit\sold_candidates.csv,,
same_parcel,garden,הרב יוסף שרביט 7,שפירא 3,,2025-12-29,2025-11-11,48,3.0,3.0,75.0,61.0,0.22950819672131148,,,,,,,24133.0,15574.0,8559.0,0.5495697958135354,C:\Users\AVIV\gaba\gabay_pricing_core\special_unit_data_audit\sold_candidates.csv,C:\Users\AVIV\gaba\gabay_pricing_core\special_unit_data_audit\sold_candidates.csv,,
same_parcel,garden,הרב יוסף שרביט 7,העונות 2,,2025-12-29,2025-11-11,48,3.0,3.0,75.0,67.0,0.11940298507462686,,,,,,,24133.0,19552.0,4581.0,0.23429828150572832,C:\Users\AVIV\gaba\gabay_pricing_core\special_unit_data_audit\sold_candidates.csv,C:\Users\AVIV\gaba\gabay_pricing_core\special_unit_data_audit\sold_candidates.csv,,
same_parcel,garden,הרב יוסף שרביט 7,הצופים 3,,2025-12-29,2025-11-10,49,3.0,3.0,75.0,68.0,0.10294117647058823,,,,,,,24133.0,18529.0,5604.0,0.30244481623401154,C:\Users\AVIV\gaba\gabay_pricing_core\special_unit_data_audit\sold_candidates.csv,C:\Users\AVIV\gaba\gabay_pricing_core\special_unit_data_audit\sold_candidates.csv,,
same_parcel,garden,הרב יוסף שרביט 7,דרך ארץ 23,,2025-12-29,2025-11-09,50,3.0,3.0,75.0,80.0,0.0625,,,,,,,24133.0,18750.0,5383.0,0.2870933333333333,C:\Users\AVIV\gaba\gabay_pricing_core\special_unit_data_audit\sold_candidates.csv,C:\Users\AVIV\gaba\gabay_pricing_core\special_unit_data_audit\sold_candidates.csv,,
same_parcel,garden,הרב יוסף שרביט 7,דרך הים 31,,2025-12-29,2025-11-09,50,3.0,3.0,75.0,79.0,0.05063291139240506,,,,,,,24133.0,10000.0,14133.0,1.4133,C:\Users\AVIV\gaba\gabay_pricing_core\special_unit_data_audit\sold_candidates.csv,C:\Users\AVIV\gaba\gabay_pricing_core\special_unit_data_audit\sold_candidates.csv,,
same_parcel,garden,הרב יוסף שרביט 7,דרך הים 31,,2025-12-29,2025-11-08,51,3.0,3.0,75.0,79.0,0.05063291139240506,,,,,,,24133.0,10002.0,14131.0,1.4128174365126975,C:\Users\AVIV\gaba\gabay_pricing_core\special_unit_data_audit\sold_candidates.csv,C:\Users\AVIV\gaba\gabay_pricing_core\special_unit_data_audit\sold_candidates.csv,,
same_parcel,garden,הרב יוסף שרביט 7,,,2025-12-29,2025-11-05,54,3.0,3.0,75.0,61.0,0.22950819672131148,,,,,,,24133.0,13246.0,10887.0,0.8219085006794504,C:\Users\AVIV\gaba\gabay_pricing_core\special_unit_data_audit\sold_candidates.csv,C:\Users\AVIV\gaba\gabay_pricing_core\special_unit_data_audit\sold_candidates.csv,,
same_parcel,garden,הרב יוסף שרביט 7,,,2025-12-29,2025-11-05,54,3.0,3.0,75.0,68.0,0.10294117647058823,,,,,,,24133.0,16912.0,7221.0,0.4269749290444655,C:\Users\AVIV\gaba\gabay_pricing_core\special_unit_data_audit\sold_candidates.csv,C:\Users\AVIV\gaba\gabay_pricing_core\special_unit_data_audit\sold_candidates.csv,,
same_parcel,garden,הרב יוסף שרביט 7,ניצנים 5,,2025-12-29,2025-11-05,54,3.0,3.0,75.0,66.0,0.13636363636363635,,,,,,,24133.0,13939.0,10194.0,0.7313293636559294,C:\Users\AVIV\gaba\gabay_pricing_core\special_unit_data_audit\sold_candidates.csv,C:\Users\AVIV\gaba\gabay_pricing_core\special_unit_data_audit\sold_candidates.csv,,
same_parcel,garden,הרב יוסף שרביט 7,שפירא 19,,2025-12-29,2025-11-03,56,3.0,3.0,75.0,69.0,0.08695652173913043,,,,,,,24133.0,12609.0,11524.0,0.9139503529225157,C:\Users\AVIV\gaba\gabay_pricing_core\special_unit_data_audit\sold_candidates.csv,C:\Users\AVIV\gaba\gabay_pricing_core\special_unit_data_audit\sold_candidates.csv,,
same_parcel,garden,הרב יוסף שרביט 7,הסנה 308,,2025-12-29,2025-11-02,57,3.0,3.0,75.0,77.0,0.025974025974025976,,,,,,,24133.0,14286.0,9847.0,0.6892762144757105,C:\Users\AVIV\gaba\gabay_pricing_core\special_unit_data_audit\sold_candidates.csv,C:\Users\AVIV\gaba\gabay_pricing_core\special_unit_data_audit\sold_candidates.csv,,
same_parcel,garden,הרב יוסף שרביט 7,ההסתדרות 24,,2025-12-29,2025-10-30,60,3.0,3.0,75.0,79.0,0.05063291139240506,,,,,,,24133.0,13544.0,10589.0,0.7818222090962788,C:\Users\AVIV\gaba\gabay_pricing_core\special_unit_data_audit\sold_candidates.csv,C:\Users\AVIV\gaba\gabay_pricing_core\special_unit_data_audit\sold_candidates.csv,,
same_parcel,garden,הרב יוסף שרביט 7,עמיעוז 9,,2025-12-29,2025-10-30,60,3.0,3.0,75.0,73.0,0.0273972602739726,,,,,,,24133.0,16575.0,7558.0,0.45598793363499246,C:\Users\AVIV\gaba\gabay_pricing_core\special_unit_data_audit\sold_candidates.csv,C:\Users\AVIV\gaba\gabay_pricing_core\special_unit_data_audit\sold_candidates.csv,,
same_parcel,garden,הרב יוסף שרביט 7,שפירא 12,,2025-12-29,2025-10-29,61,3.0,3.0,75.0,69.0,0.08695652173913043,,,,,,,24133.0,15217.0,8916.0,0.5859236380364067,C:\Users\AVIV\gaba\gabay_pricing_core\special_unit_data_audit\sold_candidates.csv,C:\Users\AVIV\gaba\gabay_pricing_core\special_unit_data_audit\sold_candidates.csv,,
same_parcel,garden,הרב יוסף שרביט 7,אריה 10,,2025-12-29,2025-10-29,61,3.0,3.0,75.0,77.0,0.025974025974025976,,,,,,,24133.0,15195.0,8938.0,0.588219809147746,C:\Users\AVIV\gaba\gabay_pricing_core\special_unit_data_audit\sold_candidates.csv,C:\Users\AVIV\gaba\gabay_pricing_core\special_unit_data_audit\sold_candidates.csv,,
same_parcel,garden,הרב יוסף שרביט 7,עולי הגרדום 11,,2025-12-29,2025-10-28,62,3.0,3.0,75.0,63.0,0.19047619047619047,,,,,,,24133.0,15873.0,8260.0,0.5203805203805204,C:\Users\AVIV\gaba\gabay_pricing_core\special_unit_data_audit\sold_candidates.csv,C:\Users\AVIV\gaba\gabay_pricing_core\special_unit_data_audit\sold_candidates.csv,,
same_parcel,garden,הרב יוסף שרביט 7,עולי הגרדום 28,,2025-12-29,2025-10-28,62,3.0,3.0,75.0,68.0,0.10294117647058823,,,,,,,24133.0,21691.0,2442.0,0.11258125489834493,C:\Users\AVIV\gaba\gabay_pricing_core\special_unit_data_audit\sold_candidates.csv,C:\Users\AVIV\gaba\gabay_pricing_core\special_unit_data_audit\sold_candidates.csv,,
same_parcel,garden,הרב יוסף שרביט 7,שפירא 16,,2025-12-29,2025-10-27,63,3.0,3.0,75.0,70.0,0.07142857142857142,,,,,,,24133.0,14929.0,9204.0,0.6165181860807823,C:\Users\AVIV\gaba\gabay_pricing_core\special_unit_data_audit\sold_candidates.csv,C:\Users\AVIV\gaba\gabay_pricing_core\special_unit_data_audit\sold_candidates.csv,,
same_parcel,garden,הרב יוסף שרביט 7,בן גוריון 32,,2025-12-29,2025-10-27,63,3.0,3.0,75.0,62.0,0.20967741935483872,,,,,,,24133.0,15726.0,8407.0,0.5345923947602697,C:\Users\AVIV\gaba\gabay_pricing_core\special_unit_data_audit\sold_candidates.csv,C:\Users\AVIV\gaba\gabay_pricing_core\special_unit_data_audit\sold_candidates.csv,,
same_parcel,garden,הרב יוסף שרביט 7,אריה תגר 17,,2025-12-29,2025-10-27,63,3.0,3.0,75.0,79.0,0.05063291139240506,,,,,,,24133.0,23038.0,1095.0,0.04753016754926643,C:\Users\AVIV\gaba\gabay_pricing_core\special_unit_data_audit\sold_candidates.csv,C:\Users\AVIV\gaba\gabay_pricing_core\special_unit_data_audit\sold_candidates.csv,,
same_parcel,garden,הרב יוסף שרביט 7,דרך הים 31,,2025-12-29,2025-10-27,63,3.0,3.0,75.0,80.0,0.0625,,,,,,,24133.0,10063.0,14070.0,1.3981913942164363,C:\Users\AVIV\gaba\gabay_pricing_core\special_unit_data_audit\sold_candidates.csv,C:\Users\AVIV\gaba\gabay_pricing_core\special_unit_data_audit\sold_candidates.csv,,
same_parcel,garden,הרב יוסף שרביט 7,דרך הים 31,,2025-12-29,2025-10-27,63,3.0,3.0,75.0,79.0,0.05063291139240506,,,,,,,24133.0,10000.0,14133.0,1.4133,C:\Users\AVIV\gaba\gabay_pricing_core\special_unit_data_audit\sold_candidates.csv,C:\Users\AVIV\gaba\gabay_pricing_core\special_unit_data_audit\sold_candidates.csv,,
same_parcel,garden,הרב יוסף שרביט 7,דרך הים 31,,2025-12-29,2025-10-26,64,3.0,3.0,75.0,80.0,0.0625,,,,,,,24133.0,10066.0,14067.0,1.3974766540830519,C:\Users\AVIV\gaba\gabay_pricing_core\special_unit_data_audit\sold_candidates.csv,C:\Users\AVIV\gaba\gabay_pricing_core\special_unit_data_audit\sold_candidates.csv,,
same_parcel,garden,הרב יוסף שרביט 7,דרך הים 31,,2025-12-29,2025-10-26,64,3.0,3.0,75.0,79.0,0.05063291139240506,,,,,,,24133.0,10020.0,14113.0,1.4084830339321357,C:\Users\AVIV\gaba\gabay_pricing_core\special_unit_data_audit\sold_candidates.csv,C:\Users\AVIV\gaba\gabay_pricing_core\special_unit_data_audit\sold_candidates.csv,,
same_parcel,garden,הרב יוסף שרביט 7,בני עקיבא 6,,2025-12-29,2025-10-23,67,3.0,3.0,75.0,79.0,0.05063291139240506,,,,,,,24133.0,13038.0,11095.0,0.8509740757784936,C:\Users\AVIV\gaba\gabay_pricing_core\special_unit_data_audit\sold_candidates.csv,C:\Users\AVIV\gaba\gabay_pricing_core\special_unit_data_audit\sold_candidates.csv,,
same_parcel,garden,הרב יוסף שרביט 7,,,2025-12-29,2025-10-21,69,3.0,3.0,75.0,75.0,0.0,,,,,,,24133.0,16000.0,8133.0,0.5083125,C:\Users\AVIV\gaba\gabay_pricing_core\special_unit_data_audit\sold_candidates.csv,C:\Users\AVIV\gaba\gabay_pricing_core\special_unit_data_audit\sold_candidates.csv,,
same_parcel,garden,הרב יוסף שרביט 7,יוספטל 22,,2025-12-29,2025-10-19,71,3.0,3.0,75.0,58.0,0.29310344827586204,,,,,,,24133.0,12414.0,11719.0,0.9440148219751893,C:\Users\AVIV\gaba\gabay_pricing_core\special_unit_data_audit\sold_candidates.csv,C:\Users\AVIV\gaba\gabay_pricing_core\special_unit_data_audit\sold_candidates.csv,,
same_parcel,garden,הרב יוסף שרביט 7,"רמב""ם 28",,2025-12-29,2025-10-17,73,3.0,3.0,75.0,60.0,0.25,,2.0,,,,,24133.0,16667.0,7466.0,0.4479510409791804,C:\Users\AVIV\gaba\gabay_pricing_core\special_unit_data_audit\sold_candidates.csv,C:\Users\AVIV\gaba\gabay_pricing_core\special_unit_data_audit\sold_candidates.csv,,
same_parcel,garden,הרב יוסף שרביט 7,הנמל 3,,2025-12-29,2025-10-06,84,3.0,3.0,75.0,78.0,0.038461538461538464,,,,,,,24133.0,25321.0,-1188.0,-0.0469175782946961,C:\Users\AVIV\gaba\gabay_pricing_core\special_unit_data_audit\sold_candidates.csv,C:\Users\AVIV\gaba\gabay_pricing_core\special_unit_data_audit\sold_candidates.csv,,
same_parcel,garden,הרב יוסף שרביט 7,השקמה 29,,2025-12-29,2025-10-03,87,3.0,3.0,75.0,65.0,0.15384615384615385,,,,,,,24133.0,36923.0,-12790.0,-0.3463965549928229,C:\Users\AVIV\gaba\gabay_pricing_core\special_unit_data_audit\sold_candidates.csv,C:\Users\AVIV\gaba\gabay_pricing_core\special_unit_data_audit\sold_candidates.csv,,
same_parcel,garden,הרב יוסף שרביט 7,העונות 2,,2025-12-29,2025-10-03,87,3.0,3.0,75.0,68.0,0.10294117647058823,,,,,,,24133.0,20147.0,3986.0,0.19784583312652007,C:\Users\AVIV\gaba\gabay_pricing_core\special_unit_data_audit\sold_candidates.csv,C:\Users\AVIV\gaba\gabay_pricing_core\special_unit_data_audit\sold_candidates.csv,,
same_parcel,garden,הרב יוסף שרביט 7,יהודה הלוי 2,,2025-12-29,2025-10-01,89,3.0,3.0,75.0,67.0,0.11940298507462686,,,,,,,24133.0,17910.0,6223.0,0.3474595198213289,C:\Users\AVIV\gaba\gabay_pricing_core\special_unit_data_audit\sold_candidates.csv,C:\Users\AVIV\gaba\gabay_pricing_core\special_unit_data_audit\sold_candidates.csv,,
same_parcel,garden,הרב יוסף שרביט 7,מרדכי אנילביץ 435,,2025-12-29,2025-10-01,89,3.0,3.0,75.0,63.0,0.19047619047619047,,,,,,,24133.0,13254.0,10879.0,0.8208088124339822,C:\Users\AVIV\gaba\gabay_pricing_core\special_unit_data_audit\sold_candidates.csv,C:\Users\AVIV\gaba\gabay_pricing_core\special_unit_data_audit\sold_candidates.csv,,
same_parcel,garden,הרב יוסף שרביט 7,"ש""י עגנון 11",,2025-12-29,2025-09-28,92,3.0,3.0,75.0,60.0,0.25,,,,,,,24133.0,17167.0,6966.0,0.4057785285722607,C:\Users\AVIV\gaba\gabay_pricing_core\special_unit_data_audit\sold_candidates.csv,C:\Users\AVIV\gaba\gabay_pricing_core\special_unit_data_audit\sold_candidates.csv,,
same_parcel,garden,הרב יוסף שרביט 7,שפירא 7,,2025-12-29,2025-09-21,99,3.0,3.0,75.0,69.0,0.08695652173913043,,,,,,,24133.0,15217.0,8916.0,0.5859236380364067,C:\Users\AVIV\gaba\gabay_pricing_core\special_unit_data_audit\sold_candidates.csv,C:\Users\AVIV\gaba\gabay_pricing_core\special_unit_data_audit\sold_candidates.csv,,
same_parcel,garden,הרב יוסף שרביט 7,דרך הים 31,,2025-12-29,2025-09-21,99,3.0,3.0,75.0,79.0,0.05063291139240506,,,,,,,24133.0,10000.0,14133.0,1.4133,C:\Users\AVIV\gaba\gabay_pricing_core\special_unit_data_audit\sold_candidates.csv,C:\Users\AVIV\gaba\gabay_pricing_core\special_unit_data_audit\sold_candidates.csv,,
same_parcel,garden,הרב יוסף שרביט 7,אורט 4,,2025-12-29,2025-09-21,99,3.0,3.0,75.0,58.0,0.29310344827586204,,,,,,,24133.0,10000.0,14133.0,1.4133,C:\Users\AVIV\gaba\gabay_pricing_core\special_unit_data_audit\sold_candidates.csv,C:\Users\AVIV\gaba\gabay_pricing_core\special_unit_data_audit\sold_candidates.csv,,
same_parcel,garden,הרב יוסף שרביט 7,דרך הים 31,,2025-12-29,2025-09-21,99,3.0,3.0,75.0,80.0,0.0625,,,,,,,24133.0,10088.0,14045.0,1.3922482157018239,C:\Users\AVIV\gaba\gabay_pricing_core\special_unit_data_audit\sold_candidates.csv,C:\Users\AVIV\gaba\gabay_pricing_core\special_unit_data_audit\sold_candidates.csv,,
same_parcel,garden,הרב יוסף שרביט 7,הסנה 6,,2025-12-29,2025-09-21,99,3.0,3.0,75.0,74.0,0.013513513513513514,,,,,,,24133.0,16892.0,7241.0,0.4286644565474781,C:\Users\AVIV\gaba\gabay_pricing_core\special_unit_data_audit\sold_candidates.csv,C:\Users\AVIV\gaba\gabay_pricing_core\special_unit_data_audit\sold_candidates.csv,,
same_parcel,garden,הרב יוסף שרביט 7,דרך הים 31,,2025-12-29,2025-09-20,100,3.0,3.0,75.0,80.0,0.0625,,,,,,,24133.0,10088.0,14045.0,1.3922482157018239,C:\Users\AVIV\gaba\gabay_pricing_core\special_unit_data_audit\sold_candidates.csv,C:\Users\AVIV\gaba\gabay_pricing_core\special_unit_data_audit\sold_candidates.csv,,
same_parcel,garden,הרב יוסף שרביט 7,דרך הים 31,,2025-12-29,2025-09-20,100,3.0,3.0,75.0,79.0,0.05063291139240506,,,,,,,24133.0,10010.0,14123.0,1.4108891108891108,C:\Users\AVIV\gaba\gabay_pricing_core\special_unit_data_audit\sold_candidates.csv,C:\Users\AVIV\gaba\gabay_pricing_core\special_unit_data_audit\sold_candidates.csv,,
same_parcel,garden,הרב יוסף שרביט 7,"ביל""ו 5",,2025-12-29,2025-09-19,101,3.0,3.0,75.0,67.0,0.11940298507462686,,,,,,,24133.0,13881.0,10252.0,0.7385635040703119,C:\Users\AVIV\gaba\gabay_pricing_core\special_unit_data_audit\sold_candidates.csv,C:\Users\AVIV\gaba\gabay_pricing_core\special_unit_data_audit\sold_candidates.csv,,
same_parcel,garden,הרב יוסף שרביט 7,שפיה 17,,2025-12-29,2025-09-18,102,3.0,3.0,75.0,75.0,0.0,,,,,,,24133.0,20000.0,4133.0,0.20665,C:\Users\AVIV\gaba\gabay_pricing_core\special_unit_data_audit\sold_candidates.csv,C:\Users\AVIV\gaba\gabay_pricing_core\special_unit_data_audit\sold_candidates.csv,,
same_parcel,garden,הרב יוסף שרביט 7,מודיעין 5,,2025-12-29,2025-09-18,102,3.0,3.0,75.0,62.0,0.20967741935483872,,,,,,,24133.0,20968.0,3165.0,0.1509442960702022,C:\Users\AVIV\gaba\gabay_pricing_core\special_unit_data_audit\sold_candidates.csv,C:\Users\AVIV\gaba\gabay_pricing_core\special_unit_data_audit\sold_candidates.csv,,
same_parcel,garden,הרב יוסף שרביט 7,בר כוכבא 39,,2025-12-29,2025-09-17,103,3.0,3.0,75.0,76.0,0.013157894736842105,,,,,,,24133.0,11184.0,12949.0,1.1578147353361945,C:\Users\AVIV\gaba\gabay_pricing_core\special_unit_data_audit\sold_candidates.csv,C:\Users\AVIV\gaba\gabay_pricing_core\special_unit_data_audit\sold_candidates.csv,,
same_parcel,garden,הרב יוסף שרביט 7,שאר ישוב 5,,2025-12-29,2025-09-17,103,3.0,3.0,75.0,70.0,0.07142857142857142,,,,,,,24133.0,17143.0,6990.0,0.4077466021116491,C:\Users\AVIV\gaba\gabay_pricing_core\special_unit_data_audit\sold_candidates.csv,C:\Users\AVIV\gaba\gabay_pricing_core\special_unit_data_audit\sold_candidates.csv,,
same_parcel,garden,הרב יוסף שרביט 7,גדוד הפורצים 452,,2025-12-29,2025-09-16,104,3.0,3.0,75.0,58.0,0.29310344827586204,,,,,,,24133.0,16207.0,7926.0,0.4890479422471771,C:\Users\AVIV\gaba\gabay_pricing_core\special_unit_data_audit\sold_candidates.csv,C:\Users\AVIV\gaba\gabay_pricing_core\special_unit_data_audit\sold_candidates.csv,,
same_parcel,garden,הרב יוסף שרביט 7,מונטיפיורי 18,,2025-12-29,2025-09-16,104,3.0,3.0,75.0,60.0,0.25,,,,,,,24133.0,15000.0,9133.0,0.6088666666666667,C:\Users\AVIV\gaba\gabay_pricing_core\special_unit_data_audit\sold_candidates.csv,C:\Users\AVIV\gaba\gabay_pricing_core\special_unit_data_audit\sold_candidates.csv,,
same_parcel,garden,הרב יוסף שרביט 7,"ש""י עגנון 4",,2025-12-29,2025-09-15,105,3.0,3.0,75.0,63.0,0.19047619047619047,,,,,,,24133.0,14921.0,9212.0,0.6173848937738757,C:\Users\AVIV\gaba\gabay_pricing_core\special_unit_data_audit\sold_candidates.csv,C:\Users\AVIV\gaba\gabay_pricing_core\special_unit_data_audit\sold_candidates.csv,,
same_parcel,garden,הרב יוסף שרביט 7,דרך הים 31,,2025-12-29,2025-09-14,106,3.0,3.0,75.0,79.0,0.05063291139240506,,,,,,,24133.0,9975.0,14158.0,1.4193483709273182,C:\Users\AVIV\gaba\gabay_pricing_core\special_unit_data_audit\sold_candidates.csv,C:\Users\AVIV\gaba\gabay_pricing_core\special_unit_data_audit\sold_candidates.csv,,
same_parcel,garden,הרב יוסף שרביט 7,דרך הים 31,,2025-12-29,2025-09-14,106,3.0,3.0,75.0,80.0,0.0625,,,,,,,24133.0,10038.0,14095.0,1.4041641761307033,C:\Users\AVIV\gaba\gabay_pricing_core\special_unit_data_audit\sold_candidates.csv,C:\Users\AVIV\gaba\gabay_pricing_core\special_unit_data_audit\sold_candidates.csv,,
same_parcel,garden,הרב יוסף שרביט 7,עולי הגרדום 9,,2025-12-29,2025-09-14,106,3.0,3.0,75.0,63.0,0.19047619047619047,,,,,,,24133.0,19365.0,4768.0,0.24621740253033825,C:\Users\AVIV\gaba\gabay_pricing_core\special_unit_data_audit\sold_candidates.csv,C:\Users\AVIV\gaba\gabay_pricing_core\special_unit_data_audit\sold_candidates.csv,,
same_parcel,garden,הרב יוסף שרביט 7,דרך הים 31,,2025-12-29,2025-09-13,107,3.0,3.0,75.0,80.0,0.0625,,,,,,,24133.0,10048.0,14085.0,1.4017714968152866,C:\Users\AVIV\gaba\gabay_pricing_core\special_unit_data_audit\sold_candidates.csv,C:\Users\AVIV\gaba\gabay_pricing_core\special_unit_data_audit\sold_candidates.csv,,
same_parcel,garden,הרב יוסף שרביט 7,דרך הים 31,,2025-12-29,2025-09-13,107,3.0,3.0,75.0,79.0,0.05063291139240506,,,,,,,24133.0,9980.0,14153.0,1.4181362725450901,C:\Users\AVIV\gaba\gabay_pricing_core\special_unit_data_audit\sold_candidates.csv,C:\Users\AVIV\gaba\gabay_pricing_core\special_unit_data_audit\sold_candidates.csv,,
same_parcel,garden,הרב יוסף שרביט 7,"ש""י עגנון 170",,2025-12-29,2025-09-11,109,3.0,3.0,75.0,67.0,0.11940298507462686,,,,,,,24133.0,15299.0,8834.0,0.5774233610039872,C:\Users\AVIV\gaba\gabay_pricing_core\special_unit_data_audit\sold_candidates.csv,C:\Users\AVIV\gaba\gabay_pricing_core\special_unit_data_audit\sold_candidates.csv,,
same_parcel,garden,הרב יוסף שרביט 7,ז'בוטינסקי 5,,2025-12-29,2025-09-11,109,3.0,3.0,75.0,59.0,0.2711864406779661,,,,,,,24133.0,15254.0,8879.0,0.5820768323062803,C:\Users\AVIV\gaba\gabay_pricing_core\special_unit_data_audit\sold_candidates.csv,C:\Users\AVIV\gaba\gabay_pricing_core\special_unit_data_audit\sold_candidates.csv,,
same_parcel,garden,הרב יוסף שרביט 7,הרצל 16,,2025-12-29,2025-09-09,111,3.0,3.0,75.0,68.0,0.10294117647058823,,,,,,,24133.0,9853.0,14280.0,1.4493047802699686,C:\Users\AVIV\gaba\gabay_pricing_core\special_unit_data_audit\sold_candidates.csv,C:\Users\AVIV\gaba\gabay_pricing_core\special_unit_data_audit\sold_candidates.csv,,
same_parcel,garden,הרב יוסף שרביט 7,ההסתדרות 716,,2025-12-29,2025-09-09,111,3.0,3.0,75.0,60.0,0.25,,,,,,,24133.0,16667.0,7466.0,0.4479510409791804,C:\Users\AVIV\gaba\gabay_pricing_core\special_unit_data_audit\sold_candidates.csv,C:\Users\AVIV\gaba\gabay_pricing_core\special_unit_data_audit\sold_candidates.csv,,
same_parcel,garden,הרב יוסף שרביט 7,מגידו 4,,2025-12-29,2025-09-08,112,3.0,3.0,75.0,80.0,0.0625,,,,,,,24133.0,17000.0,7133.0,0.41958823529411765,C:\Users\AVIV\gaba\gabay_pricing_core\special_unit_data_audit\sold_candidates.csv,C:\Users\AVIV\gaba\gabay_pricing_core\special_unit_data_audit\sold_candidates.csv,,
same_parcel,garden,הרב יוסף שרביט 7,דרך הים 31,,2025-12-29,2025-09-07,113,3.0,3.0,75.0,80.0,0.0625,,,,,,,24133.0,10050.0,14083.0,1.4012935323383084,C:\Users\AVIV\gaba\gabay_pricing_core\special_unit_data_audit\sold_candidates.csv,C:\Users\AVIV\gaba\gabay_pricing_core\special_unit_data_audit\sold_candidates.csv,,
same_parcel,garden,הרב יוסף שרביט 7,דרך הים 31,,2025-12-29,2025-09-06,114,3.0,3.0,75.0,80.0,0.0625,,,,,,,24133.0,10014.0,14119.0,1.4099261034551627,C:\Users\AVIV\gaba\gabay_pricing_core\special_unit_data_audit\sold_candidates.csv,C:\Users\AVIV\gaba\gabay_pricing_core\special_unit_data_audit\sold_candidates.csv,,
same_parcel,garden,הרב יוסף שרביט 7,"רמב""ם 28",,2025-12-29,2025-09-04,116,3.0,3.0,75.0,64.0,0.171875,,2.0,,,,,24133.0,14844.0,9289.0,0.6257747237941256,C:\Users\AVIV\gaba\gabay_pricing_core\special_unit_data_audit\sold_candidates.csv,C:\Users\AVIV\gaba\gabay_pricing_core\special_unit_data_audit\sold_candidates.csv,,
same_parcel,garden,הרב יוסף שרביט 7,פקיעין 14,,2025-12-29,2025-09-04,116,3.0,3.0,75.0,65.0,0.15384615384615385,,,,,,,24133.0,19846.0,4287.0,0.216013302428701,C:\Users\AVIV\gaba\gabay_pricing_core\special_unit_data_audit\sold_candidates.csv,C:\Users\AVIV\gaba\gabay_pricing_core\special_unit_data_audit\sold_candidates.csv,,
same_parcel,garden,הרב יוסף שרביט 7,השומר הצעיר 3,,2025-12-29,2025-09-04,116,3.0,3.0,75.0,66.0,0.13636363636363635,,,,,,,24133.0,18561.0,5572.0,0.3001993427078282,C:\Users\AVIV\gaba\gabay_pricing_core\special_unit_data_audit\sold_candidates.csv,C:\Users\AVIV\gaba\gabay_pricing_core\special_unit_data_audit\sold_candidates.csv,,
same_parcel,garden,הרב יוסף שרביט 7,"ביל""ו 3",,2025-12-29,2025-09-03,117,3.0,3.0,75.0,63.0,0.19047619047619047,,,,,,,24133.0,12857.0,11276.0,0.8770319670218558,C:\Users\AVIV\gaba\gabay_pricing_core\special_unit_data_audit\sold_candidates.csv,C:\Users\AVIV\gaba\gabay_pricing_core\special_unit_data_audit\sold_candidates.csv,,
same_parcel,garden,הרב יוסף שרביט 7,אבן עזרא 61,,2025-12-29,2025-09-03,117,3.0,3.0,75.0,76.0,0.013157894736842105,,0.0,,,,,24133.0,19737.0,4396.0,0.22272888483558798,C:\Users\AVIV\gaba\gabay_pricing_core\special_unit_data_audit\sold_candidates.csv,C:\Users\AVIV\gaba\gabay_pricing_core\special_unit_data_audit\sold_candidates.csv,,
same_parcel,garden,הרב יוסף שרביט 7,עמיעוז 3,,2025-12-29,2025-09-03,117,3.0,3.0,75.0,66.0,0.13636363636363635,,,,,,,24133.0,17652.0,6481.0,0.3671538635848629,C:\Users\AVIV\gaba\gabay_pricing_core\special_unit_data_audit\sold_candidates.csv,C:\Users\AVIV\gaba\gabay_pricing_core\special_unit_data_audit\sold_candidates.csv,,
same_parcel,garden,הרב יוסף שרביט 7,עולי הגרדום 5,,2025-12-29,2025-09-03,117,3.0,3.0,75.0,63.0,0.19047619047619047,,,,,,,24133.0,19841.0,4292.0,0.2163197419484905,C:\Users\AVIV\gaba\gabay_pricing_core\special_unit_data_audit\sold_candidates.csv,C:\Users\AVIV\gaba\gabay_pricing_core\special_unit_data_audit\sold_candidates.csv,,
same_parcel,garden,הרב יוסף שרביט 7,גולני 11,,2025-12-29,2025-09-02,118,3.0,3.0,75.0,75.0,0.0,,,,,,,24133.0,18400.0,5733.0,0.3115760869565217,C:\Users\AVIV\gaba\gabay_pricing_core\special_unit_data_audit\sold_candidates.csv,C:\Users\AVIV\gaba\gabay_pricing_core\special_unit_data_audit\sold_candidates.csv,,
same_parcel,garden,הרב יוסף שרביט 7,היינן 25,,2025-12-29,2025-08-31,120,3.0,3.0,75.0,80.0,0.0625,,,,,,,24133.0,24075.0,58.0,0.0024091381100726896,C:\Users\AVIV\gaba\gabay_pricing_core\special_unit_data_audit\sold_candidates.csv,C:\Users\AVIV\gaba\gabay_pricing_core\special_unit_data_audit\sold_candidates.csv,,
same_parcel,garden,הרב יוסף שרביט 7,דרך הים 31,,2025-12-29,2025-08-31,120,3.0,3.0,75.0,80.0,0.0625,,,,,,,24133.0,10013.0,14120.0,1.4101667831818636,C:\Users\AVIV\gaba\gabay_pricing_core\special_unit_data_audit\sold_candidates.csv,C:\Users\AVIV\gaba\gabay_pricing_core\special_unit_data_audit\sold_candidates.csv,,
same_parcel,garden,הרב יוסף שרביט 7,קרן היסוד 12,,2025-12-29,2025-08-31,120,3.0,3.0,75.0,65.0,0.15384615384615385,,,,,,,24133.0,17000.0,7133.0,0.41958823529411765,C:\Users\AVIV\gaba\gabay_pricing_core\special_unit_data_audit\sold_candidates.csv,C:\Users\AVIV\gaba\gabay_pricing_core\special_unit_data_audit\sold_candidates.csv,,
same_parcel,garden,הרב יוסף שרביט 7,דרך הים 31,,2025-12-29,2025-08-30,121,3.0,3.0,75.0,80.0,0.0625,,,,,,,24133.0,10020.0,14113.0,1.4084830339321357,C:\Users\AVIV\gaba\gabay_pricing_core\special_unit_data_audit\sold_candidates.csv,C:\Users\AVIV\gaba\gabay_pricing_core\special_unit_data_audit\sold_candidates.csv,,
same_parcel,garden,הרב יוסף שרביט 7,היינן 25,,2025-12-29,2025-08-30,121,3.0,3.0,75.0,80.0,0.0625,,,,,,,24133.0,24000.0,133.0,0.005541666666666667,C:\Users\AVIV\gaba\gabay_pricing_core\special_unit_data_audit\sold_candidates.csv,C:\Users\AVIV\gaba\gabay_pricing_core\special_unit_data_audit\sold_candidates.csv,,
same_parcel,garden,הרב יוסף שרביט 7,דרום אפריקה 6,,2025-12-29,2025-08-28,123,3.0,3.0,75.0,80.0,0.0625,,,,,,,24133.0,14625.0,9508.0,0.6501196581196581,C:\Users\AVIV\gaba\gabay_pricing_core\special_unit_data_audit\sold_candidates.csv,C:\Users\AVIV\gaba\gabay_pricing_core\special_unit_data_audit\sold_candidates.csv,,
same_parcel,garden,הרב יוסף שרביט 7,מונטיפיורי 22,,2025-12-29,2025-08-28,123,3.0,3.0,75.0,59.0,0.2711864406779661,,,,,,,24133.0,19322.0,4811.0,0.24899078770313632,C:\Users\AVIV\gaba\gabay_pricing_core\special_unit_data_audit\sold_candidates.csv,C:\Users\AVIV\gaba\gabay_pricing_core\special_unit_data_audit\sold_candidates.csv,,
same_parcel,garden,הרב יוסף שרביט 7,,,2025-12-29,2025-08-28,123,3.0,3.0,75.0,67.0,0.11940298507462686,,,,,,,24133.0,17164.0,6969.0,0.4060242367746446,C:\Users\AVIV\gaba\gabay_pricing_core\special_unit_data_audit\sold_candidates.csv,C:\Users\AVIV\gaba\gabay_pricing_core\special_unit_data_audit\sold_candidates.csv,,
same_parcel,garden,הרב יוסף שרביט 7,אריה 10,,2025-12-29,2025-08-27,124,3.0,3.0,75.0,77.0,0.025974025974025976,,,,,,,24133.0,14935.0,9198.0,0.6158687646468028,C:\Users\AVIV\gaba\gabay_pricing_core\special_unit_data_audit\sold_candidates.csv,C:\Users\AVIV\gaba\gabay_pricing_core\special_unit_data_audit\sold_candidates.csv,,
same_parcel,garden,הרב יוסף שרביט 7,שפיה 15,,2025-12-29,2025-08-26,125,3.0,3.0,75.0,75.0,0.0,,,,,,,24133.0,20000.0,4133.0,0.20665,C:\Users\AVIV\gaba\gabay_pricing_core\special_unit_data_audit\sold_candidates.csv,C:\Users\AVIV\gaba\gabay_pricing_core\special_unit_data_audit\sold_candidates.csv,,
same_parcel,garden,הרב יוסף שרביט 7,שפירא 7,,2025-12-29,2025-08-25,126,3.0,3.0,75.0,69.0,0.08695652173913043,,,,,,,24133.0,15217.0,8916.0,0.5859236380364067,C:\Users\AVIV\gaba\gabay_pricing_core\special_unit_data_audit\sold_candidates.csv,C:\Users\AVIV\gaba\gabay_pricing_core\special_unit_data_audit\sold_candidates.csv,,
same_parcel,garden,הרב יוסף שרביט 7,דרך הים 31,,2025-12-29,2025-08-24,127,3.0,3.0,75.0,79.0,0.05063291139240506,,,,,,,24133.0,9962.0,14171.0,1.422505520979723,C:\Users\AVIV\gaba\gabay_pricing_core\special_unit_data_audit\sold_candidates.csv,C:\Users\AVIV\gaba\gabay_pricing_core\special_unit_data_audit\sold_candidates.csv,,
same_parcel,garden,הרב יוסף שרביט 7,דרך הים 31,,2025-12-29,2025-08-24,127,3.0,3.0,75.0,80.0,0.0625,,,,,,,24133.0,10038.0,14095.0,1.4041641761307033,C:\Users\AVIV\gaba\gabay_pricing_core\special_unit_data_audit\sold_candidates.csv,C:\Users\AVIV\gaba\gabay_pricing_core\special_unit_data_audit\sold_candidates.csv,,
same_parcel,garden,הרב יוסף שרביט 7,התחייה 26,,2025-12-29,2025-08-24,127,3.0,3.0,75.0,70.0,0.07142857142857142,,,,,,,24133.0,12571.0,11562.0,0.9197359000875029,C:\Users\AVIV\gaba\gabay_pricing_core\special_unit_data_audit\sold_candidates.csv,C:\Users\AVIV\gaba\gabay_pricing_core\special_unit_data_audit\sold_candidates.csv,,
same_parcel,garden,הרב יוסף שרביט 7,דרך הים 31,,2025-12-29,2025-08-23,128,3.0,3.0,75.0,80.0,0.0625,,,,,,,24133.0,10053.0,14080.0,1.4005769422063066,C:\Users\AVIV\gaba\gabay_pricing_core\special_unit_data_audit\sold_candidates.csv,C:\Users\AVIV\gaba\gabay_pricing_core\special_unit_data_audit\sold_candidates.csv,,
same_parcel,garden,הרב יוסף שרביט 7,דרך הים 31,,2025-12-29,2025-08-23,128,3.0,3.0,75.0,79.0,0.05063291139240506,,,,,,,24133.0,9907.0,14226.0,1.4359543756939537,C:\Users\AVIV\gaba\gabay_pricing_core\special_unit_data_audit\sold_candidates.csv,C:\Users\AVIV\gaba\gabay_pricing_core\special_unit_data_audit\sold_candidates.csv,,
same_parcel,garden,הרב יוסף שרביט 7,השומר הצעיר 6,,2025-12-29,2025-08-21,130,3.0,3.0,75.0,67.0,0.11940298507462686,,,,,,,24133.0,15373.0,8760.0,0.5698302218174722,C:\Users\AVIV\gaba\gabay_pricing_core\special_unit_data_audit\sold_candidates.csv,C:\Users\AVIV\gaba\gabay_pricing_core\special_unit_data_audit\sold_candidates.csv,,
same_parcel,garden,הרב יוסף שרביט 7,יוספטל 3,,2025-12-29,2025-08-20,131,3.0,3.0,75.0,58.0,0.29310344827586204,,,,,,,24133.0,13621.0,10512.0,0.7717495044416709,C:\Users\AVIV\gaba\gabay_pricing_core\special_unit_data_audit\sold_candidates.csv,C:\Users\AVIV\gaba\gabay_pricing_core\special_unit_data_audit\sold_candidates.csv,,
same_parcel,garden,הרב יוסף שרביט 7,אנה פרנק 10,,2025-12-29,2025-08-20,131,3.0,3.0,75.0,77.0,0.025974025974025976,,,,,,,24133.0,13481.0,10652.0,0.7901490987315481,C:\Users\AVIV\gaba\gabay_pricing_core\special_unit_data_audit\sold_candidates.csv,C:\Users\AVIV\gaba\gabay_pricing_core\special_unit_data_audit\sold_candidates.csv,,
same_parcel,garden,הרב יוסף שרביט 7,גדוד הפורצים 2,,2025-12-29,2025-08-18,133,3.0,3.0,75.0,60.0,0.25,,,,,,,24133.0,20417.0,3716.0,0.18200519175197138,C:\Users\AVIV\gaba\gabay_pricing_core\special_unit_data_audit\sold_candidates.csv,C:\Users\AVIV\gaba\gabay_pricing_core\special_unit_data_audit\sold_candidates.csv,,
same_parcel,garden,הרב יוסף שרביט 7,מגידו 8,,2025-12-29,2025-08-18,133,3.0,3.0,75.0,80.0,0.0625,,,,,,,24133.0,16750.0,7383.0,0.44077611940298506,C:\Users\AVIV\gaba\gabay_pricing_core\special_unit_data_audit\sold_candidates.csv,C:\Users\AVIV\gaba\gabay_pricing_core\special_unit_data_audit\sold_candidates.csv,,
same_parcel,garden,הרב יוסף שרביט 7,אנה פרנק 14,,2025-12-29,2025-08-18,133,3.0,3.0,75.0,71.0,0.056338028169014086,,,,,,,24133.0,16056.0,8077.0,0.5030518186347783,C:\Users\AVIV\gaba\gabay_pricing_core\special_unit_data_audit\sold_candidates.csv,C:\Users\AVIV\gaba\gabay_pricing_core\special_unit_data_audit\sold_candidates.csv,,
same_parcel,garden,הרב יוסף שרביט 7,שפירא 1,,2025-12-29,2025-08-17,134,3.0,3.0,75.0,61.0,0.22950819672131148,,,,,,,24133.0,16066.0,8067.0,0.5021162703846632,C:\Users\AVIV\gaba\gabay_pricing_core\special_unit_data_audit\sold_candidates.csv,C:\Users\AVIV\gaba\gabay_pricing_core\special_unit_data_audit\sold_candidates.csv,,
same_parcel,garden,הרב יוסף שרביט 7,,,2025-12-29,2025-08-17,134,3.0,3.0,75.0,75.0,0.0,,,,,,,24133.0,21733.0,2400.0,0.1104311415819261,C:\Users\AVIV\gaba\gabay_pricing_core\special_unit_data_audit\sold_candidates.csv,C:\Users\AVIV\gaba\gabay_pricing_core\special_unit_data_audit\sold_candidates.csv,,
same_parcel,garden,הרב יוסף שרביט 7,משה שרת 42,,2025-12-29,2025-08-13,138,3.0,3.0,75.0,60.0,0.25,,,,,,,24133.0,29500.0,-5367.0,-0.18193220338983052,C:\Users\AVIV\gaba\gabay_pricing_core\special_unit_data_audit\sold_candidates.csv,C:\Users\AVIV\gaba\gabay_pricing_core\special_unit_data_audit\sold_candidates.csv,,
same_parcel,garden,הרב יוסף שרביט 7,דוד רזיאל 3,,2025-12-29,2025-08-10,141,3.0,3.0,75.0,58.0,0.29310344827586204,,,,,,,24133.0,12586.0,11547.0,0.9174479580486254,C:\Users\AVIV\gaba\gabay_pricing_core\special_unit_data_audit\sold_candidates.csv,C:\Users\AVIV\gaba\gabay_pricing_core\special_unit_data_audit\sold_candidates.csv,,
same_parcel,garden,הרב יוסף שרביט 7,דוד רזיאל 8,,2025-12-29,2025-08-10,141,3.0,3.0,75.0,80.0,0.0625,,,,,,,24133.0,12125.0,12008.0,0.9903505154639175,C:\Users\AVIV\gaba\gabay_pricing_core\special_unit_data_audit\sold_candidates.csv,C:\Users\AVIV\gaba\gabay_pricing_core\special_unit_data_audit\sold_candidates.csv,,
same_parcel,garden,הרב יוסף שרביט 7,העונות 2,,2025-12-29,2025-08-10,141,3.0,3.0,75.0,67.0,0.11940298507462686,,,,,,,24133.0,18806.0,5327.0,0.28326066149101353,C:\Users\AVIV\gaba\gabay_pricing_core\special_unit_data_audit\sold_candidates.csv,C:\Users\AVIV\gaba\gabay_pricing_core\special_unit_data_audit\sold_candidates.csv,,
same_parcel,garden,הרב יוסף שרביט 7,שפירא 10,,2025-12-29,2025-08-07,144,3.0,3.0,75.0,73.0,0.0273972602739726,,,,,,,24133.0,15685.0,8448.0,0.5386037615556264,C:\Users\AVIV\gaba\gabay_pricing_core\special_unit_data_audit\sold_candidates.csv,C:\Users\AVIV\gaba\gabay_pricing_core\special_unit_data_audit\sold_candidates.csv,,
same_parcel,garden,הרב יוסף שרביט 7,יהודה הלוי 30,,2025-12-29,2025-08-07,144,3.0,3.0,75.0,65.0,0.15384615384615385,,,,,,,24133.0,13231.0,10902.0,0.8239740004534805,C:\Users\AVIV\gaba\gabay_pricing_core\special_unit_data_audit\sold_candidates.csv,C:\Users\AVIV\gaba\gabay_pricing_core\special_unit_data_audit\sold_candidates.csv,,
same_parcel,garden,הרב יוסף שרביט 7,ההסתדרות 63,,2025-12-29,2025-08-06,145,3.0,3.0,75.0,58.0,0.29310344827586204,,,,,,,24133.0,15517.0,8616.0,0.5552619707417671,C:\Users\AVIV\gaba\gabay_pricing_core\special_unit_data_audit\sold_candidates.csv,C:\Users\AVIV\gaba\gabay_pricing_core\special_unit_data_audit\sold_candidates.csv,,
same_parcel,garden,הרב יוסף שרביט 7,העונות 2,,2025-12-29,2025-08-06,145,3.0,3.0,75.0,67.0,0.11940298507462686,,,,,,,24133.0,20224.0,3909.0,0.19328520569620253,C:\Users\AVIV\gaba\gabay_pricing_core\special_unit_data_audit\sold_candidates.csv,C:\Users\AVIV\gaba\gabay_pricing_core\special_unit_data_audit\sold_candidates.csv,,
same_parcel,garden,הרב יוסף שרביט 7,גדוד הפורצים 452,,2025-12-29,2025-08-05,146,3.0,3.0,75.0,59.0,0.2711864406779661,,,,,,,24133.0,21186.0,2947.0,0.1391012933069008,C:\Users\AVIV\gaba\gabay_pricing_core\special_unit_data_audit\sold_candidates.csv,C:\Users\AVIV\gaba\gabay_pricing_core\special_unit_data_audit\sold_candidates.csv,,
same_parcel,garden,הרב יוסף שרביט 7,איילה 29,,2025-12-29,2025-08-04,147,3.0,3.0,75.0,79.0,0.05063291139240506,,,,,,,24133.0,13228.0,10905.0,0.8243876625340187,C:\Users\AVIV\gaba\gabay_pricing_core\special_unit_data_audit\sold_candidates.csv,C:\Users\AVIV\gaba\gabay_pricing_core\special_unit_data_audit\sold_candidates.csv,,
same_parcel,garden,הרב יוסף שרביט 7,"ביל""ו 5",,2025-12-29,2025-08-04,147,3.0,3.0,75.0,67.0,0.11940298507462686,,,,,,,24133.0,13433.0,10700.0,0.7965458199955334,C:\Users\AVIV\gaba\gabay_pricing_core\special_unit_data_audit\sold_candidates.csv,C:\Users\AVIV\gaba\gabay_pricing_core\special_unit_data_audit\sold_candidates.csv,,
same_parcel,garden,הרב יוסף שרביט 7,מרדכי אנילביץ 14,,2025-12-29,2025-08-01,150,3.0,3.0,75.0,65.0,0.15384615384615385,,,,,,,24133.0,19231.0,4902.0,0.2549009411887057,C:\Users\AVIV\gaba\gabay_pricing_core\special_unit_data_audit\sold_candidates.csv,C:\Users\AVIV\gaba\gabay_pricing_core\special_unit_data_audit\sold_candidates.csv,,
same_parcel,garden,הרב יוסף שרביט 7,העונות 2,,2025-12-29,2025-07-30,152,3.0,3.0,75.0,75.0,0.0,,,,,,,24133.0,18000.0,6133.0,0.3407222222222222,C:\Users\AVIV\gaba\gabay_pricing_core\special_unit_data_audit\sold_candidates.csv,C:\Users\AVIV\gaba\gabay_pricing_core\special_unit_data_audit\sold_candidates.csv,,
same_parcel,garden,הרב יוסף שרביט 7,בר כוכבא 21,,2025-12-29,2025-07-29,153,3.0,3.0,75.0,70.0,0.07142857142857142,,,,,,,24133.0,15714.0,8419.0,0.5357642866233931,C:\Users\AVIV\gaba\gabay_pricing_core\special_unit_data_audit\sold_candidates.csv,C:\Users\AVIV\gaba\gabay_pricing_core\special_unit_data_audit\sold_candidates.csv,,
same_parcel,garden,הרב יוסף שרביט 7,יוספטל 5,,2025-12-29,2025-07-29,153,3.0,3.0,75.0,60.0,0.25,,,,,,,24133.0,12833.0,11300.0,0.8805423517493961,C:\Users\AVIV\gaba\gabay_pricing_core\special_unit_data_audit\sold_candidates.csv,C:\Users\AVIV\gaba\gabay_pricing_core\special_unit_data_audit\sold_candidates.csv,,
same_parcel,garden,הרב יוסף שרביט 7,מנחם בגין 31,,2025-12-29,2025-07-27,155,3.0,3.0,75.0,78.0,0.038461538461538464,,,,,,,24133.0,17179.0,6954.0,0.40479655393212643,C:\Users\AVIV\gaba\gabay_pricing_core\special_unit_data_audit\sold_candidates.csv,C:\Users\AVIV\gaba\gabay_pricing_core\special_unit_data_audit\sold_candidates.csv,,
same_parcel,garden,הרב יוסף שרביט 7,מגידו 8,,2025-12-29,2025-07-27,155,3.0,3.0,75.0,74.0,0.013513513513513514,,,,,,,24133.0,18514.0,5619.0,0.3035000540131792,C:\Users\AVIV\gaba\gabay_pricing_core\special_unit_data_audit\sold_candidates.csv,C:\Users\AVIV\gaba\gabay_pricing_core\special_unit_data_audit\sold_candidates.csv,,
same_parcel,garden,הרב יוסף שרביט 7,"רמב""ם 28",,2025-12-29,2025-07-24,158,3.0,3.0,75.0,70.0,0.07142857142857142,,3.0,,,,,24133.0,19000.0,5133.0,0.2701578947368421,C:\Users\AVIV\gaba\gabay_pricing_core\special_unit_data_audit\sold_candidates.csv,C:\Users\AVIV\gaba\gabay_pricing_core\special_unit_data_audit\sold_candidates.csv,,
same_parcel,garden,הרב יוסף שרביט 7,העונות 2,,2025-12-29,2025-07-24,158,3.0,3.0,75.0,70.0,0.07142857142857142,,,,,,,24133.0,18857.0,5276.0,0.27978999840907887,C:\Users\AVIV\gaba\gabay_pricing_core\special_unit_data_audit\sold_candidates.csv,C:\Users\AVIV\gaba\gabay_pricing_core\special_unit_data_audit\sold_candidates.csv,,
same_parcel,garden,הרב יוסף שרביט 7,איילה 31,,2025-12-29,2025-07-22,160,3.0,3.0,75.0,73.0,0.0273972602739726,,,,,,,24133.0,15616.0,8517.0,0.5454021516393442,C:\Users\AVIV\gaba\gabay_pricing_core\special_unit_data_audit\sold_candidates.csv,C:\Users\AVIV\gaba\gabay_pricing_core\special_unit_data_audit\sold_candidates.csv,,
same_parcel,garden,הרב יוסף שרביט 7,דוריף 58,,2025-12-29,2025-07-21,161,3.0,3.0,75.0,79.0,0.05063291139240506,,,,,,,24133.0,22025.0,2108.0,0.09570942111237231,C:\Users\AVIV\gaba\gabay_pricing_core\special_unit_data_audit\sold_candidates.csv,C:\Users\AVIV\gaba\gabay_pricing_core\special_unit_data_audit\sold_candidates.csv,,
same_parcel,garden,הרב יוסף שרביט 7,"רמב""ם 16",,2025-12-29,2025-07-21,161,3.0,3.0,75.0,78.0,0.038461538461538464,,2.0,,,,,24133.0,13654.0,10479.0,0.7674674088179289,C:\Users\AVIV\gaba\gabay_pricing_core\special_unit_data_audit\sold_candidates.csv,C:\Users\AVIV\gaba\gabay_pricing_core\special_unit_data_audit\sold_candidates.csv,,
same_parcel,garden,הרב יוסף שרביט 7,ההסתדרות 22,,2025-12-29,2025-07-21,161,3.0,3.0,75.0,69.0,0.08695652173913043,,,,,,,24133.0,14855.0,9278.0,0.6245708515651296,C:\Users\AVIV\gaba\gabay_pricing_core\special_unit_data_audit\sold_candidates.csv,C:\Users\AVIV\gaba\gabay_pricing_core\special_unit_data_audit\sold_candidates.csv,,
same_parcel,garden,הרב יוסף שרביט 7,דוריף 58,,2025-12-29,2025-07-20,162,3.0,3.0,75.0,79.0,0.05063291139240506,,,,,,,24133.0,22025.0,2108.0,0.09570942111237231,C:\Users\AVIV\gaba\gabay_pricing_core\special_unit_data_audit\sold_candidates.csv,C:\Users\AVIV\gaba\gabay_pricing_core\special_unit_data_audit\sold_candidates.csv,,
same_parcel,garden,הרב יוסף שרביט 7,מרדכי אנילביץ 14,,2025-12-29,2025-07-16,166,3.0,3.0,75.0,73.0,0.0273972602739726,,,,,,,24133.0,11096.0,13037.0,1.1749279019466474,C:\Users\AVIV\gaba\gabay_pricing_core\special_unit_data_audit\sold_candidates.csv,C:\Users\AVIV\gaba\gabay_pricing_core\special_unit_data_audit\sold_candidates.csv,,
same_parcel,garden,הרב יוסף שרביט 7,אפרים צור 33,,2025-12-29,2025-07-13,169,3.0,3.0,75.0,59.0,0.2711864406779661,,,,,,,24133.0,15847.0,8286.0,0.5228749921120717,C:\Users\AVIV\gaba\gabay_pricing_core\special_unit_data_audit\sold_candidates.csv,C:\Users\AVIV\gaba\gabay_pricing_core\special_unit_data_audit\sold_candidates.csv,,
same_parcel,garden,הרב יוסף שרביט 7,,,2025-12-29,2025-07-13,169,3.0,3.0,75.0,75.0,0.0,,,,,,,24133.0,24967.0,-834.0,-0.03340409340329235,C:\Users\AVIV\gaba\gabay_pricing_core\special_unit_data_audit\sold_candidates.csv,C:\Users\AVIV\gaba\gabay_pricing_core\special_unit_data_audit\sold_candidates.csv,,
same_parcel,garden,הרב יוסף שרביט 7,ברגסון 3,,2025-12-29,2025-07-13,169,3.0,3.0,75.0,73.0,0.0273972602739726,,,,,,,24133.0,15068.0,9065.0,0.6016060525617202,C:\Users\AVIV\gaba\gabay_pricing_core\special_unit_data_audit\sold_candidates.csv,C:\Users\AVIV\gaba\gabay_pricing_core\special_unit_data_audit\sold_candidates.csv,,
same_parcel,garden,הרב יוסף שרביט 7,שני אליהו 12,,2025-12-29,2025-07-10,172,3.0,3.0,75.0,71.0,0.056338028169014086,,,,,,,24133.0,15352.0,8781.0,0.5719775924960917,C:\Users\AVIV\gaba\gabay_pricing_core\special_unit_data_audit\sold_candidates.csv,C:\Users\AVIV\gaba\gabay_pricing_core\special_unit_data_audit\sold_candidates.csv,,
same_parcel,garden,הרב יוסף שרביט 7,טבריה 2,,2025-12-29,2025-07-10,172,3.0,3.0,75.0,79.0,0.05063291139240506,,,,,,,24133.0,17215.0,6918.0,0.401858844031368,C:\Users\AVIV\gaba\gabay_pricing_core\special_unit_data_audit\sold_candidates.csv,C:\Users\AVIV\gaba\gabay_pricing_core\special_unit_data_audit\sold_candidates.csv,,
same_parcel,garden,הרב יוסף שרביט 7,הרב נורוק 4,,2025-12-29,2025-07-10,172,3.0,3.0,75.0,56.0,0.3392857142857143,,,,,,,24133.0,18179.0,5954.0,0.3275207657186864,C:\Users\AVIV\gaba\gabay_pricing_core\special_unit_data_audit\sold_candidates.csv,C:\Users\AVIV\gaba\gabay_pricing_core\special_unit_data_audit\sold_candidates.csv,,
same_parcel,garden,הרב יוסף שרביט 7,גבע 1,,2025-12-29,2025-07-09,173,3.0,3.0,75.0,71.0,0.056338028169014086,,,,,,,24133.0,20000.0,4133.0,0.20665,C:\Users\AVIV\gaba\gabay_pricing_core\special_unit_data_audit\sold_candidates.csv,C:\Users\AVIV\gaba\gabay_pricing_core\special_unit_data_audit\sold_candidates.csv,,
same_parcel,garden,הרב יוסף שרביט 7,מרדכי אנילביץ 438,,2025-12-29,2025-07-09,173,3.0,3.0,75.0,71.0,0.056338028169014086,,,,,,,24133.0,14789.0,9344.0,0.6318209480018933,C:\Users\AVIV\gaba\gabay_pricing_core\special_unit_data_audit\sold_candidates.csv,C:\Users\AVIV\gaba\gabay_pricing_core\special_unit_data_audit\sold_candidates.csv,,
same_parcel,garden,הרב יוסף שרביט 7,שפירא 7,,2025-12-29,2025-07-09,173,3.0,3.0,75.0,61.0,0.22950819672131148,,,,,,,24133.0,16066.0,8067.0,0.5021162703846632,C:\Users\AVIV\gaba\gabay_pricing_core\special_unit_data_audit\sold_candidates.csv,C:\Users\AVIV\gaba\gabay_pricing_core\special_unit_data_audit\sold_candidates.csv,,
same_parcel,garden,הרב יוסף שרביט 7,שבזי 41,,2025-12-29,2025-07-09,173,3.0,3.0,75.0,78.0,0.038461538461538464,,,,,,,24133.0,14103.0,10030.0,0.7111961993902006,C:\Users\AVIV\gaba\gabay_pricing_core\special_unit_data_audit\sold_candidates.csv,C:\Users\AVIV\gaba\gabay_pricing_core\special_unit_data_audit\sold_candidates.csv,,
same_parcel,garden,הרב יוסף שרביט 7,,,2025-12-29,2025-07-09,173,3.0,3.0,75.0,75.0,0.0,,,,,,,24133.0,14267.0,9866.0,0.6915258989275952,C:\Users\AVIV\gaba\gabay_pricing_core\special_unit_data_audit\sold_candidates.csv,C:\Users\AVIV\gaba\gabay_pricing_core\special_unit_data_audit\sold_candidates.csv,,
same_parcel,garden,הרב יוסף שרביט 7,איילה 31,,2025-12-29,2025-07-08,174,3.0,3.0,75.0,70.0,0.07142857142857142,,,,,,,24133.0,14857.0,9276.0,0.6243521572322811,C:\Users\AVIV\gaba\gabay_pricing_core\special_unit_data_audit\sold_candidates.csv,C:\Users\AVIV\gaba\gabay_pricing_core\special_unit_data_audit\sold_candidates.csv,,
same_parcel,garden,הרב יוסף שרביט 7,סלעית 4,,2025-12-29,2025-07-08,174,3.0,3.0,75.0,60.0,0.25,,,,,,,24133.0,17917.0,6216.0,0.3469330803147848,C:\Users\AVIV\gaba\gabay_pricing_core\special_unit_data_audit\sold_candidates.csv,C:\Users\AVIV\gaba\gabay_pricing_core\special_unit_data_audit\sold_candidates.csv,,
same_parcel,garden,הרב יוסף שרביט 7,יוספטל 3,,2025-12-29,2025-07-06,176,3.0,3.0,75.0,60.0,0.25,,,,,,,24133.0,11833.0,12300.0,1.0394659004478999,C:\Users\AVIV\gaba\gabay_pricing_core\special_unit_data_audit\sold_candidates.csv,C:\Users\AVIV\gaba\gabay_pricing_core\special_unit_data_audit\sold_candidates.csv,,
same_parcel,garden,הרב יוסף שרביט 7,"ש""י עגנון 7",,2025-12-29,2025-07-06,176,3.0,3.0,75.0,75.0,0.0,,,,,,,24133.0,14267.0,9866.0,0.6915258989275952,C:\Users\AVIV\gaba\gabay_pricing_core\special_unit_data_audit\sold_candidates.csv,C:\Users\AVIV\gaba\gabay_pricing_core\special_unit_data_audit\sold_candidates.csv,,
same_parcel,garden,הרב יוסף שרביט 7,חזון עובדיה 51,,2025-12-29,2025-07-03,179,3.0,3.0,75.0,79.0,0.05063291139240506,,,,,,,24133.0,17127.0,7006.0,0.40906171542009695,C:\Users\AVIV\gaba\gabay_pricing_core\special_unit_data_audit\sold_candidates.csv,C:\Users\AVIV\gaba\gabay_pricing_core\special_unit_data_audit\sold_candidates.csv,,
same_parcel,garden,הרב יוסף שרביט 7,אריה 10,,2025-12-29,2025-07-03,179,3.0,3.0,75.0,77.0,0.025974025974025976,,,,,,,24133.0,14935.0,9198.0,0.6158687646468028,C:\Users\AVIV\gaba\gabay_pricing_core\special_unit_data_audit\sold_candidates.csv,C:\Users\AVIV\gaba\gabay_pricing_core\special_unit_data_audit\sold_candidates.csv,,
same_parcel,garden,הרב יוסף שרביט 7,עמק יזרעאל 99,,2025-12-29,2025-07-02,180,3.0,3.0,75.0,79.0,0.05063291139240506,,,,,,,24133.0,20127.0,4006.0,0.19903612063397427,C:\Users\AVIV\gaba\gabay_pricing_core\special_unit_data_audit\sold_candidates.csv,C:\Users\AVIV\gaba\gabay_pricing_core\special_unit_data_audit\sold_candidates.csv,,
same_parcel,garden,הרב יוסף שרביט 7,מגידו 4,,2025-12-29,2025-07-01,181,3.0,3.0,75.0,75.0,0.0,,,,,,,24133.0,17600.0,6533.0,0.37119318181818184,C:\Users\AVIV\gaba\gabay_pricing_core\special_unit_data_audit\sold_candidates.csv,C:\Users\AVIV\gaba\gabay_pricing_core\special_unit_data_audit\sold_candidates.csv,,
same_parcel,garden,הרב יוסף שרביט 7,"חיד""א 6",,2025-12-29,2025-07-01,181,3.0,3.0,75.0,64.0,0.171875,,,,,,,24133.0,13281.0,10852.0,0.8171071455462691,C:\Users\AVIV\gaba\gabay_pricing_core\special_unit_data_audit\sold_candidates.csv,C:\Users\AVIV\gaba\gabay_pricing_core\special_unit_data_audit\sold_candidates.csv,,
same_parcel,garden,הרב יוסף שרביט 7,שפירא 14,,2025-12-29,2025-06-30,182,3.0,3.0,75.0,65.0,0.15384615384615385,,,,,,,24133.0,15385.0,8748.0,0.5686057848553786,C:\Users\AVIV\gaba\gabay_pricing_core\special_unit_data_audit\sold_candidates.csv,C:\Users\AVIV\gaba\gabay_pricing_core\special_unit_data_audit\sold_candidates.csv,,
same_parcel,garden,הרב יוסף שרביט 7,שפינוזה 13,,2025-12-29,2025-06-29,183,3.0,3.0,75.0,62.0,0.20967741935483872,,,,,,,24133.0,16774.0,7359.0,0.4387146774770478,C:\Users\AVIV\gaba\gabay_pricing_core\special_unit_data_audit\sold_candidates.csv,C:\Users\AVIV\gaba\gabay_pricing_core\special_unit_data_audit\sold_candidates.csv,,
same_parcel,garden,הרב יוסף שרביט 7,אלי כהן 3,,2025-12-29,2025-06-29,183,3.0,3.0,75.0,74.0,0.013513513513513514,,,,,,,24133.0,17297.0,6836.0,0.39521304272417185,C:\Users\AVIV\gaba\gabay_pricing_core\special_unit_data_audit\sold_candidates.csv,C:\Users\AVIV\gaba\gabay_pricing_core\special_unit_data_audit\sold_candidates.csv,,
same_address,garden,הרב יוסף שרביט 7,הרב יוסף שרביט 7,,2025-12-29,2025-06-29,183,3.0,3.0,75.0,75.0,0.0,,,,,,,24133.0,21667.0,2466.0,0.11381363363640559,C:\Users\AVIV\gaba\gabay_pricing_core\special_unit_data_audit\sold_candidates.csv,C:\Users\AVIV\gaba\gabay_pricing_core\special_unit_data_audit\sold_candidates.csv,,
same_parcel,garden,הרב יוסף שרביט 7,יהדות ספרד 2,,2025-12-29,2025-06-29,183,3.0,3.0,75.0,62.0,0.20967741935483872,,,,,,,24133.0,17419.0,6714.0,0.385441184913026,C:\Users\AVIV\gaba\gabay_pricing_core\special_unit_data_audit\sold_candidates.csv,C:\Users\AVIV\gaba\gabay_pricing_core\special_unit_data_audit\sold_candidates.csv,,
same_address,garden,הרב יוסף שרביט 7,הרב יוסף שרביט 7,,2025-12-29,2025-06-28,184,3.0,3.0,75.0,75.0,0.0,,,,,,,24133.0,21667.0,2466.0,0.11381363363640559,C:\Users\AVIV\gaba\gabay_pricing_core\special_unit_data_audit\sold_candidates.csv,C:\Users\AVIV\gaba\gabay_pricing_core\special_unit_data_audit\sold_candidates.csv,,
same_address,garden,הרב יוסף שרביט 7,הרב יוסף שרביט 7,,2025-12-29,2026-07-07,190,3.0,3.0,75.0,75.0,0.0,,,,1580000.0,,,24133.0,21067.0,3066.0,0.14553567190392558,C:\Users\AVIV\gaba\gabay_pricing_core\special_unit_data_audit\sold_candidates.csv,C:\Users\AVIV\gaba\gabay_pricing_core\tax_enriched_ashkelon_3room_36m.json,,
same_address,garden,הרב יוסף שרביט 7,הרב יוסף שרביט 7,,2025-12-29,2026-06-01,154,3.0,3.0,75.0,75.0,0.0,,,,1595000.0,,,24133.0,21267.0,2866.0,0.1347627780128838,C:\Users\AVIV\gaba\gabay_pricing_core\special_unit_data_audit\sold_candidates.csv,C:\Users\AVIV\gaba\gabay_pricing_core\tax_enriched_ashkelon_3room_36m.json,,11352332250
same_address,garden,הרב יוסף שרביט 7,הרב יוסף שרביט 7,,2025-12-29,2026-06-01,154,3.0,3.0,75.0,75.0,0.0,,,,1595000.0,,,24133.0,21267.0,2866.0,0.1347627780128838,C:\Users\AVIV\gaba\gabay_pricing_core\special_unit_data_audit\sold_candidates.csv,C:\Users\AVIV\gaba\gabay_pricing_core\tax_enriched_ashkelon_3room_36m.json,,4971600
same_address,garden,הרב יוסף שרביט 7,הרב יוסף שרביט 7,,2025-12-29,2026-05-31,153,3.0,3.0,75.0,75.0,0.0,,,,1595000.0,,,24133.0,21267.0,2866.0,0.1347627780128838,C:\Users\AVIV\gaba\gabay_pricing_core\special_unit_data_audit\sold_candidates.csv,C:\Users\AVIV\gaba\gabay_pricing_core\tax_enriched_ashkelon_3room_36m.json,,4971600
same_address,garden,הרב יוסף שרביט 7,הרב יוסף שרביט 7,,2025-12-29,2026-04-28,120,3.0,3.0,75.0,75.0,0.0,,,,1610000.0,,,24133.0,21467.0,2666.0,0.12419061815810313,C:\Users\AVIV\gaba\gabay_pricing_core\special_unit_data_audit\sold_candidates.csv,C:\Users\AVIV\gaba\gabay_pricing_core\tax_enriched_ashkelon_3room_36m.json,,11352530278
same_address,garden,הרב יוסף שרביט 7,הרב יוסף שרביט 7,,2025-12-29,2026-04-05,97,3.0,3.0,75.0,75.0,0.0,,,,1799000.0,,,24133.0,23987.0,146.0,0.006086630258056447,C:\Users\AVIV\gaba\gabay_pricing_core\special_unit_data_audit\sold_candidates.csv,C:\Users\AVIV\gaba\gabay_pricing_core\tax_enriched_ashkelon_3room_36m.json,,11348918280
same_address,garden,הרב יוסף שרביט 7,הרב יוסף שרביט 7,,2025-12-29,2026-04-04,96,3.0,3.0,75.0,75.0,0.0,,,,1799000.0,,,24133.0,23987.0,146.0,0.006086630258056447,C:\Users\AVIV\gaba\gabay_pricing_core\special_unit_data_audit\sold_candidates.csv,C:\Users\AVIV\gaba\gabay_pricing_core\tax_enriched_ashkelon_3room_36m.json,,11352530234
same_address,garden,הרב יוסף שרביט 7,הרב יוסף שרביט 7,,2025-12-29,2026-03-25,86,3.0,3.0,75.0,75.0,0.0,,,,1610000.0,,,24133.0,21467.0,2666.0,0.12419061815810313,C:\Users\AVIV\gaba\gabay_pricing_core\special_unit_data_audit\sold_candidates.csv,C:\Users\AVIV\gaba\gabay_pricing_core\tax_enriched_ashkelon_3room_36m.json,,11347925490
same_address,garden,הרב יוסף שרביט 7,הרב יוסף שרביט 7,,2025-12-29,2025-12-28,1,3.0,3.0,75.0,75.0,0.0,,,,1810000.0,,,24133.0,24133.0,0.0,0.0,C:\Users\AVIV\gaba\gabay_pricing_core\special_unit_data_audit\sold_candidates.csv,C:\Users\AVIV\gaba\gabay_pricing_core\tax_enriched_ashkelon_3room_36m.json,,11352530288
same_address,garden,הרב יוסף שרביט 7,הרב יוסף שרביט 7,,2025-12-29,2025-06-29,183,3.0,3.0,75.0,75.0,0.0,,,,1625000.0,,,24133.0,21667.0,2466.0,0.11381363363640559,C:\Users\AVIV\gaba\gabay_pricing_core\special_unit_data_audit\sold_candidates.csv,C:\Users\AVIV\gaba\gabay_pricing_core\tax_enriched_ashkelon_3room_36m.json,,11268560430
same_address,garden,הרב יוסף שרביט 7,הרב יוסף שרביט 7,,2025-12-29,2025-06-29,183,3.0,3.0,75.0,75.0,0.0,,,,1575000.0,,,24133.0,21000.0,3133.0,0.14919047619047618,C:\Users\AVIV\gaba\gabay_pricing_core\special_unit_data_audit\sold_candidates.csv,C:\Users\AVIV\gaba\gabay_pricing_core\tax_enriched_ashkelon_3room_36m.json,,11267835120
same_address,garden,הרב יוסף שרביט 7,הרב יוסף שרביט 7,,2025-12-29,2025-06-28,184,3.0,3.0,75.0,75.0,0.0,,,,1625000.0,,,24133.0,21667.0,2466.0,0.11381363363640559,C:\Users\AVIV\gaba\gabay_pricing_core\special_unit_data_audit\sold_candidates.csv,C:\Users\AVIV\gaba\gabay_pricing_core\tax_enriched_ashkelon_3room_36m.json,,11352530280
same_address,garden,הרב יוסף שרביט 7,הרב יוסף שרביט 7,,2025-12-29,2025-06-28,184,3.0,3.0,75.0,75.0,0.0,,,,1575000.0,,,24133.0,21000.0,3133.0,0.14919047619047618,C:\Users\AVIV\gaba\gabay_pricing_core\special_unit_data_audit\sold_candidates.csv,C:\Users\AVIV\gaba\gabay_pricing_core\tax_enriched_ashkelon_3room_36m.json,,11352530282
same_address,garden,אבן עזרא 61,אבן עזרא 61,1201-120-1,2026-02-01,2025-09-03,151,3.0,3.0,74.0,76.0,0.02631578947368421,0.0,0.0,1500000.0,,,,20270.0,19737.0,533.0,0.027005117292394996,C:\Users\AVIV\gaba\gabay_pricing_core\tax_enriched_ashkelon_3room_36m.json,C:\Users\AVIV\gaba\gabay_pricing_core\special_unit_data_audit\sold_candidates.csv,11343479400,
same_address,garden,אבן עזרא 61,אבן עזרא 61,1201-120-1,2026-02-01,2025-09-03,151,3.0,3.0,74.0,76.0,0.02631578947368421,0.0,0.0,1500000.0,1500000.0,0.0,0.0,20270.0,19737.0,533.0,0.027005117292394996,C:\Users\AVIV\gaba\gabay_pricing_core\tax_enriched_ashkelon_3room_36m.json,C:\Users\AVIV\gaba\gabay_pricing_core\tax_enriched_ashkelon_3room_36m.json,11343479400,11273415660
same_address,garden,הרב יוסף שרביט 7,הרב יוסף שרביט 7,1197-87-83,2025-12-29,2026-07-07,190,3.0,3.0,75.0,75.0,0.0,,,1810000.0,,,,24133.0,21067.0,3066.0,0.14553567190392558,C:\Users\AVIV\gaba\gabay_pricing_core\tax_enriched_ashkelon_3room_36m.json,C:\Users\AVIV\gaba\gabay_pricing_core\special_unit_data_audit\sold_candidates.csv,11340312660,
same_address,garden,הרב יוסף שרביט 7,הרב יוסף שרביט 7,1197-87-83,2025-12-29,2026-06-01,154,3.0,3.0,75.0,75.0,0.0,,,1810000.0,,,,24133.0,21267.0,2866.0,0.1347627780128838,C:\Users\AVIV\gaba\gabay_pricing_core\tax_enriched_ashkelon_3room_36m.json,C:\Users\AVIV\gaba\gabay_pricing_core\special_unit_data_audit\sold_candidates.csv,11340312660,
same_address,garden,הרב יוסף שרביט 7,הרב יוסף שרביט 7,1197-87-83,2025-12-29,2026-05-31,153,3.0,3.0,75.0,75.0,0.0,,,1810000.0,,,,24133.0,21267.0,2866.0,0.1347627780128838,C:\Users\AVIV\gaba\gabay_pricing_core\tax_enriched_ashkelon_3room_36m.json,C:\Users\AVIV\gaba\gabay_pricing_core\special_unit_data_audit\sold_candidates.csv,11340312660,
same_address,garden,הרב יוסף שרביט 7,הרב יוסף שרביט 7,1197-87-83,2025-12-29,2026-04-28,120,3.0,3.0,75.0,75.0,0.0,,,1810000.0,,,,24133.0,21467.0,2666.0,0.12419061815810313,C:\Users\AVIV\gaba\gabay_pricing_core\tax_enriched_ashkelon_3room_36m.json,C:\Users\AVIV\gaba\gabay_pricing_core\special_unit_data_audit\sold_candidates.csv,11340312660,
same_address,garden,הרב יוסף שרביט 7,הרב יוסף שרביט 7,1197-87-83,2025-12-29,2026-04-05,97,3.0,3.0,75.0,75.0,0.0,,,1810000.0,,,,24133.0,23987.0,146.0,0.006086630258056447,C:\Users\AVIV\gaba\gabay_pricing_core\tax_enriched_ashkelon_3room_36m.json,C:\Users\AVIV\gaba\gabay_pricing_core\special_unit_data_audit\sold_candidates.csv,11340312660,
same_address,garden,הרב יוסף שרביט 7,הרב יוסף שרביט 7,1197-87-83,2025-12-29,2026-04-04,96,3.0,3.0,75.0,75.0,0.0,,,1810000.0,,,,24133.0,23987.0,146.0,0.006086630258056447,C:\Users\AVIV\gaba\gabay_pricing_core\tax_enriched_ashkelon_3room_36m.json,C:\Users\AVIV\gaba\gabay_pricing_core\special_unit_data_audit\sold_candidates.csv,11340312660,
same_address,garden,הרב יוסף שרביט 7,הרב יוסף שרביט 7,1197-87-83,2025-12-29,2026-03-25,86,3.0,3.0,75.0,75.0,0.0,,,1810000.0,,,,24133.0,21467.0,2666.0,0.12419061815810313,C:\Users\AVIV\gaba\gabay_pricing_core\tax_enriched_ashkelon_3room_36m.json,C:\Users\AVIV\gaba\gabay_pricing_core\special_unit_data_audit\sold_candidates.csv,11340312660,
same_address,garden,הרב יוסף שרביט 7,הרב יוסף שרביט 7,1197-87-83,2025-12-29,2025-12-28,1,3.0,3.0,75.0,75.0,0.0,,,1810000.0,,,,24133.0,24133.0,0.0,0.0,C:\Users\AVIV\gaba\gabay_pricing_core\tax_enriched_ashkelon_3room_36m.json,C:\Users\AVIV\gaba\gabay_pricing_core\special_unit_data_audit\sold_candidates.csv,11340312660,
same_address,garden,הרב יוסף שרביט 7,הרב יוסף שרביט 7,1197-87-83,2025-12-29,2025-06-29,183,3.0,3.0,75.0,75.0,0.0,,,1810000.0,,,,24133.0,21667.0,2466.0,0.11381363363640559,C:\Users\AVIV\gaba\gabay_pricing_core\tax_enriched_ashkelon_3room_36m.json,C:\Users\AVIV\gaba\gabay_pricing_core\special_unit_data_audit\sold_candidates.csv,11340312660,
same_address,garden,הרב יוסף שרביט 7,הרב יוסף שרביט 7,1197-87-83,2025-12-29,2025-06-28,184,3.0,3.0,75.0,75.0,0.0,,,1810000.0,,,,24133.0,21667.0,2466.0,0.11381363363640559,C:\Users\AVIV\gaba\gabay_pricing_core\tax_enriched_ashkelon_3room_36m.json,C:\Users\AVIV\gaba\gabay_pricing_core\special_unit_data_audit\sold_candidates.csv,11340312660,
same_address,garden,הרב יוסף שרביט 7,הרב יוסף שרביט 7,1197-87-83,2025-12-29,2026-07-07,190,3.0,3.0,75.0,75.0,0.0,,,1810000.0,1580000.0,230000.0,0.14556962025316456,24133.0,21067.0,3066.0,0.14553567190392558,C:\Users\AVIV\gaba\gabay_pricing_core\tax_enriched_ashkelon_3room_36m.json,C:\Users\AVIV\gaba\gabay_pricing_core\tax_enriched_ashkelon_3room_36m.json,11340312660,
same_address,garden,הרב יוסף שרביט 7,הרב יוסף שרביט 7,1197-87-83,2025-12-29,2026-06-01,154,3.0,3.0,75.0,75.0,0.0,,,1810000.0,1595000.0,215000.0,0.13479623824451412,24133.0,21267.0,2866.0,0.1347627780128838,C:\Users\AVIV\gaba\gabay_pricing_core\tax_enriched_ashkelon_3room_36m.json,C:\Users\AVIV\gaba\gabay_pricing_core\tax_enriched_ashkelon_3room_36m.json,11340312660,11352332250
same_address,garden,הרב יוסף שרביט 7,הרב יוסף שרביט 7,1197-87-83,2025-12-29,2026-06-01,154,3.0,3.0,75.0,75.0,0.0,,,1810000.0,1595000.0,215000.0,0.13479623824451412,24133.0,21267.0,2866.0,0.1347627780128838,C:\Users\AVIV\gaba\gabay_pricing_core\tax_enriched_ashkelon_3room_36m.json,C:\Users\AVIV\gaba\gabay_pricing_core\tax_enriched_ashkelon_3room_36m.json,11340312660,4971600
same_address,garden,הרב יוסף שרביט 7,הרב יוסף שרביט 7,1197-87-83,2025-12-29,2026-05-31,153,3.0,3.0,75.0,75.0,0.0,,,1810000.0,1595000.0,215000.0,0.13479623824451412,24133.0,21267.0,2866.0,0.1347627780128838,C:\Users\AVIV\gaba\gabay_pricing_core\tax_enriched_ashkelon_3room_36m.json,C:\Users\AVIV\gaba\gabay_pricing_core\tax_enriched_ashkelon_3room_36m.json,11340312660,4971600
same_address,garden,הרב יוסף שרביט 7,הרב יוסף שרביט 7,1197-87-83,2025-12-29,2026-04-28,120,3.0,3.0,75.0,75.0,0.0,,,1810000.0,1610000.0,200000.0,0.12422360248447205,24133.0,21467.0,2666.0,0.12419061815810313,C:\Users\AVIV\gaba\gabay_pricing_core\tax_enriched_ashkelon_3room_36m.json,C:\Users\AVIV\gaba\gabay_pricing_core\tax_enriched_ashkelon_3room_36m.json,11340312660,11352530278
same_address,garden,הרב יוסף שרביט 7,הרב יוסף שרביט 7,1197-87-83,2025-12-29,2026-04-05,97,3.0,3.0,75.0,75.0,0.0,,,1810000.0,1799000.0,11000.0,0.006114508060033352,24133.0,23987.0,146.0,0.006086630258056447,C:\Users\AVIV\gaba\gabay_pricing_core\tax_enriched_ashkelon_3room_36m.json,C:\Users\AVIV\gaba\gabay_pricing_core\tax_enriched_ashkelon_3room_36m.json,11340312660,11348918280
same_address,garden,הרב יוסף שרביט 7,הרב יוסף שרביט 7,1197-87-83,2025-12-29,2026-04-04,96,3.0,3.0,75.0,75.0,0.0,,,1810000.0,1799000.0,11000.0,0.006114508060033352,24133.0,23987.0,146.0,0.006086630258056447,C:\Users\AVIV\gaba\gabay_pricing_core\tax_enriched_ashkelon_3room_36m.json,C:\Users\AVIV\gaba\gabay_pricing_core\tax_enriched_ashkelon_3room_36m.json,11340312660,11352530234
same_address,garden,הרב יוסף שרביט 7,הרב יוסף שרביט 7,1197-87-83,2025-12-29,2026-03-25,86,3.0,3.0,75.0,75.0,0.0,,,1810000.0,1610000.0,200000.0,0.12422360248447205,24133.0,21467.0,2666.0,0.12419061815810313,C:\Users\AVIV\gaba\gabay_pricing_core\tax_enriched_ashkelon_3room_36m.json,C:\Users\AVIV\gaba\gabay_pricing_core\tax_enriched_ashkelon_3room_36m.json,11340312660,11347925490
same_address,garden,הרב יוסף שרביט 7,הרב יוסף שרביט 7,1197-87-83,2025-12-29,2025-12-28,1,3.0,3.0,75.0,75.0,0.0,,,1810000.0,1810000.0,0.0,0.0,24133.0,24133.0,0.0,0.0,C:\Users\AVIV\gaba\gabay_pricing_core\tax_enriched_ashkelon_3room_36m.json,C:\Users\AVIV\gaba\gabay_pricing_core\tax_enriched_ashkelon_3room_36m.json,11340312660,11352530288
same_address,garden,הרב יוסף שרביט 7,הרב יוסף שרביט 7,1197-87-83,2025-12-29,2025-06-29,183,3.0,3.0,75.0,75.0,0.0,,,1810000.0,1625000.0,185000.0,0.11384615384615385,24133.0,21667.0,2466.0,0.11381363363640559,C:\Users\AVIV\gaba\gabay_pricing_core\tax_enriched_ashkelon_3room_36m.json,C:\Users\AVIV\gaba\gabay_pricing_core\tax_enriched_ashkelon_3room_36m.json,11340312660,11268560430
same_address,garden,הרב יוסף שרביט 7,הרב יוסף שרביט 7,1197-87-83,2025-12-29,2025-06-29,183,3.0,3.0,75.0,75.0,0.0,,,1810000.0,1575000.0,235000.0,0.1492063492063492,24133.0,21000.0,3133.0,0.14919047619047618,C:\Users\AVIV\gaba\gabay_pricing_core\tax_enriched_ashkelon_3room_36m.json,C:\Users\AVIV\gaba\gabay_pricing_core\tax_enriched_ashkelon_3room_36m.json,11340312660,11267835120
same_address,garden,הרב יוסף שרביט 7,הרב יוסף שרביט 7,1197-87-83,2025-12-29,2025-06-28,184,3.0,3.0,75.0,75.0,0.0,,,1810000.0,1625000.0,185000.0,0.11384615384615385,24133.0,21667.0,2466.0,0.11381363363640559,C:\Users\AVIV\gaba\gabay_pricing_core\tax_enriched_ashkelon_3room_36m.json,C:\Users\AVIV\gaba\gabay_pricing_core\tax_enriched_ashkelon_3room_36m.json,11340312660,11352530280
same_address,garden,הרב יוסף שרביט 7,הרב יוסף שרביט 7,1197-87-83,2025-12-29,2025-06-28,184,3.0,3.0,75.0,75.0,0.0,,,1810000.0,1575000.0,235000.0,0.1492063492063492,24133.0,21000.0,3133.0,0.14919047619047618,C:\Users\AVIV\gaba\gabay_pricing_core\tax_enriched_ashkelon_3room_36m.json,C:\Users\AVIV\gaba\gabay_pricing_core\tax_enriched_ashkelon_3room_36m.json,11340312660,11352530282
